,Unnamed: 0.4,Unnamed: 0.3,Unnamed: 0.2,Unnamed: 0.1,Unnamed: 0,resnet18,resnet34,mobilenetv2,inceptionv3,googlenet,densenet121
0,0,0,0,0,0,-0.1066963,-0.9002654,-0.29364285,3.6512601,4.01269,-0.05716313
1,1,1,1,1,1,-0.08208927,-0.9277955,-0.28739476,3.6359332,4.2499537,-0.13623281
2,2,2,2,2,2,-0.109799765,-0.99235386,-0.33762392,3.5884142,4.6334887,-0.24131377
3,3,3,3,3,3,-0.066960394,-1.0974523,-0.34530094,3.622783,5.266289,-0.3191867
4,4,4,4,4,4,-0.057389807,-1.0698172,-0.37118548,3.6734262,5.2928877,-0.4969464
5,5,5,5,5,5,-0.02402775,-1.0526803,-0.31951454,3.727507,5.5861454,-0.4934504
6,6,6,6,6,6,-0.025095608,-0.9721145,-0.3067772,3.8215811,5.356719,-0.29719645
7,7,7,7,7,7,-0.01493805,-0.93666774,-0.32700425,3.8731866,5.321508,-0.30201003
8,8,8,8,8,8,-0.014064426,-0.9363286,-0.34092537,3.8297079,5.1033893,-0.24511585
9,9,9,9,9,9,-0.008579144,-0.8658912,-0.26002786,3.7949357,5.0322657,-0.18754546
10,10,10,10,10,10,-0.0007009481,-0.81707156,-0.30131274,3.8290927,5.2063174,-0.111526094
11,11,11,11,11,11,0.0184874,-0.7657032,-0.23649846,3.895226,5.313809,-0.09923923
12,12,12,12,12,12,0.056026973,-0.6660819,-0.26335245,3.9338682,5.4143147,0.0576374
13,13,13,13,13,13,0.111239016,-0.6369757,-0.17433539,3.8199546,5.6463614,0.03389524
14,14,14,14,14,14,0.15899292,-0.56636995,-0.11585403,3.7958212,5.504672,0.2305716
15,15,15,15,15,15,0.16557424,-0.6014167,-0.050162934,3.7082093,5.5441465,0.1572429
16,16,16,16,16,16,0.17291819,-0.63834774,-0.037094757,3.6112916,5.702178,0.16974854
17,17,17,17,17,17,0.17806558,-0.6151569,0.06440516,3.6267197,5.847333,0.23596488
18,18,18,18,18,18,0.19027284,-0.5942926,0.07388594,3.665398,5.860751,0.1950608
19,19,19,19,19,19,0.19761764,-0.6228061,0.10619252,3.6906388,5.9018917,0.26955128
20,20,20,20,20,20,0.20369673,-0.52572435,0.1462756,3.5719774,6.163785,0.33447477
21,21,21,21,21,21,0.20557801,-0.5373406,0.22852238,3.3971596,6.2328663,0.38543758
22,22,22,22,22,22,0.22307567,-0.4299384,0.1893745,3.387676,6.237067,0.46351242
23,23,23,23,23,23,0.23184948,-0.39213842,0.23403706,3.4050992,6.3633723,0.47795334
24,24,24,24,24,24,0.22804314,-0.37638694,0.17512049,3.2862923,6.397329,0.4794914
25,25,25,25,25,25,0.23322874,-0.36200982,0.19594729,3.2871048,6.4287734,0.5013137
26,26,26,26,26,26,0.22400223,-0.34115726,0.20713268,3.46445,6.4504576,0.50747514
27,27,27,27,27,27,0.24364372,-0.32643265,0.2971597,3.5760303,6.507769,0.49915957
28,28,28,28,28,28,0.24456067,-0.31302926,0.2527815,3.5786765,6.5822644,0.52881455
29,29,29,29,29,29,0.23646028,-0.33922687,0.29169884,3.5776544,6.696198,0.52321553
30,30,30,30,30,30,0.2392026,-0.32001525,0.2984057,3.5218055,6.672658,0.5475698
31,31,31,31,31,31,0.25381196,-0.32615346,0.32891127,3.5186896,6.735754,0.526602
32,32,32,32,32,32,0.25010422,-0.3224052,0.37458894,3.530897,6.7995667,0.5409924
33,33,33,33,33,33,0.26448306,-0.3054388,0.38362443,3.3774505,6.795841,0.54688555
34,34,34,34,34,34,0.2935568,-0.280518,0.35884055,3.355611,6.7797093,0.5580179
35,35,35,35,35,35,0.3364282,-0.2840601,0.43695208,3.464788,6.861732,0.5693515
36,36,36,36,36,36,0.37367514,-0.25887653,0.49270427,3.5039463,6.8408885,0.59184635
37,37,37,37,37,37,0.39569184,-0.28280056,0.5467189,3.526615,6.9359007,0.59158504
38,38,38,38,38,38,0.43029997,-0.22952466,0.5756072,3.5529191,7.011178,0.63574415
39,39,39,39,39,39,0.44194287,-0.24278077,0.60713917,3.6232107,7.042903,0.6226562
40,40,40,40,40,40,0.44684055,-0.27212453,0.64594746,3.6831064,7.151628,0.6246688
41,41,41,41,41,41,0.47589895,-0.27974382,0.70615107,3.644256,7.2299333,0.64858407
42,42,42,42,42,42,0.5160406,-0.2786766,0.7200471,3.5691874,7.2664204,0.66361344
43,43,43,43,43,43,0.50745696,-0.29342428,0.7670975,3.6080651,7.287512,0.68248504
44,44,44,44,44,44,0.50489825,-0.26763326,0.7880283,3.6605244,7.267652,0.7154928
45,45,45,45,45,45,0.5051783,-0.27917564,0.7890068,3.7875607,7.365536,0.7279752
46,46,46,46,46,46,0.50145966,-0.22413585,0.7920661,3.8315516,7.325064,0.755577
47,47,47,47,47,47,0.5130906,-0.20483737,0.7404515,3.779327,7.3697147,0.76781225
48,48,48,48,48,48,0.5052805,-0.17785321,0.6708296,3.7636416,7.3424683,0.7793049
49,49,49,49,49,49,0.5252381,-0.15691398,0.6509643,3.6869035,7.3545356,0.7990945
50,50,50,50,50,50,0.51342505,-0.11312244,0.6223968,3.583097,7.392048,0.8261826
51,51,51,51,51,51,0.49835747,-0.109337024,0.60920954,3.5092661,7.4639106,0.86943716
52,52,52,52,52,52,0.5316228,-0.07224782,0.7099587,3.5438964,7.470938,0.91506684
53,53,53,53,53,53,0.54652566,-0.06165825,0.7090046,3.5761192,7.5596027,0.9325233
54,54,54,54,54,54,0.57523894,0.003487025,0.75159746,3.5872974,7.522418,1.0104935
55,55,55,55,55,55,0.56998867,-0.021301866,0.8656458,3.6303012,7.5481315,1.0156645
56,56,56,56,56,56,0.583061,-0.042877577,0.87981707,3.5456007,7.5457425,1.0341315
57,57,57,57,57,57,0.6526634,-0.004392025,1.0004511,3.576156,7.628198,1.0817412
58,58,58,58,58,58,0.65592414,0.022894045,1.05858,3.5699532,7.589729,1.1203223
59,59,59,59,59,59,0.6715527,0.035266187,1.1100159,3.7051094,7.6129713,1.1921782
60,60,60,60,60,60,0.6985787,0.11366352,1.1269976,3.631743,7.695118,1.2423644
61,61,61,61,61,61,0.6957286,0.08534705,1.0745806,3.5786352,7.8283596,1.2420917
62,62,62,62,62,62,0.73361415,0.20283547,1.0802675,3.4705243,7.78079,1.2923443
63,63,63,63,63,63,0.7743451,0.20499659,1.1304244,3.480058,7.782824,1.294562
64,64,64,64,64,64,0.80482334,0.21777374,1.1705475,3.4835982,7.896481,1.3117672
65,65,65,65,65,65,0.858086,0.28684145,1.2149888,3.4726877,7.887152,1.309967
66,66,66,66,66,66,0.8856727,0.33647335,1.2734978,3.4862711,7.970175,1.3468578
67,67,67,67,67,67,0.91442037,0.3934209,1.3584659,3.56587,8.113594,1.3752841
68,68,68,68,68,68,0.9829666,0.5073665,1.438985,3.582201,8.210131,1.480922
69,69,69,69,69,69,1.0170021,0.48677433,1.4849697,3.681514,8.344611,1.5000597
70,70,70,70,70,70,1.0670704,0.5853948,1.5435685,3.5851226,8.322933,1.5895169
71,71,71,71,71,71,1.1042565,0.62887704,1.5383991,3.5140994,8.393332,1.6324147
72,72,72,72,72,72,1.1723161,0.6470068,1.604463,3.5933106,8.507887,1.6685046
73,73,73,73,73,73,1.2415873,0.7329435,1.5127803,3.707318,8.669274,1.6839148
74,74,74,74,74,74,1.2974789,0.8073354,1.5045333,3.652115,8.730287,1.7422147
75,75,75,75,75,75,1.4177246,0.85796875,1.5135164,3.822006,8.741615,1.7541897
76,76,76,76,76,76,1.5152533,0.8952666,1.6037945,3.7179365,8.668846,1.8272121
77,77,77,77,77,77,1.6016076,0.85181373,1.7000395,3.6543534,8.7267885,1.9245995
78,78,78,78,78,78,1.7084355,0.93385684,1.7326136,3.8091605,8.762866,2.0091863
79,79,79,79,79,79,1.7824795,0.90506595,1.8556458,4.0077505,8.946755,2.0833168
80,80,80,80,80,80,1.7959337,0.94206935,2.0751464,4.2416162,8.97404,2.1636343
81,81,81,81,81,81,1.8744274,0.99680275,2.0061405,4.2401443,9.020543,2.207695
82,82,82,82,82,82,1.8820726,1.0178633,2.1454077,4.1362653,8.802753,2.2871933
83,83,83,83,83,83,1.9524274,1.0663384,2.2012844,4.435532,8.89384,2.3639915
84,84,84,84,84,84,2.0137186,1.1972313,2.3531854,4.589171,8.680145,2.4552212
85,85,85,85,85,85,2.0945504,1.2082545,2.3067596,4.5331235,8.723902,2.4947302
86,86,86,86,86,86,2.175489,1.3358685,2.4957662,4.6011033,8.686544,2.6076944
87,87,87,87,87,87,2.247751,1.3279976,2.290854,4.6298246,8.452366,2.6681352
88,88,88,88,88,88,2.3007264,1.3603369,2.242209,4.7901797,8.39737,2.735321
89,89,89,89,89,89,2.3939667,1.3423272,2.6539428,4.8842936,8.331903,2.7777302
90,90,90,90,90,90,2.402843,1.3816758,2.8733766,4.8970237,8.264039,2.8826761
91,91,91,91,91,91,2.5213733,1.3851042,3.1219897,4.87504,8.293212,2.9644394
92,92,92,92,92,92,2.6279979,1.4446718,3.151371,5.034066,8.02821,3.131302
93,93,93,93,93,93,2.7197514,1.4161639,3.3222067,5.0372434,8.030461,3.1409318
94,94,94,94,94,94,2.801323,1.5336865,3.3267562,5.083488,7.7206516,3.2570524
95,95,95,95,95,95,2.8204527,1.5520658,3.3836517,5.0950456,7.499401,3.3756723
96,96,96,96,96,96,2.8273494,1.5471,3.4332938,5.1723175,7.3182135,3.4617417
97,97,97,97,97,97,2.95493,1.5877211,3.4821177,5.2187285,7.1330743,3.6854782
98,98,98,98,98,98,3.0163996,1.667768,3.5619824,5.173698,6.712155,3.7475948
99,99,99,99,99,99,3.0756469,1.6871883,3.579159,5.204886,6.446668,3.96865
100,100,100,100,100,100,3.1813354,1.7868735,3.6112673,5.238533,6.1335454,4.0651164
101,101,101,101,101,101,3.2123568,1.838595,3.6880014,5.18354,6.027332,4.1698995
102,102,102,102,102,102,3.337558,1.9721305,3.8239853,5.1593285,6.007883,4.288045
103,103,103,103,103,103,3.383499,1.9653149,3.8862443,5.3249393,6.1089296,4.3974495
104,104,104,104,104,104,3.4203634,2.0145009,3.9185612,5.502293,5.9782314,4.523669
105,105,105,105,105,105,3.5545938,2.0733943,3.916691,5.3974085,6.0523505,4.6036267
106,106,106,106,106,106,3.6319818,2.2045872,3.9168634,5.445241,6.082812,4.7147045
107,107,107,107,107,107,3.7956452,2.1856577,4.0126963,5.423576,6.2299776,4.7814116
108,108,108,108,108,108,3.960275,2.3949084,4.26991,5.3170743,6.554002,4.824497
109,109,109,109,109,109,4.037625,2.3711379,4.2465386,5.316927,6.773363,4.9625554
110,110,110,110,110,110,4.2324376,2.55145,4.4292855,5.3891296,6.888434,4.9714336
111,111,111,111,111,111,4.253388,2.6232622,4.3569393,5.575752,6.8451896,4.964694
112,112,112,112,112,112,4.352672,2.7041528,4.323915,5.5497975,6.9240694,4.989544
113,113,113,113,113,113,4.4843674,2.84066,4.6348376,5.4755683,7.0118375,5.1292214
114,114,114,114,114,114,4.5589514,2.9813833,5.0188336,5.449509,7.17147,5.1418867
115,115,115,115,115,115,4.6892138,3.0505137,5.1100297,5.4347954,7.150744,5.2958317
116,116,116,116,116,116,4.8862476,3.1580365,5.3392997,5.864852,7.204022,5.2867875
117,117,117,117,117,117,4.948392,3.0856786,5.545944,6.256245,7.326357,5.3219886
118,118,118,118,118,118,5.0994864,3.1559343,5.6623797,6.3918796,7.301284,5.353814
119,119,119,119,119,119,5.128862,3.201103,5.7633996,6.4681053,7.4285226,5.5599003
120,120,120,120,120,120,5.1826825,3.3473313,5.9896207,6.3944654,7.3040056,5.7228713
121,121,121,121,121,121,5.294012,3.390198,6.1695204,6.4717383,7.4129815,5.896073
122,122,122,122,122,122,5.3348446,3.4745283,6.2274537,6.514979,7.4725986,5.88891
123,123,123,123,123,123,5.4003077,3.6600227,6.5147743,6.986166,7.575661,5.8173976
124,124,124,124,124,124,5.491409,3.9342933,6.561443,6.982978,7.6214194,5.8153095
125,125,125,125,125,125,5.6088247,3.9859786,6.7608337,7.0813136,7.62976,5.8887
126,126,126,126,126,126,5.678781,4.1510406,6.845793,6.998301,7.8011856,6.0381384
127,127,127,127,127,127,5.801923,4.219468,6.8672295,6.975572,7.8605723,6.14305
128,128,128,128,128,128,6.0102367,4.4197297,6.7030544,6.794398,8.119445,6.18189
129,129,129,129,129,129,6.1641464,4.541914,6.677227,7.140721,8.310531,6.335072
130,130,130,130,130,130,6.2858033,4.7586174,6.681613,6.957987,8.4449415,6.4872565
131,131,131,131,131,131,6.3887453,4.8419023,6.6659174,7.0413885,8.5345125,6.640261
132,132,132,132,132,132,6.5091095,5.0081005,6.637162,7.237621,8.693303,6.771496
133,133,133,133,133,133,6.61709,5.072659,6.7912946,7.038975,8.757868,6.777526
134,134,134,134,134,134,6.7501116,5.2513623,6.7058215,6.7817936,8.873206,6.933007
135,135,135,135,135,135,6.8817115,5.363389,6.75017,6.9271493,9.053389,7.1000643
136,136,136,136,136,136,7.0168076,5.471408,6.827245,6.8420954,9.190197,7.2671432
137,137,137,137,137,137,7.126525,5.578864,6.9097953,6.7876616,9.2513895,7.251179
138,138,138,138,138,138,7.275341,5.827298,7.020004,6.9328322,9.28404,7.3648953
139,139,139,139,139,139,7.3328266,5.966097,7.1503954,7.0678716,9.369168,7.3937545
140,140,140,140,140,140,7.4681745,6.055638,7.3682427,6.9763,9.429305,7.3909063
141,141,141,141,141,141,7.5679207,6.0659657,7.552226,7.104094,9.408277,7.4970493
142,142,142,142,142,142,7.6393075,6.2367206,7.877238,7.2102075,9.307048,7.4482064
143,143,143,143,143,143,7.6858687,6.3031588,7.835537,7.2033715,9.30611,7.5550065
144,144,144,144,144,144,7.7522583,6.3773394,8.033989,7.4089694,9.116138,7.588717
145,145,145,145,145,145,7.8363132,6.4000278,7.9790463,7.2215033,8.885008,7.6546607
146,146,146,146,146,146,7.939901,6.491647,8.179123,7.3242846,9.078217,7.834387
147,147,147,147,147,147,8.033815,6.4994063,8.265671,7.1410503,9.344165,7.869605
148,148,148,148,148,148,8.089248,6.600866,8.449095,7.640772,9.12401,7.985351
149,149,149,149,149,149,8.157412,6.6814394,8.590374,7.883964,9.715947,8.001066
150,150,150,150,150,150,8.189509,6.7343497,8.88615,7.8608985,9.72012,8.072603
151,151,151,151,151,151,8.2746935,6.799862,8.828013,7.9159145,9.258706,8.104564
152,152,152,152,152,152,8.325818,6.8330846,8.90276,7.9282093,9.718279,8.057901
153,153,153,153,153,153,8.41405,6.917838,9.020705,7.877014,9.656757,8.036488
154,154,154,154,154,154,8.543717,7.071779,9.142756,7.684389,9.411778,8.077601
155,155,155,155,155,155,8.650912,7.058884,9.280927,7.7347045,9.691434,8.220619
156,156,156,156,156,156,8.7520075,7.113708,9.12516,7.741608,9.676439,8.309459
157,157,157,157,157,157,8.805526,7.100325,8.951281,7.759435,9.689152,8.35789
158,158,158,158,158,158,8.867234,7.1217875,9.245153,7.982749,9.929855,8.480863
159,159,159,159,159,159,8.952596,7.1594963,9.057857,8.027169,10.056068,8.649454
160,160,160,160,160,160,9.028732,7.2413235,9.217498,8.217872,10.188452,8.814058
161,161,161,161,161,161,9.064956,7.2722354,9.348839,8.07645,10.3145,8.941643
162,162,162,162,162,162,9.080364,7.364956,9.393688,8.461938,10.302935,9.053761
163,163,163,163,163,163,9.123039,7.3573613,9.452817,8.292124,9.9017725,9.087731
164,164,164,164,164,164,9.196623,7.4697385,9.411483,8.289979,10.057089,9.094258
165,165,165,165,165,165,9.267632,7.4515038,9.362504,8.118917,10.078456,9.111781
166,166,166,166,166,166,9.291933,7.5203676,9.49218,7.9525995,9.609662,9.264808
167,167,167,167,167,167,9.32348,7.531243,9.620498,7.549394,8.693511,9.34419
168,168,168,168,168,168,9.427925,7.628064,9.785609,7.324941,9.612515,9.538674
169,169,169,169,169,169,9.499133,7.6525145,9.7095785,7.3413677,9.622747,9.573987
170,170,170,170,170,170,9.568577,7.742679,9.556354,7.34365,9.377314,9.654326
171,171,171,171,171,171,9.646921,7.803238,9.712778,7.546571,8.93637,9.714086
172,172,172,172,172,172,9.721858,7.8434258,9.755948,7.601915,9.532366,9.700835
173,173,173,173,173,173,9.751894,7.8566875,9.480547,7.575616,9.578187,9.71323
174,174,174,174,174,174,9.749413,7.9676595,9.335005,7.671195,9.364454,9.79106
175,175,175,175,175,175,9.787818,8.004382,9.332035,7.642791,9.770515,9.68461
176,176,176,176,176,176,9.835402,8.06023,9.51142,7.6918035,9.708544,9.82357
177,177,177,177,177,177,9.848836,8.091743,9.3384695,7.3362765,9.584368,9.677692
178,178,178,178,178,178,9.825431,8.141829,9.364588,7.654355,9.969067,9.745843
179,179,179,179,179,179,9.839905,8.146586,9.0741415,7.8402543,9.671347,9.702183
180,180,180,180,180,180,9.829483,8.1781225,9.174091,7.8083034,9.502717,9.706422
181,181,181,181,181,181,9.856979,8.162452,9.263719,7.858045,9.1394205,9.722337
182,182,182,182,182,182,9.894272,8.227502,9.291266,7.701861,9.399614,9.777605
183,183,183,183,183,183,9.894046,8.270969,9.156952,7.684595,9.176923,9.696921
184,184,184,184,184,184,9.91889,8.350553,9.318802,7.528718,9.093279,9.72225
185,185,185,185,185,185,9.952579,8.375225,9.513612,7.5363355,9.358834,9.685107
186,186,186,186,186,186,9.9879465,8.404096,9.523973,7.397096,9.474611,9.79948
187,187,187,187,187,187,9.980812,8.430009,9.709991,7.324061,9.560599,9.904414
188,188,188,188,188,188,10.0119,8.499932,9.527968,7.4002714,9.918498,9.884971
189,189,189,189,189,189,10.02912,8.485267,9.728912,6.869929,9.830309,9.916331
190,190,190,190,190,190,10.0651,8.526262,9.877041,7.071015,9.361619,9.985415
191,191,191,191,191,191,10.093918,8.537947,9.531467,6.6592,9.468316,10.104183
192,192,192,192,192,192,10.140639,8.481731,9.409031,6.7541833,9.581111,10.081262
193,193,193,193,193,193,10.187755,8.478678,9.45613,6.596038,9.51848,10.206667
194,194,194,194,194,194,10.219633,8.525116,9.385078,6.761812,9.495478,10.235133
195,195,195,195,195,195,10.278061,8.549363,9.539218,6.9905047,9.479172,10.32088
196,196,196,196,196,196,10.316886,8.565292,9.414727,6.987343,9.703231,10.342883
197,197,197,197,197,197,10.375235,8.509596,9.427186,7.031961,9.860369,10.386374
198,198,198,198,198,198,10.356479,8.500719,9.322056,7.020275,9.900658,10.342812
199,199,199,199,199,199,10.3252325,8.522129,9.350193,6.9881473,9.843048,10.288271
200,200,200,200,200,200,10.327199,8.54008,9.291611,6.902185,9.753311,10.246716
201,201,201,201,201,201,10.293344,8.541719,9.22109,6.9984617,9.813588,10.235166
202,202,202,202,202,202,10.263673,8.559966,9.198906,7.0225306,9.967666,10.116195
203,203,203,203,203,203,10.288927,8.56674,9.131978,7.207637,9.774831,10.14031
204,204,204,204,204,204,10.302355,8.584355,9.134283,7.119166,9.647287,10.112207
205,205,205,205,205,205,10.290321,8.612231,9.281668,7.532042,9.660728,10.165141
206,206,206,206,206,206,10.243398,8.612521,9.201726,7.6811996,9.86845,10.105643
207,207,207,207,207,207,10.226282,8.691907,9.286436,7.5581503,9.844695,10.094186
208,208,208,208,208,208,10.226484,8.734553,9.222485,7.2120767,9.732096,10.111801
209,209,209,209,209,209,10.210954,8.719001,9.330007,7.493779,10.070374,10.084122
210,210,210,210,210,210,10.243766,8.6805725,9.1975,7.3372655,9.784389,10.072717
211,211,211,211,211,211,10.213352,8.705067,9.115402,7.2034655,9.888003,10.11783
212,212,212,212,212,212,10.235752,8.691594,9.132455,7.312909,9.9818325,10.140887
213,213,213,213,213,213,10.232945,8.680981,9.309977,7.485275,9.741296,10.122702
214,214,214,214,214,214,10.169787,8.730259,9.050701,7.375237,9.541755,10.117803
215,215,215,215,215,215,10.141933,8.718339,9.185462,7.6307297,9.728182,10.160963
216,216,216,216,216,216,10.171173,8.714244,9.149752,7.359023,9.466053,10.116611
217,217,217,217,217,217,10.194088,8.718121,9.234114,7.502124,9.396584,10.144468
218,218,218,218,218,218,10.219181,8.750919,9.219794,7.875614,9.772956,10.184237
219,219,219,219,219,219,10.177633,8.778495,9.145819,7.7512107,9.849046,10.190514
220,220,220,220,220,220,10.194855,8.678445,9.007386,7.8624644,9.837451,10.21702
221,221,221,221,221,221,10.208675,8.633817,9.041155,7.627255,9.641757,10.198465
222,222,222,222,222,222,10.186034,8.637598,8.982968,7.610929,9.895999,10.193925
223,223,223,223,223,223,10.146155,8.673887,9.024263,7.682975,9.861557,10.222532
224,224,224,224,224,224,10.124372,8.674685,9.096273,7.5013504,9.756057,10.176942
225,225,225,225,225,225,10.138206,8.649074,8.9912,7.576238,9.7929125,10.24894
226,226,226,226,226,226,10.119553,8.644603,8.913102,7.3298573,9.889986,10.251712
227,227,227,227,227,227,10.093258,8.669575,8.981957,7.6482506,9.8984165,10.308233
228,228,228,228,228,228,10.114389,8.685426,8.913842,7.4885817,9.816772,10.312682
229,229,229,229,229,229,10.127333,8.665571,8.934729,7.796843,9.81988,10.349947
230,230,230,230,230,230,10.090137,8.634183,8.97534,7.4523044,9.572371,10.287027
231,231,231,231,231,231,10.043103,8.651213,8.984863,7.518979,9.365946,10.258125
232,232,232,232,232,232,10.01921,8.66694,9.060199,7.4377112,9.583914,10.204511
233,233,233,233,233,233,10.030726,8.717092,8.998578,7.5841084,9.4649935,10.230342
234,234,234,234,234,234,10.0405445,8.664648,8.924916,7.2310767,9.538795,10.171442
235,235,235,235,235,235,10.019072,8.63919,8.931865,7.288609,9.432742,10.199724
236,236,236,236,236,236,10.022815,8.614275,8.955349,7.2783194,9.208528,10.186407
237,237,237,237,237,237,9.998667,8.56979,8.8837185,7.440672,9.003449,10.293196
238,238,238,238,238,238,9.967986,8.580948,8.8787,7.1193748,9.016493,10.216059
239,239,239,239,239,239,9.948666,8.538798,8.95457,7.077965,9.053676,10.239882
240,240,240,240,240,240,9.902744,8.52797,8.89952,6.892973,8.921947,10.1811905
241,241,241,241,241,241,9.908296,8.499867,8.896341,7.065315,8.875484,10.209626
242,242,242,242,242,242,9.920014,8.530422,8.828646,7.133028,8.827985,10.127068
243,243,243,243,243,243,9.922756,8.532933,8.840484,7.096586,8.907713,10.235632
244,244,244,244,244,244,9.86418,8.513677,8.704495,7.1154785,8.965428,10.178672
245,245,245,245,245,245,9.8558035,8.482312,8.790828,6.986964,8.83813,10.196704
246,246,246,246,246,246,9.849479,8.519267,8.713899,6.9906754,8.708661,10.141393
247,247,247,247,247,247,9.816471,8.472619,8.642844,6.785387,8.612325,10.156317
248,248,248,248,248,248,9.819719,8.450637,8.694338,6.678047,8.495967,10.021282
249,249,249,249,249,249,9.822078,8.394435,8.589284,6.5873227,8.366639,10.085552
250,250,250,250,250,250,9.822463,8.441471,8.5853815,6.507354,8.230283,10.04192
251,251,251,251,251,251,9.811194,8.448038,8.622476,6.6674542,8.185716,10.155576
252,252,252,252,252,252,9.788723,8.433765,8.630307,6.4959836,8.653867,10.025653
253,253,253,253,253,253,9.756672,8.4355545,8.640524,6.6264067,8.633338,10.0790825
254,254,254,254,254,254,9.727906,8.427674,8.6310625,6.841028,8.794106,10.004559
255,255,255,255,255,255,9.722197,8.409614,8.651191,6.68356,8.593415,10.074735
256,256,256,256,256,256,9.723956,8.414107,8.657749,6.628287,8.503387,10.042169
257,257,257,257,257,257,9.701723,8.382102,8.638176,6.6255093,8.641684,10.077184
258,258,258,258,258,258,9.7106085,8.352468,8.528529,6.34578,8.685053,9.934416
259,259,259,259,259,259,9.662135,8.35716,8.506858,6.5650706,8.708848,9.905905
260,260,260,260,260,260,9.642932,8.313595,8.5348425,6.4792213,8.7211075,9.979056
261,261,261,261,261,261,9.637435,8.327462,8.546758,6.3044724,8.574736,9.940477
262,262,262,262,262,262,9.575243,8.34216,8.455593,6.473248,8.689305,9.959421
263,263,263,263,263,263,9.53776,8.328348,8.483274,6.4215794,8.73585,9.974697
264,264,264,264,264,264,9.518751,8.346021,8.494941,6.4518375,8.692833,9.936116
265,265,265,265,265,265,9.511825,8.367077,8.550837,6.3845105,8.795087,9.940622
266,266,266,266,266,266,9.509505,8.321782,8.546956,6.3595304,8.988824,9.957872
267,267,267,267,267,267,9.502285,8.354834,8.520001,6.542657,9.069572,9.930839
268,268,268,268,268,268,9.496225,8.372362,8.562856,6.441194,9.159708,9.918079
269,269,269,269,269,269,9.488065,8.337256,8.502527,6.487918,9.315965,9.9734745
270,270,270,270,270,270,9.49207,8.331077,8.448531,6.633709,9.379011,10.018951
271,271,271,271,271,271,9.480592,8.326773,8.486517,6.430631,9.440421,10.008409
272,272,272,272,272,272,9.5072365,8.27848,8.506329,6.4661036,9.444251,9.928653
273,273,273,273,273,273,9.502493,8.238583,8.445663,6.391801,9.235811,10.039118
274,274,274,274,274,274,9.521241,8.208637,8.546568,6.188882,9.247228,10.130435
275,275,275,275,275,275,9.480008,8.225435,8.561699,6.662857,8.953009,10.063887
276,276,276,276,276,276,9.443124,8.244033,8.606301,6.451135,9.142761,10.032122
277,277,277,277,277,277,9.476985,8.258963,8.606901,6.581077,9.01905,10.059989
278,278,278,278,278,278,9.477967,8.26997,8.542721,6.417545,9.048757,10.04219
279,279,279,279,279,279,9.486106,8.291867,8.4978895,6.4146605,9.07593,9.989998
280,280,280,280,280,280,9.496599,8.262486,8.511684,6.6178026,8.809415,10.118431
281,281,281,281,281,281,9.460783,8.274119,8.462791,6.39139,9.022314,10.054887
282,282,282,282,282,282,9.452645,8.302665,8.515818,6.5373898,8.882795,10.03401
283,283,283,283,283,283,9.49425,8.323726,8.547553,6.60184,8.808701,9.9296875
284,284,284,284,284,284,9.512458,8.248143,8.611672,6.4470024,8.302228,10.143246
285,285,285,285,285,285,9.528254,8.168054,8.494452,6.5064797,8.332221,10.027391
286,286,286,286,286,286,9.500087,8.187025,8.529537,6.5867014,8.452003,10.093138
287,287,287,287,287,287,9.53457,8.249301,8.575405,6.7235985,8.534279,10.1198635
288,288,288,288,288,288,9.543166,8.234492,8.665659,6.37727,8.364045,10.142306
289,289,289,289,289,289,9.567687,8.229485,8.640098,6.4110456,7.8766003,10.12114
290,290,290,290,290,290,9.529409,8.216123,8.580768,6.326218,7.957058,10.140959
291,291,291,291,291,291,9.552933,8.170259,8.545114,6.1161385,7.969769,10.091769
292,292,292,292,292,292,9.539847,8.182752,8.514902,6.0062237,7.7293825,10.242222
293,293,293,293,293,293,9.556857,8.218414,8.552004,6.042092,7.8385706,10.122585
294,294,294,294,294,294,9.558998,8.213643,8.685109,6.081434,7.558117,10.197536
295,295,295,295,295,295,9.551386,8.200961,8.582709,6.3134775,7.7542777,10.252687
296,296,296,296,296,296,9.544767,8.181941,8.626737,6.333402,7.8504524,10.306234
297,297,297,297,297,297,9.548712,8.214391,8.700714,6.395017,7.8801494,10.29373
298,298,298,298,298,298,9.544723,8.220514,8.727938,6.425573,7.7461863,10.211166
299,299,299,299,299,299,9.5455265,8.205558,8.715481,6.420321,7.780584,10.202496
300,300,300,300,300,300,9.5184965,8.249932,8.771619,6.2722163,7.7376885,10.145895
301,301,301,301,301,301,9.5257225,8.236006,8.814811,6.118011,7.2603607,10.201111
302,302,302,302,302,302,9.49377,8.27303,8.741928,6.0041375,7.4045506,10.11776
303,303,303,303,303,303,9.519074,8.302706,8.625558,5.8940463,7.605183,10.171302
304,304,304,304,304,304,9.532999,8.339695,8.838781,6.0979543,7.576291,10.197368
305,305,305,305,305,305,9.503832,8.325894,8.77973,6.079238,7.285595,10.124397
306,306,306,306,306,306,9.540953,8.325099,8.838805,6.079881,7.3716307,10.1889715
307,307,307,307,307,307,9.5161705,8.31526,8.771321,5.9128494,7.409417,10.191438
308,308,308,308,308,308,9.571205,8.313016,8.724078,6.0578084,7.9703574,10.201242
309,309,309,309,309,309,9.584595,8.428029,8.806406,6.2625146,8.122492,10.211071
310,310,310,310,310,310,9.595805,8.512372,8.958279,6.0650115,7.965373,10.283254
311,311,311,311,311,311,9.624792,8.591987,8.933177,6.11673,8.07311,10.267908
312,312,312,312,312,312,9.638097,8.677502,8.862797,6.041489,8.257695,10.318718
313,313,313,313,313,313,9.687336,8.735576,8.920187,6.2575154,8.505971,10.271256
314,314,314,314,314,314,9.680558,8.7348795,8.948282,6.0200777,8.401517,10.223596
315,315,315,315,315,315,9.690565,8.729449,8.863343,5.936367,7.935175,10.22844
316,316,316,316,316,316,9.721569,8.7400875,8.8226795,6.037957,8.279822,10.128238
317,317,317,317,317,317,9.76459,8.767772,9.003956,6.275392,8.357512,10.1247
318,318,318,318,318,318,9.796819,8.791355,9.043197,6.3886747,8.250504,10.185521
319,319,319,319,319,319,9.86671,8.771938,9.055954,6.301258,7.996402,10.179091
320,320,320,320,320,320,9.864782,8.7969265,9.12791,6.3718157,7.9049377,10.179292
321,321,321,321,321,321,9.926229,8.805664,9.044317,6.465072,8.02877,10.22398
322,322,322,322,322,322,9.916227,8.845947,8.991691,6.5170803,7.723366,10.271532
323,323,323,323,323,323,9.887187,8.858021,9.066791,6.25932,7.797588,10.241112
324,324,324,324,324,324,9.87449,8.745294,9.09107,6.1408587,8.026745,10.228573
325,325,325,325,325,325,9.850389,8.746895,9.008234,6.243352,8.2690735,10.15604
326,326,326,326,326,326,9.829356,8.787197,8.97707,6.140244,8.074298,10.148571
327,327,327,327,327,327,9.828564,8.823291,9.031381,5.9926276,7.923275,10.162126
328,328,328,328,328,328,9.818538,8.843854,8.919874,5.621928,7.7763457,10.244881
329,329,329,329,329,329,9.824771,8.821629,8.882404,5.818468,7.90478,10.406148
330,330,330,330,330,330,9.800992,8.8724,8.847925,6.071167,8.152054,10.386504
331,331,331,331,331,331,9.842277,8.836681,8.914613,5.9887676,7.968234,10.324392
332,332,332,332,332,332,9.791871,8.8564825,8.852502,5.7307167,8.326191,10.394825
333,333,333,333,333,333,9.769684,8.8956175,8.878815,5.80284,8.553377,10.342417
334,334,334,334,334,334,9.816242,8.776257,8.883271,5.812541,8.627752,10.285061
335,335,335,335,335,335,9.782064,8.573168,8.794774,6.0209837,9.210451,10.241751
336,336,336,336,336,336,9.830158,8.61713,8.824927,6.0247617,9.265946,10.2281885
337,337,337,337,337,337,9.791319,8.58657,8.824337,5.971651,9.122412,10.104708
338,338,338,338,338,338,9.769473,8.638244,8.780295,6.193687,9.134669,10.150878
339,339,339,339,339,339,9.753806,8.72127,8.711716,6.1715,9.304808,10.02773
340,340,340,340,340,340,9.707759,8.659765,8.811298,5.9390473,9.367831,10.026263
341,341,341,341,341,341,9.691425,8.681227,8.851888,6.0561876,9.4669895,9.996777
342,342,342,342,342,342,9.666084,8.677507,8.834016,5.966432,9.228591,10.002709
343,343,343,343,343,343,9.636173,8.629121,8.873264,5.880965,9.066355,9.960215
344,344,344,344,344,344,9.595408,8.648467,8.857896,5.6879125,8.825706,9.975643
345,345,345,345,345,345,9.561075,8.661438,8.94079,5.5744286,9.08741,9.876877
346,346,346,346,346,346,9.539663,8.5516615,8.923759,5.8273563,8.950829,9.837501
347,347,347,347,347,347,9.517024,8.458458,8.841,6.055019,8.918639,9.911461
348,348,348,348,348,348,9.509721,8.468353,8.770153,6.3757896,8.74634,9.8671875
349,349,349,349,349,349,9.524896,8.358826,8.695025,6.3410907,9.122104,9.864017
350,350,350,350,350,350,9.507245,8.342833,8.710911,5.963684,9.144052,9.89248
351,351,351,351,351,351,9.480394,8.269151,8.4709015,6.323025,8.855898,9.859975
352,352,352,352,352,352,9.434254,8.201841,8.459721,6.164449,8.85945,9.856996
353,353,353,353,353,353,9.39646,8.197255,8.311487,6.0235143,9.134489,9.819636
354,354,354,354,354,354,9.3736,8.168611,8.350421,5.827169,8.677991,9.844031
355,355,355,355,355,355,9.286901,8.099072,8.169899,6.047863,8.729903,9.798855
356,356,356,356,356,356,9.246701,8.073678,7.9464936,5.6300297,8.890629,9.796541
357,357,357,357,357,357,9.244011,8.031657,7.9590225,5.447935,9.18972,9.800964
358,358,358,358,358,358,9.195571,7.9776144,7.858342,5.3652635,9.29626,9.770462
359,359,359,359,359,359,9.136981,7.9209323,7.84385,5.546893,9.423038,9.791692
360,360,360,360,360,360,9.07386,7.92356,7.758496,5.551989,9.349453,9.643793
361,361,361,361,361,361,8.993496,7.8788943,7.7723126,5.764382,9.419953,9.550899
362,362,362,362,362,362,8.911287,7.884946,7.6480227,5.8129544,9.304916,9.248518
363,363,363,363,363,363,8.813595,7.775625,7.5797644,5.7204247,9.304715,9.100715
364,364,364,364,364,364,8.721892,7.675648,7.7011523,5.320228,9.33681,8.938762
365,365,365,365,365,365,8.68182,7.654124,7.738884,5.1681075,9.40567,8.81025
366,366,366,366,366,366,8.659633,7.5972567,7.7227697,4.934415,9.161304,8.745908
367,367,367,367,367,367,8.596111,7.564772,7.795881,4.966753,9.282662,8.692264
368,368,368,368,368,368,8.488014,7.4886694,7.763343,4.896784,8.973806,8.472855
369,369,369,369,369,369,8.391742,7.4169364,7.7276707,4.8611917,8.804736,8.2872095
370,370,370,370,370,370,8.286168,7.2853336,7.664005,4.41209,8.844209,8.220429
371,371,371,371,371,371,8.162762,7.2213726,7.622517,4.3891873,8.798974,7.905735
372,372,372,372,372,372,8.067631,7.0636315,7.6079345,4.424323,8.787549,7.8473763
373,373,373,373,373,373,7.9410295,6.967023,7.5501437,4.423121,8.829564,7.761227
374,374,374,374,374,374,7.812101,6.9125543,7.483952,4.224376,8.653381,7.633793
375,375,375,375,375,375,7.736742,6.827781,7.549844,4.235438,8.661664,7.500534
376,376,376,376,376,376,7.602106,6.7125297,7.424608,3.840873,8.49425,7.284371
377,377,377,377,377,377,7.4475756,6.670291,7.2637753,3.5909467,8.310413,6.973514
378,378,378,378,378,378,7.3168054,6.533418,7.1790476,3.359107,8.29025,6.775371
379,379,379,379,379,379,7.142841,6.4353533,7.2081866,3.4053955,8.205692,6.529196
380,380,380,380,380,380,7.0379996,6.349354,7.0389624,3.2619622,8.112978,6.268584
381,381,381,381,381,381,6.9414663,6.2864537,6.8743167,3.2478411,8.153562,6.0702887
382,382,382,382,382,382,6.800941,6.1696444,6.693596,3.1612782,8.249374,5.9472523
383,383,383,383,383,383,6.647916,6.0826197,6.4728208,3.0210376,8.351053,5.8212404
384,384,384,384,384,384,6.485201,5.8913865,6.5461755,2.8678455,8.150634,5.7698436
385,385,385,385,385,385,6.3225665,5.7480307,6.40995,2.846479,8.370254,5.589095
386,386,386,386,386,386,6.169308,5.6332164,6.204435,2.8315663,8.401618,5.4633045
387,387,387,387,387,387,5.9936385,5.4670525,6.152913,2.870394,8.38297,5.467447
388,388,388,388,388,388,5.7765374,5.300555,5.9996634,2.6350381,8.06211,5.3961663
389,389,389,389,389,389,5.6514244,5.1356235,5.997255,2.6664107,7.9970217,5.328271
390,390,390,390,390,390,5.5004587,5.0180254,5.6639576,2.4872243,8.295858,5.223476
391,391,391,391,391,391,5.4317675,4.8466225,5.571083,2.513016,7.9251456,5.06912
392,392,392,392,392,392,5.3401046,4.740358,5.4467835,2.4921918,8.030897,4.9678125
393,393,393,393,393,393,5.248739,4.6003113,5.3048725,2.5989888,7.889115,4.8155866
394,394,394,394,394,394,5.0994987,4.4765387,5.120755,2.4298866,7.891964,4.719305
395,395,395,395,395,395,4.8949685,4.422927,4.9100986,2.4589334,8.002487,4.5840535
396,396,396,396,396,396,4.7638073,4.313845,4.5928454,2.3944244,7.4130116,4.5415006
397,397,397,397,397,397,4.6736245,4.181684,4.275318,2.227744,7.827084,4.506748
398,398,398,398,398,398,4.49088,4.0763855,4.0968227,2.1352339,7.942327,4.3175416
399,399,399,399,399,399,4.3733926,3.9015136,3.8651752,2.1535883,7.785351,4.2007556
400,400,400,400,400,400,4.3793774,3.8292727,3.766902,2.1497543,7.5379987,4.101212
401,401,401,401,401,401,4.310317,3.755773,3.7378561,2.2021692,7.6392827,3.9945335
402,402,402,402,402,402,4.2336006,3.6970797,3.6218438,2.0331774,7.762228,3.8832958
403,403,403,403,403,403,4.1732388,3.5866272,3.5913453,2.0263422,7.423901,3.8592107
404,404,404,404,404,404,4.116946,3.5663018,3.4913704,1.9583199,7.8743277,3.7973804
405,405,405,405,405,405,3.9546695,3.4918308,3.4342194,2.0136123,7.7306476,3.7002501
406,406,406,406,406,406,3.884405,3.470637,3.4685256,1.8538532,7.5932465,3.5793796
407,407,407,407,407,407,3.7854447,3.4178224,3.4349656,1.8168849,7.713929,3.4524689
408,408,408,408,408,408,3.7112656,3.3545396,3.2732737,1.7392974,7.676672,3.3589032
409,409,409,409,409,409,3.6669695,3.2766464,3.3139696,1.7160164,7.654469,3.2854486
410,410,410,410,410,410,3.615338,3.2117574,3.2674155,1.729301,7.6637673,3.183411
411,411,411,411,411,411,3.58017,3.1484315,3.2165947,1.6910882,7.1862183,3.104691
412,412,412,412,412,412,3.5636432,3.0864148,3.0495555,1.6416956,6.940781,3.0735402
413,413,413,413,413,413,3.499163,3.0384035,3.0551372,1.5463815,7.2120423,3.0393417
414,414,414,414,414,414,3.4905112,2.9624894,3.0010235,1.4681345,6.9166565,2.9791384
415,415,415,415,415,415,3.45219,2.9032161,2.7370262,1.5825541,7.330758,2.9378836
416,416,416,416,416,416,3.4555569,2.8801508,2.7598107,1.4903822,7.1914573,2.895201
417,417,417,417,417,417,3.3689058,2.7933562,2.7618287,1.5036114,6.8546247,2.8361163
418,418,418,418,418,418,3.310432,2.718165,2.8336961,1.4624796,6.786434,2.8002992
419,419,419,419,419,419,3.2997913,2.7202253,2.9006913,1.4567478,6.9220757,2.7423294
420,420,420,420,420,420,3.2696502,2.6146364,2.8439288,1.3616292,6.5194025,2.7001188
421,421,421,421,421,421,3.2213967,2.5121202,2.79821,1.2733359,6.721584,2.6896763
422,422,422,422,422,422,3.219755,2.523404,2.9003003,1.2376823,6.570347,2.6426952
423,423,423,423,423,423,3.2171593,2.4813833,2.839301,1.2253346,6.3580356,2.6358912
424,424,424,424,424,424,3.2153132,2.4143682,2.7778723,1.1861075,6.360369,2.5984266
425,425,425,425,425,425,3.2145357,2.4237998,2.7539432,1.1723076,6.1467595,2.5499706
426,426,426,426,426,426,3.184619,2.427715,2.632627,1.1536868,6.0292296,2.5608478
427,427,427,427,427,427,3.1928039,2.405382,2.6184843,1.1568829,6.1502986,2.5698423
428,428,428,428,428,428,3.1950352,2.4336452,2.4748955,1.038301,6.0324216,2.5488074
429,429,429,429,429,429,3.1634877,2.436011,2.6032312,1.1028539,6.507673,2.5638185
430,430,430,430,430,430,3.1555853,2.4768684,2.5669477,1.1759143,6.421631,2.5721445
431,431,431,431,431,431,3.157827,2.4956348,2.6173813,1.1158342,6.473157,2.5611517
432,432,432,432,432,432,3.2343707,2.517387,2.6876419,1.1636508,6.460056,2.567558
433,433,433,433,433,433,3.1303916,2.5111945,2.654544,1.2935686,6.7052083,2.6055984
434,434,434,434,434,434,3.1506145,2.5665934,2.7159674,1.3783773,6.6193075,2.6141143
435,435,435,435,435,435,3.1721165,2.5637286,2.7466538,1.3342099,6.6574373,2.6297615
436,436,436,436,436,436,3.1457298,2.5716975,2.7255447,1.1558225,6.741487,2.6504598
437,437,437,437,437,437,3.2012856,2.6549494,2.7305174,1.2366629,6.60578,2.6270516
438,438,438,438,438,438,3.236916,2.6701005,2.7971497,1.2550626,6.409483,2.6302938
439,439,439,439,439,439,3.2614925,2.7042036,2.878931,1.258003,6.413096,2.661016
440,440,440,440,440,440,3.284193,2.7613523,2.8839097,1.1666697,6.6153755,2.7324793
441,441,441,441,441,441,3.3146257,2.795847,2.9462051,1.2505798,6.610342,2.755965
442,442,442,442,442,442,3.4005935,2.8780951,2.8945148,1.190983,6.5901413,2.808401
443,443,443,443,443,443,3.4278243,2.936048,2.8932233,1.3014433,6.6709776,2.828931
444,444,444,444,444,444,3.4042566,3.0215309,3.021138,1.243195,6.62231,2.9071577
445,445,445,445,445,445,3.4520974,3.072338,3.215185,1.3418555,6.7666283,2.929115
446,446,446,446,446,446,3.4800067,3.1748505,3.3365605,1.3597975,6.8340845,2.9628718
447,447,447,447,447,447,3.5227263,3.214436,3.428619,1.4143643,6.9623523,3.0068688
448,448,448,448,448,448,3.623228,3.2880425,3.6002429,1.3895054,7.0127864,3.0876372
449,449,449,449,449,449,3.704686,3.3295488,3.681344,1.3839763,7.1629763,3.1632774
450,450,450,450,450,450,3.7645986,3.416385,3.7109227,1.5369445,7.4368024,3.2237415
451,451,451,451,451,451,3.881375,3.456933,3.784016,1.6534307,7.444467,3.2604785
452,452,452,452,452,452,3.9006913,3.6128795,3.7650027,1.8441375,7.556133,3.356459
453,453,453,453,453,453,4.003496,3.7385836,3.8589103,1.5789583,7.7658153,3.4782698
454,454,454,454,454,454,4.1280503,3.8951645,3.8625152,1.6422079,8.054665,3.5715048
455,455,455,455,455,455,4.2735505,4.0053115,3.8491516,1.681744,8.235253,3.6654541
456,456,456,456,456,456,4.4965777,4.0754275,3.9310553,1.8150766,8.403478,3.7733169
457,457,457,457,457,457,4.6798134,4.150358,4.099954,2.0137875,8.727636,3.877707
458,458,458,458,458,458,4.8253736,4.334283,4.279991,2.0403485,8.786774,4.020826
459,459,459,459,459,459,4.8767424,4.5184164,4.502817,2.0124106,8.894063,4.079564
460,460,460,460,460,460,4.941226,4.6436934,4.74125,2.0676918,8.919886,4.3161163
461,461,461,461,461,461,5.1491017,4.7963405,4.970347,2.0901213,8.985695,4.4636526
462,462,462,462,462,462,5.297713,5.044146,5.0335555,2.2542324,9.083735,4.603518
463,463,463,463,463,463,5.374193,5.271261,5.316681,2.2923112,9.041437,4.8066597
464,464,464,464,464,464,5.506843,5.537224,5.421382,2.277157,8.916182,4.9558353
465,465,465,465,465,465,5.62484,5.733143,5.664721,2.1980236,9.130733,5.1405125
466,466,466,466,466,466,5.7066927,5.896487,5.747206,2.3505654,8.950798,5.425331
467,467,467,467,467,467,5.845933,6.078017,6.0223684,2.2829647,8.754142,5.565121
468,468,468,468,468,468,6.1578736,6.315601,6.3350863,2.328183,8.929127,5.795562
469,469,469,469,469,469,6.356696,6.5412245,6.724498,2.2292116,8.809132,6.018004
470,470,470,470,470,470,6.692266,6.7290716,6.940811,2.445425,8.815397,6.334105
471,471,471,471,471,471,6.890969,6.8802357,7.210228,2.5645795,8.736666,6.466794
472,472,472,472,472,472,7.188213,7.1775174,7.3040032,2.448896,8.743752,6.6554766
473,473,473,473,473,473,7.3099027,7.369478,7.5528016,2.416493,8.81593,6.820257
474,474,474,474,474,474,7.5678015,7.6192,7.7535563,2.3714263,9.238058,7.0826764
475,475,475,475,475,475,7.7986293,7.841977,8.011667,2.3671553,8.869965,7.334103
476,476,476,476,476,476,8.082515,8.066555,8.396932,2.529285,9.269389,7.68052
477,477,477,477,477,477,8.357652,8.2141695,8.682945,2.2328978,9.301357,8.117975
478,478,478,478,478,478,8.611509,8.337258,8.741631,2.6199615,9.173541,8.495709
479,479,479,479,479,479,8.814444,8.493425,8.86277,2.8660707,8.774982,8.85898
480,480,480,480,480,480,9.057139,8.661462,9.176142,2.6323612,9.032554,9.318425
481,481,481,481,481,481,9.260526,8.787625,9.318943,2.8784182,8.62967,9.676216
482,482,482,482,482,482,9.409622,8.945631,9.189656,2.6676567,8.587254,9.788333
483,483,483,483,483,483,9.512673,9.021189,9.335396,3.0313454,8.676274,9.89005
484,484,484,484,484,484,9.692337,9.211555,9.445838,2.948618,8.958378,10.128871
485,485,485,485,485,485,9.7505665,9.389085,9.643632,3.2181847,9.296144,10.391635
486,486,486,486,486,486,9.873137,9.487057,9.928639,3.264091,9.052144,10.439677
487,487,487,487,487,487,10.079786,9.614734,10.179293,3.6869164,9.318641,10.671765
488,488,488,488,488,488,10.163037,9.766604,10.387839,3.4553905,9.780465,11.0951395
489,489,489,489,489,489,10.369251,10.144492,10.901262,3.8794901,10.22767,11.224931
490,490,490,490,490,490,10.512924,10.411041,11.073745,3.6297526,10.230061,11.604038
491,491,491,491,491,491,10.582322,10.6863785,11.012965,4.033645,9.792326,11.833401
492,492,492,492,492,492,10.854496,10.83953,11.267709,3.8477771,9.916354,12.251335
493,493,493,493,493,493,11.013963,11.028878,11.838857,3.91995,9.433637,12.47277
494,494,494,494,494,494,11.204239,11.318364,12.087695,4.0941525,9.964142,12.802101
495,495,495,495,495,495,11.25851,11.639945,12.20562,4.2324905,9.907733,13.031953
496,496,496,496,496,496,11.443143,11.890189,12.613549,4.3756275,10.119789,13.261011
497,497,497,497,497,497,11.709715,12.145421,12.995447,4.370508,10.803214,13.342591
498,498,498,498,498,498,11.830723,12.3594055,13.465052,4.3578014,11.351198,13.606711
499,499,499,499,499,499,11.983698,12.551784,13.774053,4.685676,11.137692,13.841707
500,500,500,500,500,500,12.372771,12.827405,13.701398,4.572871,10.204275,14.234384
501,501,501,501,501,501,12.523363,13.158587,14.295296,4.7100964,10.132736,14.439815
502,502,502,502,502,502,12.839809,13.349428,14.708786,4.7598634,10.249599,14.716979
503,503,503,503,503,503,13.090568,13.890439,14.768364,5.2168956,10.380186,14.853535
504,504,504,504,504,504,13.37346,14.022166,15.010617,4.7383347,9.657536,15.016091
505,505,505,505,505,505,13.656846,14.350526,15.1666975,5.0922656,10.831648,15.205033
506,506,506,506,506,506,13.859993,14.647402,14.8152275,5.0633974,10.50867,15.469579
507,507,507,507,507,507,14.262569,14.951268,15.086327,5.093076,11.885442,15.562532
508,508,508,508,508,508,14.554994,15.205195,15.434642,4.758396,12.27775,15.776823
509,509,509,509,509,509,14.895436,15.32534,15.865239,5.0993114,12.5903,15.963515
510,510,510,510,510,510,15.246008,15.580062,16.066015,4.944511,13.219708,16.212969
511,511,511,511,511,511,15.557567,15.742551,15.934716,5.2011395,13.82043,16.369553
512,512,512,512,512,512,15.788695,15.913215,16.148592,5.3539596,13.770581,16.524246
513,513,513,513,513,513,16.015678,16.07311,16.49818,5.488937,13.41819,16.709496
514,514,514,514,514,514,16.204306,16.323555,16.717842,5.8605523,8.214704,16.91186
515,515,515,515,515,515,16.568874,16.451677,16.665152,5.689546,13.090267,17.111176
516,516,516,516,516,516,16.880028,16.56888,16.952578,6.0916967,9.824216,17.21426
517,517,517,517,517,517,16.973372,16.671968,16.887976,6.0333705,13.027274,17.449034
518,518,518,518,518,518,17.12011,16.900131,17.378386,6.252794,13.581926,17.685251
519,519,519,519,519,519,17.285582,17.044775,17.378845,6.3275576,14.817009,17.848078
520,520,520,520,520,520,17.476173,17.239782,17.388372,6.4627256,12.581402,18.032894
521,521,521,521,521,521,17.787659,17.311466,17.115614,6.9263825,13.226758,18.15535
522,522,522,522,522,522,17.890692,17.515697,17.332428,6.9435477,10.80406,18.410217
523,523,523,523,523,523,18.08576,17.641434,17.134787,7.224091,10.026987,18.599329
524,524,524,524,524,524,18.218176,17.730938,17.197746,7.539929,9.814681,18.69607
525,525,525,525,525,525,18.239168,17.78759,17.294697,7.3189025,12.063664,18.957634
526,526,526,526,526,526,18.413706,18.014467,17.7529,7.4633565,11.039316,19.102545
527,527,527,527,527,527,18.462275,18.209497,17.796867,8.068861,8.134217,19.21293
528,528,528,528,528,528,18.632256,18.312487,18.219316,8.1193,12.256112,19.215874
529,529,529,529,529,529,18.641283,18.369465,18.453384,8.371132,11.001174,19.340233
530,530,530,530,530,530,18.793842,18.475088,18.677015,7.9550714,14.529415,19.350267
531,531,531,531,531,531,18.912413,18.608921,18.97018,8.023181,15.590466,19.543743
532,532,532,532,532,532,18.943237,18.700607,19.098871,7.992616,15.58937,19.625326
533,533,533,533,533,533,19.005125,18.849703,19.611172,8.132692,16.747189,19.643026
534,534,534,534,534,534,19.07247,18.903374,19.906607,7.973484,17.080126,19.743855
535,535,535,535,535,535,19.011415,18.850786,20.158026,9.240778,16.872799,19.719244
536,536,536,536,536,536,19.1132,18.965841,20.044277,9.427501,12.721174,19.823
537,537,537,537,537,537,19.28121,19.008411,20.30796,9.976006,15.416846,19.995123
538,538,538,538,538,538,19.304161,18.90246,20.167133,9.763424,16.475973,19.90534
539,539,539,539,539,539,19.207815,18.886341,20.502867,10.157195,17.352217,20.073444
540,540,540,540,540,540,19.201248,18.843002,20.377172,9.793451,17.974627,20.022793
541,541,541,541,541,541,19.281054,18.769796,20.503098,9.741218,18.066591,20.031971
542,542,542,542,542,542,19.233227,18.731392,20.703278,9.96907,15.88206,19.990002
543,543,543,543,543,543,19.312326,18.729286,20.62117,10.686449,18.083843,20.034407
544,544,544,544,544,544,19.243858,18.640903,20.688353,10.874372,13.959298,19.981785
545,545,545,545,545,545,19.227398,18.599606,20.734621,11.031984,16.369318,19.842947
546,546,546,546,546,546,19.179941,18.607468,20.595745,10.766041,15.809404,19.939522
547,547,547,547,547,547,19.24441,18.615145,20.755123,11.109114,18.179962,19.958841
548,548,548,548,548,548,19.269629,18.55175,20.744453,11.03452,18.523119,19.894722
549,549,549,549,549,549,19.196686,18.509573,20.592978,11.5056505,18.480738,19.891956
550,550,550,550,550,550,19.15368,18.474905,20.251669,11.748189,18.249983,19.801003
551,551,551,551,551,551,19.064953,18.469975,20.1801,11.864441,18.319302,19.68209
552,552,552,552,552,552,18.863756,18.379536,19.772018,11.793159,18.423214,19.546234
553,553,553,553,553,553,18.857695,18.352665,19.617641,11.910511,18.965452,19.566906
554,554,554,554,554,554,18.693314,18.190996,19.294811,12.1857395,18.596266,19.301043
555,555,555,555,555,555,18.682398,18.0447,19.006056,12.174539,18.317116,19.335018
556,556,556,556,556,556,18.495413,17.888096,18.774206,11.94141,17.771996,19.146948
557,557,557,557,557,557,18.378412,17.723913,18.251678,12.074227,17.440342,19.019318
558,558,558,558,558,558,18.201414,17.644707,17.997831,11.781676,17.52409,18.94728
559,559,559,559,559,559,18.105062,17.476536,18.260271,11.752388,17.473814,18.81179
560,560,560,560,560,560,17.987865,17.278078,18.448236,11.6662,16.870155,18.630234
561,561,561,561,561,561,17.85469,17.180822,18.501198,11.789592,16.910273,18.538641
562,562,562,562,562,562,17.618755,17.033833,18.540075,11.398768,16.365507,18.524378
563,563,563,563,563,563,17.469942,16.831217,18.151163,11.26753,15.143453,18.40259
564,564,564,564,564,564,17.403479,16.737217,17.820734,10.976954,15.2814665,18.127459
565,565,565,565,565,565,17.181198,16.314953,17.640694,11.314676,15.21079,18.002254
566,566,566,566,566,566,16.927711,16.18255,17.47087,11.018183,14.125424,17.956627
567,567,567,567,567,567,16.648949,16.09401,17.39276,10.949867,13.596655,17.750605
568,568,568,568,568,568,16.53792,15.851233,17.210072,10.433376,12.730294,17.525475
569,569,569,569,569,569,16.35712,15.708696,16.973747,10.608038,12.15129,17.5512
570,570,570,570,570,570,16.255543,15.506108,16.577522,10.296283,11.973094,17.390594
571,571,571,571,571,571,16.042154,15.302565,16.58411,10.124516,11.143185,17.086828
572,572,572,572,572,572,15.889138,14.974813,16.422152,9.530318,10.57141,16.896383
573,573,573,573,573,573,15.693113,14.735273,16.06396,9.511204,10.991565,16.852993
574,574,574,574,574,574,15.528714,14.523133,15.55313,9.237385,11.332904,16.739813
575,575,575,575,575,575,15.35937,14.38525,15.842789,9.36188,11.780306,16.828117
576,576,576,576,576,576,15.153689,14.18039,15.733987,8.987917,11.989546,16.76325
577,577,577,577,577,577,14.906042,14.010867,15.619795,8.898298,11.460181,16.594389
578,578,578,578,578,578,14.566096,13.639665,15.185745,8.767208,10.672897,16.360785
579,579,579,579,579,579,14.19556,13.19086,15.003288,8.273689,10.012351,16.089022
580,580,580,580,580,580,13.946809,12.945648,14.528195,7.2454343,9.37203,15.8198595
581,581,581,581,581,581,13.730261,12.595379,13.939957,7.1319785,9.178404,15.505357
582,582,582,582,582,582,13.455059,12.468617,13.539611,7.082594,9.1034565,15.234575
583,583,583,583,583,583,13.216973,12.189189,13.435335,7.2721815,9.655967,14.93331
584,584,584,584,584,584,12.87413,11.843421,13.288947,7.3212595,9.702309,14.692767
585,585,585,585,585,585,12.676072,11.771822,13.117954,7.5409555,10.068703,14.508142
586,586,586,586,586,586,12.536344,11.492725,12.899642,7.0197153,10.114907,14.298522
587,587,587,587,587,587,12.398488,11.364244,12.658261,7.240981,10.435312,14.076714
588,588,588,588,588,588,12.207253,11.20312,12.480518,6.8650727,10.508559,13.785858
589,589,589,589,589,589,11.962036,10.902508,12.111862,7.0377717,9.955816,13.555413
590,590,590,590,590,590,11.749737,10.707373,11.757995,6.917407,9.6852045,13.254997
591,591,591,591,591,591,11.576397,10.480207,11.5108185,6.863536,9.554142,12.950323
592,592,592,592,592,592,11.442052,10.189735,10.957051,6.865639,9.657579,12.652909
593,593,593,593,593,593,11.302291,10.03148,10.896692,6.5968146,9.449231,12.440305
594,594,594,594,594,594,11.095939,9.884009,11.043117,6.08626,9.546286,12.242907
595,595,595,595,595,595,10.939755,9.8048315,10.727186,6.2740383,9.547365,12.087264
596,596,596,596,596,596,10.845387,9.683338,10.5793915,6.1124496,9.501824,11.992833
597,597,597,597,597,597,10.720997,9.482566,10.437986,5.9762993,8.966377,11.661527
598,598,598,598,598,598,10.518969,9.354529,10.307353,5.7611747,8.700711,11.165963
599,599,599,599,599,599,10.330456,9.150538,9.947034,5.669587,9.043594,10.844461
600,600,600,600,600,600,10.219313,9.054199,9.583985,5.367313,9.147181,10.653162
601,601,601,601,601,601,10.060849,8.93424,9.4423,5.3977547,9.1954,10.487303
602,602,602,602,602,602,9.989537,8.7696295,9.305856,5.2387104,8.953462,10.340368
603,603,603,603,603,603,9.82679,8.715401,9.190603,5.26906,8.814175,10.202489
604,604,604,604,604,604,9.737035,8.667672,9.116326,4.952567,8.887242,10.076717
605,605,605,605,605,605,9.5764,8.589721,8.995746,4.7219143,8.5497055,9.849932
606,606,606,606,606,606,9.4838,8.490466,8.815397,4.602867,8.624166,9.72291
607,607,607,607,607,607,9.36079,8.3842125,8.69834,4.540473,8.186828,9.622976
608,608,608,608,608,608,9.300426,8.303196,8.661838,4.4508505,8.248693,9.563079
609,609,609,609,609,609,9.189697,8.269779,8.615794,4.4155474,8.204654,9.433826
610,610,610,610,610,610,9.105791,8.156039,8.528343,4.2504954,8.157942,9.221919
611,611,611,611,611,611,8.954168,8.083684,8.413464,4.467938,7.884365,9.147788
612,612,612,612,612,612,8.826532,8.008573,8.067225,4.367367,7.681863,9.012752
613,613,613,613,613,613,8.735891,7.939225,8.249734,4.243603,7.6755023,8.902574
614,614,614,614,614,614,8.6316,7.8051333,8.038291,4.2202387,7.447823,8.716661
615,615,615,615,615,615,8.51901,7.7431946,7.90875,4.048381,7.405988,8.549865
616,616,616,616,616,616,8.377049,7.631795,7.903279,3.992335,7.2956686,8.478006
617,617,617,617,617,617,8.260632,7.6065407,7.8596783,3.998892,7.1357074,8.296434
618,618,618,618,618,618,8.17872,7.6289787,7.820667,3.8179371,7.1536736,8.196467
619,619,619,619,619,619,8.046191,7.5472255,7.75602,3.9052553,7.021451,8.156359
620,620,620,620,620,620,8.004034,7.509463,7.6314807,3.9606977,6.838704,8.02566
621,621,621,621,621,621,7.9263387,7.426671,7.561393,3.8489096,6.578585,7.8440127
622,622,622,622,622,622,7.8749824,7.335167,7.564502,3.8676724,6.5165224,7.746358
623,623,623,623,623,623,7.7954865,7.271028,7.608704,3.8978837,6.646748,7.666127
624,624,624,624,624,624,7.7183414,7.2789016,7.4435945,3.6895878,6.4923906,7.609655
625,625,625,625,625,625,7.6876497,7.2128477,7.429963,3.6087127,6.6235085,7.5223517
626,626,626,626,626,626,7.6268716,7.221361,7.4456315,3.71676,6.5290637,7.455619
627,627,627,627,627,627,7.559419,7.1612177,7.3867135,3.6952252,6.5734115,7.3987627
628,628,628,628,628,628,7.473595,7.142875,7.42988,3.6129625,6.308783,7.337366
629,629,629,629,629,629,7.431178,7.119731,7.5168633,3.5666158,6.451296,7.275133
630,630,630,630,630,630,7.407122,7.108546,7.5147257,3.6515546,6.1582246,7.2108474
631,631,631,631,631,631,7.338413,7.11366,7.455016,3.8327925,6.3977947,7.1490216
632,632,632,632,632,632,7.245027,7.064463,7.360687,3.7068176,6.462559,7.1628137
633,633,633,633,633,633,7.1708617,7.0337863,7.460927,3.8172371,6.500299,7.051186
634,634,634,634,634,634,7.139508,6.9839263,7.4446754,3.7291124,6.469014,7.057538
635,635,635,635,635,635,7.109033,6.9932294,7.4582434,3.7509847,6.572898,7.1033926
636,636,636,636,636,636,7.0457554,6.949028,7.3769445,3.9714804,6.2350054,7.0941844
637,637,637,637,637,637,7.0403485,6.8829765,7.3512373,3.9375474,6.5219955,7.039594
638,638,638,638,638,638,7.0250225,6.869152,7.386336,3.9388888,5.3080435,7.0593796
639,639,639,639,639,639,6.983635,6.870904,7.468949,3.8750367,6.376621,7.1026
640,640,640,640,640,640,7.0050306,6.824788,7.3581667,3.836314,6.3081965,7.126675
641,641,641,641,641,641,6.9739404,6.8245335,7.352628,4.112476,6.3317914,7.1431756
642,642,642,642,642,642,7.0022283,6.8107457,7.219349,4.1048775,6.679386,7.1116877
643,643,643,643,643,643,6.9802837,6.7649097,7.252437,4.157545,6.2570333,7.0628076
644,644,644,644,644,644,6.9546313,6.675246,7.0738535,4.0794,6.149648,7.015025
645,645,645,645,645,645,6.9983053,6.604428,6.9682207,4.15193,6.0764794,6.932466
646,646,646,646,646,646,6.970883,6.595607,6.860248,4.2516813,5.9729657,6.923687
647,647,647,647,647,647,6.9314837,6.5568247,6.6948643,4.1659636,6.2409663,6.969043
648,648,648,648,648,648,6.9641604,6.562159,6.6455164,4.124274,6.1900444,6.9894743
649,649,649,649,649,649,7.022362,6.579208,6.595812,4.06603,5.898083,6.9714103
650,650,650,650,650,650,7.0089784,6.5926914,6.605425,4.0575285,6.3545017,6.9322443
651,651,651,651,651,651,7.0508895,6.605529,6.594289,4.018758,6.510167,6.9221373
652,652,652,652,652,652,7.0312696,6.598429,6.588712,3.9999037,6.3017845,6.975018
653,653,653,653,653,653,7.041557,6.5853696,6.6156855,4.415851,6.1337614,7.008631
654,654,654,654,654,654,7.0445414,6.5602384,6.6542673,4.401692,5.8385005,7.053785
655,655,655,655,655,655,7.0789657,6.539041,6.3184304,4.2304425,6.258289,7.020709
656,656,656,656,656,656,7.0864167,6.5200963,6.536581,4.169103,6.2690835,6.9927616
657,657,657,657,657,657,7.081017,6.5359774,6.4496083,4.258697,6.1436462,6.9944963
658,658,658,658,658,658,7.092649,6.5223374,6.380084,4.3325043,6.4665933,7.0639753
659,659,659,659,659,659,7.0753207,6.51903,6.214915,4.1518483,6.6042213,7.0940394
660,660,660,660,660,660,7.0671043,6.528791,6.4467306,4.0367737,6.502053,7.1271224
661,661,661,661,661,661,7.071453,6.5490503,6.391366,3.9539075,6.71718,7.1566877
662,662,662,662,662,662,7.108005,6.508732,6.438147,3.9394622,6.6466613,7.1817217
663,663,663,663,663,663,7.094733,6.507515,6.4791756,3.8267968,6.8212695,7.1625457
664,664,664,664,664,664,7.1115813,6.55537,6.4828863,3.9435496,6.9178267,7.1442337
665,665,665,665,665,665,7.1150146,6.528352,6.376774,3.9458363,6.859259,7.166031
666,666,666,666,666,666,7.133128,6.500794,6.4146595,3.858527,6.8027277,7.137153
667,667,667,667,667,667,7.142068,6.5288363,6.400594,3.975643,6.8625884,7.1018405
668,668,668,668,668,668,7.129159,6.5144076,6.3474793,4.0362115,6.855687,7.0910964
669,669,669,669,669,669,7.1361523,6.476408,6.1773825,3.9715662,6.7800183,7.0272737
670,670,670,670,670,670,7.135165,6.4776855,6.1552124,4.0601206,6.770339,7.068388
671,671,671,671,671,671,7.137659,6.483195,6.302286,4.03476,6.7754626,7.0517664
672,672,672,672,672,672,7.16239,6.467225,6.314907,4.058842,6.5810103,7.0889883
673,673,673,673,673,673,7.1416225,6.4831767,6.318895,4.043756,6.7180343,7.0454273
674,674,674,674,674,674,7.0844893,6.5015736,6.421083,4.080081,6.734373,7.050107
675,675,675,675,675,675,7.0879574,6.515373,6.3032613,4.001765,6.873292,7.0167875
676,676,676,676,676,676,7.0702434,6.5303664,6.329521,4.074504,6.696547,7.0455875
677,677,677,677,677,677,7.1096573,6.5323973,6.3441663,4.488847,6.705515,7.0473566
678,678,678,678,678,678,7.111607,6.53914,6.285746,4.269563,6.7301073,7.0618505
679,679,679,679,679,679,7.1019673,6.534758,6.198084,4.243587,6.6738424,7.0376544
680,680,680,680,680,680,7.090791,6.541614,6.3117747,4.244571,6.210343,7.034347
681,681,681,681,681,681,7.0944853,6.5495086,6.3723283,4.2559104,6.202182,7.0189476
682,682,682,682,682,682,7.073263,6.581357,6.4020777,4.1380877,6.2255297,7.004783
683,683,683,683,683,683,7.1057143,6.5892434,6.3974624,4.251007,6.6279774,7.0432444
684,684,684,684,684,684,7.132131,6.5425034,6.4673896,4.157992,6.5651064,7.0532093
685,685,685,685,685,685,7.131535,6.525651,6.4476767,4.3273973,6.142154,7.055092
686,686,686,686,686,686,7.0820084,6.4828024,6.340202,4.258725,6.345009,6.995098
687,687,687,687,687,687,7.0810933,6.460207,6.4163723,4.3740444,6.566296,7.0088916
688,688,688,688,688,688,7.0432806,6.4353204,6.462488,4.325657,6.3522487,6.9243274
689,689,689,689,689,689,6.9940414,6.4419,6.406289,4.289112,6.6655273,6.8659873
690,690,690,690,690,690,7.020334,6.3969474,6.492165,4.325214,6.9375806,6.889443
691,691,691,691,691,691,6.950662,6.429364,6.3614645,4.2793026,7.2219853,6.8832984
692,692,692,692,692,692,6.942267,6.4327793,6.4130893,4.217434,7.026534,6.8195972
693,693,693,693,693,693,6.907095,6.4408574,6.34388,4.2041597,6.9156575,6.866407
694,694,694,694,694,694,6.866594,6.388502,6.4246492,4.192212,6.7559075,6.8521447
695,695,695,695,695,695,6.872255,6.357885,6.4209805,4.0965543,6.6960025,6.880941
696,696,696,696,696,696,6.8871946,6.3578,6.51715,3.9963477,6.2225184,6.895717
697,697,697,697,697,697,6.8523545,6.349945,6.6443415,4.0684752,5.800053,6.8766465
698,698,698,698,698,698,6.8586564,6.330774,6.659887,3.91311,5.7659187,6.81702
699,699,699,699,699,699,6.840738,6.340231,6.467713,4.1189218,5.921299,6.781236
700,700,700,700,700,700,6.862693,6.3577156,6.3867054,3.9947784,6.030852,6.844674
701,701,701,701,701,701,6.83002,6.3657827,6.235447,3.9856703,5.8814545,6.8540344
702,702,702,702,702,702,6.806202,6.3787665,6.1901536,4.0686088,5.801315,6.83966
703,703,703,703,703,703,6.778644,6.3883386,6.158613,4.065363,5.81959,6.8619366
704,704,704,704,704,704,6.7781563,6.384348,6.1429257,4.127612,5.717637,6.8621774
705,705,705,705,705,705,6.734443,6.3614397,6.0473294,4.1587396,5.6390743,6.7910924
706,706,706,706,706,706,6.750846,6.3235517,6.0832596,3.9840448,5.354558,6.7432656
707,707,707,707,707,707,6.719765,6.282674,6.1087356,3.948983,5.5950694,6.7176986
708,708,708,708,708,708,6.6989074,6.2703733,6.1572576,3.9499965,5.37211,6.652817
709,709,709,709,709,709,6.6708703,6.230552,6.1392283,4.054598,5.6606827,6.640228
710,710,710,710,710,710,6.631592,6.197653,6.1914268,3.7528446,5.6262355,6.571781
711,711,711,711,711,711,6.652393,6.1934724,6.1309752,3.93085,5.664504,6.5405107
712,712,712,712,712,712,6.6093655,6.142375,6.134426,4.032855,5.8025184,6.5221663
713,713,713,713,713,713,6.575884,6.112931,6.062876,4.03867,5.728993,6.478017
714,714,714,714,714,714,6.571443,6.093562,6.001955,4.006156,5.4553742,6.418065
715,715,715,715,715,715,6.5563006,6.1172833,6.0145717,4.147239,5.4743924,6.2993093
716,716,716,716,716,716,6.49113,6.051389,5.901907,3.9299319,5.424279,6.2393003
717,717,717,717,717,717,6.397092,5.992653,6.0375104,3.8626945,5.327266,6.2464576
718,718,718,718,718,718,6.335526,6.0077996,6.001567,3.78138,5.154858,6.2228403
719,719,719,719,719,719,6.2740507,6.009797,5.8383136,3.7770166,5.087132,6.143274
720,720,720,720,720,720,6.2565355,6.020316,5.8448653,3.774113,5.5919476,6.123845
721,721,721,721,721,721,6.234685,6.012628,5.8749204,3.799067,5.4042606,6.0535703
722,722,722,722,722,722,6.2134204,5.9653187,5.8761024,3.7615647,5.3388486,6.0478387
723,723,723,723,723,723,6.172748,5.9285517,5.7906237,3.905046,5.3612595,6.0573583
724,724,724,724,724,724,6.1790953,5.888973,5.7349644,3.8337975,5.399908,6.0796947
725,725,725,725,725,725,6.152797,5.9112034,5.701561,3.8500621,5.4312696,6.0300555
726,726,726,726,726,726,6.13965,5.878355,5.727234,3.855286,5.5989285,5.873449
727,727,727,727,727,727,6.1104884,5.8127284,5.653404,3.9684591,5.3110967,5.8374023
728,728,728,728,728,728,6.070625,5.8274016,5.6137614,3.7774034,5.2967734,5.8471575
729,729,729,729,729,729,6.047858,5.8108063,5.558925,3.648325,5.187037,5.7897587
730,730,730,730,730,730,5.967064,5.7513084,5.5596714,3.466654,5.2036114,5.8030114
731,731,731,731,731,731,5.953503,5.763715,5.548803,3.4862227,4.9264326,5.7555137
732,732,732,732,732,732,5.8914647,5.7307515,5.5010543,3.5654478,4.9780765,5.669321
733,733,733,733,733,733,5.8847976,5.6745477,5.5029554,3.5301194,4.954313,5.599689
734,734,734,734,734,734,5.852074,5.6512394,5.5833163,3.5892112,5.1900063,5.5693097
735,735,735,735,735,735,5.7758665,5.594802,5.594719,3.662013,5.271806,5.4538293
736,736,736,736,736,736,5.719496,5.5590267,5.5821247,3.6174383,5.4153304,5.4168344
737,737,737,737,737,737,5.659134,5.510784,5.5135655,3.8982055,5.4293714,5.3454137
738,738,738,738,738,738,5.5991735,5.4670815,5.5394,3.6231928,5.2597046,5.3002133
739,739,739,739,739,739,5.5876265,5.4459195,5.551965,3.638077,5.4338236,5.211245
740,740,740,740,740,740,5.531371,5.3783894,5.6181607,3.689256,5.49053,5.158814
741,741,741,741,741,741,5.528995,5.2961206,5.5571733,3.6802244,5.2825074,5.129345
742,742,742,742,742,742,5.514251,5.3005953,5.5526567,3.7476153,5.409776,5.085258
743,743,743,743,743,743,5.5132976,5.2330565,5.447927,3.637288,5.4414697,5.0308075
744,744,744,744,744,744,5.510786,5.1883574,5.518402,3.5754602,5.7290006,5.0145507
745,745,745,745,745,745,5.501109,5.1143103,5.4337807,3.6098785,5.700251,4.9824677
746,746,746,746,746,746,5.426194,5.0861716,5.412123,3.5706158,5.7738266,5.0074773
747,747,747,747,747,747,5.432903,5.043076,5.393172,3.5699615,5.716766,4.9834642
748,748,748,748,748,748,5.3543243,5.0049286,5.4369173,3.5170913,5.708488,4.929318
749,749,749,749,749,749,5.326442,5.007774,5.3712664,3.5312743,5.5189176,4.8741436
750,750,750,750,750,750,5.2968516,4.9763093,5.4321146,3.4067364,5.671681,4.8764257
751,751,751,751,751,751,5.3114896,4.960196,5.365724,3.460167,5.732554,4.8653197
752,752,752,752,752,752,5.25398,4.901054,5.4387474,3.4849358,5.766021,4.8009105
753,753,753,753,753,753,5.2571197,4.8449826,5.347472,3.4849417,5.6845512,4.8206854
754,754,754,754,754,754,5.2237797,4.8045697,5.336984,3.481505,5.5913267,4.8166018
755,755,755,755,755,755,5.1891994,4.7962837,5.2748184,3.354298,5.3749757,4.721003
756,756,756,756,756,756,5.1531467,4.7938294,5.2203865,3.363445,5.3744783,4.6941404
757,757,757,757,757,757,5.13887,4.7929225,5.233075,3.501922,5.386124,4.5560093
758,758,758,758,758,758,5.1095505,4.7928214,5.2220016,3.43553,5.5924816,4.5120664
759,759,759,759,759,759,5.1276717,4.709068,5.172309,3.5296688,5.4876833,4.529652
760,760,760,760,760,760,5.113386,4.7122397,5.142911,3.4001825,5.5802736,4.4870734
761,761,761,761,761,761,5.082191,4.6355166,5.0484657,3.4065661,5.605273,4.43098
762,762,762,762,762,762,4.964063,4.691957,4.981369,3.2990725,5.5023437,4.341301
763,763,763,763,763,763,4.953362,4.7107377,4.954339,3.4484468,5.459651,4.2932734
764,764,764,764,764,764,4.964684,4.6753345,4.9107394,3.3365643,5.3215017,4.2346063
765,765,765,765,765,765,4.9720645,4.611756,4.745241,3.380564,5.361915,4.1975374
766,766,766,766,766,766,4.9018874,4.577195,4.7923484,3.4352443,5.3954186,4.136713
767,767,767,767,767,767,4.8552155,4.5744452,4.609639,3.555298,5.3488197,4.134466
768,768,768,768,768,768,4.7807236,4.5069947,4.697417,3.2146463,5.5659165,4.116322
769,769,769,769,769,769,4.7729487,4.482712,4.6078143,3.2453754,5.456164,4.0694704
770,770,770,770,770,770,4.767536,4.4735937,4.581005,3.1201024,5.368802,4.035519
771,771,771,771,771,771,4.7028213,4.4184055,4.677506,3.183973,5.373189,3.9919543
772,772,772,772,772,772,4.6542373,4.3958845,4.6376896,2.9867866,5.268095,3.9302707
773,773,773,773,773,773,4.6236305,4.3829765,4.5188932,2.9716,5.387096,3.9034362
774,774,774,774,774,774,4.5954924,4.3648806,4.442544,2.9536262,5.391171,3.8778806
775,775,775,775,775,775,4.566691,4.2830205,4.372312,2.995859,5.464737,3.8817892
776,776,776,776,776,776,4.5544662,4.2586713,4.2889786,3.0006337,5.417486,3.8781672
777,777,777,777,777,777,4.5179033,4.2196193,4.2708554,3.0276682,5.293911,3.855625
778,778,778,778,778,778,4.462669,4.168903,4.0323977,2.7413156,5.340457,3.8766158
779,779,779,779,779,779,4.403552,4.155381,3.9847834,2.7788253,5.2492123,3.828571
780,780,780,780,780,780,4.3366137,4.0883155,3.9071054,2.5867202,5.285823,3.7591438
781,781,781,781,781,781,4.3081956,4.018593,3.9082472,2.5311658,5.328268,3.7124617
782,782,782,782,782,782,4.2702274,3.9674978,3.7729015,2.4441042,5.567016,3.681998
783,783,783,783,783,783,4.221805,3.9061065,3.7397892,2.417033,5.6306143,3.6199014
784,784,784,784,784,784,4.1839685,3.8769176,3.7168155,2.3248968,5.703252,3.5601113
785,785,785,785,785,785,4.151896,3.8100467,3.664642,2.3702176,5.6667747,3.5234845
786,786,786,786,786,786,4.0423727,3.7285216,3.489155,2.4386015,5.659146,3.4750574
787,787,787,787,787,787,3.9812884,3.6562953,3.4744465,2.538213,5.6179466,3.452809
788,788,788,788,788,788,3.9353669,3.5673683,3.3107429,2.4987068,5.500844,3.397496
789,789,789,789,789,789,3.8842008,3.4885178,3.3308427,2.5040019,5.5363026,3.3387957
790,790,790,790,790,790,3.8302367,3.3981123,3.3731413,2.4807093,5.530702,3.3131838
791,791,791,791,791,791,3.80855,3.314594,3.2911012,2.3788548,5.535505,3.2779438
792,792,792,792,792,792,3.7442398,3.2669086,3.4075756,2.377861,5.636404,3.2307544
793,793,793,793,793,793,3.698636,3.229522,3.3932648,2.3413627,5.6688395,3.1754644
794,794,794,794,794,794,3.6529233,3.2036057,3.2678628,2.4315302,5.8062444,3.137379
795,795,795,795,795,795,3.6880736,3.1762066,3.3041801,2.4777145,5.7089844,3.0949152
796,796,796,796,796,796,3.6544182,3.1673944,3.2096462,2.4398565,5.6184807,3.0527115
797,797,797,797,797,797,3.5866487,3.0920312,3.1771686,2.4155757,5.729655,2.9661734
798,798,798,798,798,798,3.5621598,3.0572705,3.1453245,2.2565436,5.6528955,2.9537544
799,799,799,799,799,799,3.4816816,3.023577,3.102468,2.3438902,5.6250334,2.9052062
800,800,800,800,800,800,3.3945935,2.9916584,3.0712285,2.4229326,5.5759897,2.872967
801,801,801,801,801,801,3.3468063,2.9470923,2.9645336,2.4571567,5.4728384,2.8283565
802,802,802,802,802,802,3.286966,2.8933346,2.897166,2.360404,5.4733157,2.7850418
803,803,803,803,803,803,3.2113435,2.874704,2.9337175,2.3254855,5.535012,2.7084372
804,804,804,804,804,804,3.161893,2.8157985,2.8504074,2.2697768,5.5104074,2.608642
805,805,805,805,805,805,3.154041,2.8098218,2.7892046,2.35051,5.511348,2.539603
806,806,806,806,806,806,3.1046686,2.7556257,2.5937011,2.2950523,5.397923,2.4597585
807,807,807,807,807,807,3.0571084,2.6970766,2.5360122,2.280335,5.362316,2.4122212
808,808,808,808,808,808,3.0111122,2.6314294,2.3345184,2.1078265,5.4790945,2.367176
809,809,809,809,809,809,2.9926875,2.580284,2.227188,2.0667512,5.4378247,2.3464756
810,810,810,810,810,810,2.9148843,2.4861107,2.055193,2.0173523,5.5972266,2.326971
811,811,811,811,811,811,2.9039733,2.4390168,2.2799277,1.922026,5.5369296,2.2772148
812,812,812,812,812,812,2.8897,2.3442388,2.2039254,1.7911718,5.518431,2.2354891
813,813,813,813,813,813,2.8836813,2.2527442,2.163536,1.6482164,5.5492883,2.1976004
814,814,814,814,814,814,2.8433099,2.153186,2.0885608,1.5908276,5.6216946,2.1491249
815,815,815,815,815,815,2.7835615,2.1252804,2.2790966,1.6609585,5.741055,2.1223624
816,816,816,816,816,816,2.7447503,2.0964494,2.040575,1.7397068,5.769917,2.0951898
817,817,817,817,817,817,2.719032,2.064667,2.0829422,1.8388952,5.693349,2.0395448
818,818,818,818,818,818,2.6826932,2.037847,1.8071877,1.9447576,5.7216964,1.9953974
819,819,819,819,819,819,2.5848415,1.9996221,1.733068,1.9777597,5.6294303,1.9750866
820,820,820,820,820,820,2.5119348,1.9597594,1.6486964,2.0128222,5.4661117,1.9362684
821,821,821,821,821,821,2.426198,1.9602202,1.6038244,2.0239806,5.414472,1.9421728
822,822,822,822,822,822,2.3705356,1.9216748,1.4932991,1.9577229,5.27718,1.9305447
823,823,823,823,823,823,2.3331656,1.8673873,1.4444844,1.905825,5.301587,1.8922415
824,824,824,824,824,824,2.286311,1.8238996,1.3319741,1.8201194,5.2371626,1.8368969
825,825,825,825,825,825,2.2594042,1.7929468,1.31144,1.7137653,5.261714,1.7745761
826,826,826,826,826,826,2.2131126,1.7564567,1.3003155,1.6044953,5.193217,1.6871015
827,827,827,827,827,827,2.1775405,1.6961943,1.2579072,1.5336109,5.183589,1.6455402
828,828,828,828,828,828,2.101419,1.6212918,1.158968,1.4763402,5.2071724,1.5930028
829,829,829,829,829,829,2.055069,1.5871446,1.166025,1.508665,4.962437,1.5337654
830,830,830,830,830,830,1.9860324,1.5218275,1.098997,1.3833241,4.6533875,1.4758126
831,831,831,831,831,831,1.9476509,1.4789152,1.1302888,1.337129,4.572437,1.4581078
832,832,832,832,832,832,1.9126258,1.3960205,1.0145082,1.2271903,4.4731717,1.406143
833,833,833,833,833,833,1.8787036,1.3356812,1.0247533,1.1659145,4.369695,1.3787013
834,834,834,834,834,834,1.8331573,1.2626778,0.9533637,1.0979785,4.1120567,1.337325
835,835,835,835,835,835,1.789349,1.221247,0.9022656,1.0870894,4.02344,1.283269
836,836,836,836,836,836,1.783571,1.1521882,0.8807905,1.0556902,3.8725152,1.2448877
837,837,837,837,837,837,1.7589447,1.1022363,0.9181825,1.0611757,3.8002992,1.1974909
838,838,838,838,838,838,1.7286905,1.0458328,0.9513552,0.97820085,3.7569416,1.1667837
839,839,839,839,839,839,1.710214,0.9726101,0.95584226,0.934617,3.5505526,1.1413542
840,840,840,840,840,840,1.6568036,0.9180167,0.94603556,0.8748887,3.4147491,1.1086316
841,841,841,841,841,841,1.644059,0.86465913,0.94818836,0.88121647,3.323738,1.0812722
842,842,842,842,842,842,1.5965823,0.8121773,0.88513875,0.836538,3.2835672,1.0688981
843,843,843,843,843,843,1.5733844,0.80278456,0.8910826,0.86149085,3.2147298,1.0457145
844,844,844,844,844,844,1.5639799,0.7647312,0.80441254,0.9128829,3.1567109,1.0101022
845,845,845,845,845,845,1.5565287,0.73466665,0.795684,0.9341662,3.1284702,0.9864176
846,846,846,846,846,846,1.506587,0.71684605,0.781825,0.90198195,2.997278,0.9552815
847,847,847,847,847,847,1.4779341,0.66086024,0.8291156,0.87002134,2.933155,0.9544339
848,848,848,848,848,848,1.412377,0.68342465,0.77339184,0.84056103,2.8804967,0.9391467
849,849,849,849,849,849,1.3769386,0.6575859,0.7834893,0.8025173,2.6525393,0.93235666
850,850,850,850,850,850,1.3085371,0.640594,0.7563172,0.8516665,2.5783744,0.93946385
851,851,851,851,851,851,1.2538141,0.5844834,0.7423748,0.9108296,2.3504763,0.9024929
852,852,852,852,852,852,1.1992915,0.5869459,0.6886485,0.9585914,2.3127887,0.8827268
853,853,853,853,853,853,1.1307087,0.5621365,0.6856223,1.0204024,2.1310735,0.8788481
854,854,854,854,854,854,1.0885797,0.53362226,0.6254196,0.9369794,2.081054,0.86098844
855,855,855,855,855,855,1.0278842,0.473626,0.60251653,0.94872516,1.9184544,0.8371835
856,856,856,856,856,856,0.9633424,0.43854016,0.6438019,0.91538703,1.8193309,0.826849
857,857,857,857,857,857,0.8399832,0.37644842,0.63385344,0.88775206,1.6476189,0.790617
858,858,858,858,858,858,0.7645229,0.3680461,0.6200087,0.800753,1.5427059,0.7751936
859,859,859,859,859,859,0.707656,0.33916444,0.66021794,0.7849936,1.397504,0.7347475
860,860,860,860,860,860,0.65698606,0.29897967,0.68120533,0.6962801,1.2708228,0.71596384
861,861,861,861,861,861,0.5723451,0.2849573,0.69412065,0.68567413,1.2369378,0.68442374
862,862,862,862,862,862,0.5202971,0.26327133,0.68626827,0.69261104,1.2467232,0.64815545
863,863,863,863,863,863,0.4669721,0.23265822,0.65132374,0.6577015,1.1791137,0.57584
864,864,864,864,864,864,0.4035918,0.21238974,0.63945436,0.610271,1.2571259,0.56504315
865,865,865,865,865,865,0.34478962,0.19176608,0.63589203,0.6013068,1.113954,0.51907897
866,866,866,866,866,866,0.30767673,0.17502786,0.592758,0.54797155,1.1863445,0.53366226
867,867,867,867,867,867,0.27288333,0.16961941,0.59634674,0.64125013,0.9657519,0.49185106
868,868,868,868,868,868,0.23167531,0.15096553,0.5685962,0.687686,1.0025611,0.4541798
869,869,869,869,869,869,0.18744259,0.14460118,0.5503452,0.6487625,1.0448811,0.4250339
870,870,870,870,870,870,0.1735346,0.13825443,0.5199182,0.6206409,0.9550749,0.36862743
871,871,871,871,871,871,0.14708385,0.12950668,0.49304706,0.65445375,0.9735569,0.3331623
872,872,872,872,872,872,0.15549907,0.118076995,0.45308852,0.6583171,1.0672418,0.33532685
873,873,873,873,873,873,0.12574036,0.11288189,0.44165117,0.6841864,1.0735217,0.2244415
874,874,874,874,874,874,0.09425319,0.116713196,0.3666238,0.6716675,1.0232799,0.23712239
875,875,875,875,875,875,0.14560938,0.109879166,0.39337304,0.5914747,0.95296574,0.1670534
876,876,876,876,876,876,0.11119825,0.10070324,0.3875741,0.6109019,0.99225557,0.1331127
877,877,877,877,877,877,0.0924466,0.07323126,0.3209376,0.6456364,0.9927261,0.18707673
878,878,878,878,878,878,0.09199688,0.061292406,0.31472924,0.6288047,1.0833215,0.17388466
879,879,879,879,879,879,0.10895047,0.024705114,0.3302386,0.6134995,1.0777011,0.10676076
880,880,880,880,880,880,0.025686419,0.032391105,0.29322785,0.6009516,1.1573962,0.12567762
881,881,881,881,881,881,-0.06783701,-0.0016793726,0.26885816,0.5679439,1.1516731,0.06173466
882,882,882,882,882,882,-0.07172723,-0.0023681545,0.19118637,0.5595188,1.3435085,0.062968574
883,883,883,883,883,883,-0.10412687,-0.00149325,0.1505404,0.59198695,1.2745324,0.009278598
884,884,884,884,884,884,-0.13660036,-0.015227266,0.12871027,0.5913432,1.3571659,0.017163837
885,885,885,885,885,885,-0.1597419,-0.010140056,0.13216068,0.5916489,1.4477946,0.004808453
886,886,886,886,886,886,-0.15367648,-0.028250515,0.12769294,0.50234675,1.5022714,-0.021856178
887,887,887,887,887,887,-0.13788144,-0.04538874,0.10134309,0.42956892,1.5765764,-0.039405495
888,888,888,888,888,888,-0.15375374,-0.047539182,0.06339055,0.35428447,1.5161911,-0.038576268
889,889,889,889,889,889,-0.17276706,-0.041550174,0.020694511,0.3709006,1.5429846,-0.092180654
890,890,890,890,890,890,-0.180746,-0.044711698,0.02599191,0.36318505,1.4409261,-0.033882644
891,891,891,891,891,891,-0.20223954,-0.04110749,0.015199785,0.39746234,1.3936579,-0.06785771
892,892,892,892,892,892,-0.24191077,-0.03605806,0.025990896,0.3894719,1.3855191,-0.062465064
893,893,893,893,893,893,-0.18075134,-0.032124512,-0.0005158927,0.4228032,1.4608294,-0.0799305
894,894,894,894,894,894,-0.18410645,-0.047992535,0.008316449,0.34679985,1.4921718,-0.08799759
895,895,895,895,895,895,-0.17230837,-0.03240967,0.0019485248,0.34147784,1.5173749,-0.105163135
896,896,896,896,896,896,-0.15610525,-0.0371415,0.020220933,0.31288925,1.5638424,-0.05718042
897,897,897,897,897,897,-0.1654927,-0.03397955,-0.0343559,0.38315523,1.4351277,-0.09967679
898,898,898,898,898,898,-0.109280676,-0.033866424,-0.041763775,0.3745919,1.3792313,-0.049548324
899,899,899,899,899,899,-0.088789895,-0.03289611,-0.029789334,0.37892905,1.3402785,-0.10940554
900,900,900,900,900,900,-0.09781748,-0.034152225,-0.0140946815,0.295903,1.4185323,-0.08825799
901,901,901,901,901,901,-0.1320077,-0.019200515,-0.021830404,0.27344233,1.3645573,-0.1378076
902,902,902,902,902,902,-0.12494486,-0.019823555,0.016498482,0.22788967,1.3778318,-0.10947683
903,903,903,903,903,903,-0.1513907,-0.02133879,-0.018067023,0.21454775,1.4120497,-0.11654095
904,904,904,904,904,904,-0.20227818,-0.03444827,-0.008078513,0.14514323,1.445509,-0.09796028
905,905,905,905,905,905,-0.23485422,-0.02799737,-0.009880829,0.09599574,1.4917171,-0.1214271
906,906,906,906,906,906,-0.2305383,-0.022449123,0.032610364,0.0885026,1.3434907,-0.07977106
907,907,907,907,907,907,-0.25598726,-0.014876578,0.020965798,0.107601084,1.3739442,-0.09862515
908,908,908,908,908,908,-0.25606656,-0.019378526,0.036208645,0.06778621,1.5863376,-0.07192573
909,909,909,909,909,909,-0.25794038,-0.020424185,0.02711777,0.101861164,1.6550478,-0.07837642
910,910,910,910,910,910,-0.18463963,-0.0053962762,0.07624278,0.09583865,1.7908924,-0.026244787
911,911,911,911,911,911,-0.19245721,-0.0068920874,0.078264415,0.0831648,1.637983,-0.061336163
912,912,912,912,912,912,-0.19563432,0.018173104,0.11425465,0.08245745,1.6054885,0.00132527
913,913,913,913,913,913,-0.14957367,0.028447095,0.10733279,0.049769025,1.4478052,-0.01533228
914,914,914,914,914,914,-0.1539516,0.042143654,0.11529625,0.040155105,1.4104049,0.07067196
915,915,915,915,915,915,-0.10810268,0.06531368,0.10394848,0.006837873,1.1994601,0.0918289
916,916,916,916,916,916,-0.07322795,0.065946005,0.15251262,0.008994505,1.1802562,0.1245105
917,917,917,917,917,917,0.018492095,0.08543478,0.17931557,0.05114915,1.1753743,0.09870327
918,918,918,918,918,918,0.04677676,0.10534787,0.18819357,0.031904664,1.2232252,0.22285071
919,919,919,919,919,919,0.174033,0.11258648,0.24332061,0.03610267,1.0808187,0.25086728
920,920,920,920,920,920,0.19099064,0.10939145,0.22684354,0.052474633,1.0140368,0.2923528
921,921,921,921,921,921,0.20117532,0.14200741,0.24660039,0.0778125,0.89568746,0.34143046
922,922,922,922,922,922,0.20326641,0.14761959,0.25906575,0.008909128,0.874386,0.34943438
923,923,923,923,923,923,0.21165027,0.16209202,0.3247923,-0.015155335,0.7526378,0.37140837
924,924,924,924,924,924,0.24409366,0.14267421,0.312676,-0.017004183,0.92160153,0.4441689
925,925,925,925,925,925,0.27050322,0.14851306,0.3452821,-0.002817026,0.8631065,0.4443279
926,926,926,926,926,926,0.2935978,0.17568932,0.32704583,-0.03136252,0.7780017,0.4511395
927,927,927,927,927,927,0.2698616,0.17313589,0.37802944,0.046015408,0.74431634,0.47877917
928,928,928,928,928,928,0.29408297,0.1918598,0.41147166,0.02495196,0.7719802,0.5262336
929,929,929,929,929,929,0.36265698,0.20396566,0.48007002,0.037250996,0.693512,0.5382366
930,930,930,930,930,930,0.37054458,0.20760508,0.47647265,-0.05271924,0.74304813,0.58496726
931,931,931,931,931,931,0.4002512,0.23013061,0.5009341,-0.005538856,0.76363146,0.61517036
932,932,932,932,932,932,0.43311614,0.27774727,0.5399783,0.0044776155,0.80522233,0.71468747
933,933,933,933,933,933,0.5242823,0.3062553,0.59040475,0.034914218,0.8965605,0.7203768
934,934,934,934,934,934,0.57387716,0.34598064,0.5603366,-0.05275083,0.88557845,0.7995065
935,935,935,935,935,935,0.6798825,0.3880958,0.5630629,-0.07570923,0.89087254,0.8188103
936,936,936,936,936,936,0.77218163,0.44247606,0.5442101,-0.07108391,0.95852864,0.8467253
937,937,937,937,937,937,0.83582217,0.493247,0.5522393,0.005705342,1.035715,0.8805791
938,938,938,938,938,938,0.90635943,0.58535147,0.5279784,0.06789933,1.0585952,0.9184269
939,939,939,939,939,939,0.9718936,0.6484974,0.55140495,0.09273817,1.11226,0.94580334
940,940,940,940,940,940,1.0388241,0.7395504,0.5739042,0.0163011,1.2710516,0.98544043
941,941,941,941,941,941,1.0814165,0.7960144,0.5933326,0.059585713,1.3726193,1.0038265
942,942,942,942,942,942,1.1672441,0.89202374,0.63701844,-0.004786255,1.5737219,1.0296992
943,943,943,943,943,943,1.1939905,0.9227521,0.7077259,0.010861708,1.6947709,1.0402567
944,944,944,944,944,944,1.2056624,0.99893665,0.7248678,-0.016851356,1.8226832,1.0464216
945,945,945,945,945,945,1.2206105,1.0386487,0.743352,0.07203885,1.8312266,1.0655491
946,946,946,946,946,946,1.2513915,1.0968482,0.8021423,0.20410483,2.1703658,1.0966455
947,947,947,947,947,947,1.3350556,1.1657639,0.85906804,0.30915186,2.3970454,1.1341591
948,948,948,948,948,948,1.404236,1.2355386,0.8306164,0.15722753,2.9924111,1.2224104
949,949,949,949,949,949,1.4806501,1.2965474,0.835371,0.09366323,3.1878371,1.2536564
950,950,950,950,950,950,1.514297,1.3658389,0.85001034,0.16644402,3.277754,1.3016914
951,951,951,951,951,951,1.5279596,1.3864611,0.86329055,0.18632926,3.3417492,1.3035953
952,952,952,952,952,952,1.6038995,1.4705974,0.7917433,0.15624441,3.405353,1.331098
953,953,953,953,953,953,1.6655326,1.5063025,0.83574045,0.18073577,3.6037946,1.3809967
954,954,954,954,954,954,1.772355,1.6287341,0.88950235,0.20075248,4.0213804,1.4316789
955,955,955,955,955,955,1.9056085,1.7051003,1.0297235,0.25405997,4.232933,1.4848002
956,956,956,956,956,956,1.9661211,1.7817367,1.0286186,0.2924384,4.323083,1.5463918
957,957,957,957,957,957,2.044258,1.8371377,1.1363978,0.3050499,4.4507403,1.5821215
958,958,958,958,958,958,2.153471,1.924457,1.2165018,0.39655307,4.4281235,1.6426591
959,959,959,959,959,959,2.3026245,1.9960715,1.3064796,0.50216275,4.362483,1.7439542
960,960,960,960,960,960,2.3785112,2.0664203,1.3149774,0.49745077,4.7189794,1.8208079
961,961,961,961,961,961,2.422033,2.145253,1.364096,0.53167725,4.658062,1.8880639
962,962,962,962,962,962,2.4505372,2.2247264,1.4252769,0.5417761,4.731382,1.9663012
963,963,963,963,963,963,2.5717697,2.310359,1.4775919,0.5349613,4.78353,2.036801
964,964,964,964,964,964,2.6719217,2.397884,1.6021945,0.56842285,4.8441267,2.0929794
965,965,965,965,965,965,2.8272994,2.456411,2.0574908,0.54588366,4.7124915,2.148228
966,966,966,966,966,966,2.8907344,2.4523327,2.4050195,0.59197927,4.827104,2.1984923
967,967,967,967,967,967,2.9405723,2.521461,2.8857694,0.6762967,4.808056,2.247584
968,968,968,968,968,968,3.0663126,2.5130467,2.947764,0.66391015,4.6614456,2.3114605
969,969,969,969,969,969,3.223971,2.5205796,3.1068633,0.7774266,4.5164967,2.3388495
970,970,970,970,970,970,3.2758272,2.6696868,3.116928,0.7268388,4.4634914,2.4150438
971,971,971,971,971,971,3.2767792,2.7194376,3.213379,0.793872,4.724118,2.488774
972,972,972,972,972,972,3.3096316,2.805161,3.113825,0.9109611,4.8893285,2.563017
973,973,973,973,973,973,3.4784248,2.952881,3.2172365,0.9611583,5.0063577,2.6766832
974,974,974,974,974,974,3.6108997,3.068956,3.4971886,0.9496229,5.0649443,2.750547
975,975,975,975,975,975,3.7246897,3.1450222,3.510194,0.9699086,5.102258,2.8341084
976,976,976,976,976,976,3.8384256,3.2254212,3.6217325,0.9765441,5.058832,2.9173136
977,977,977,977,977,977,4.1453986,3.3014376,3.7803721,1.0460839,5.1510754,2.9845552
978,978,978,978,978,978,4.33038,3.365811,3.7716832,1.0187572,5.3500376,3.0984814
979,979,979,979,979,979,4.484447,3.4765174,3.9047456,1.0968664,5.7983294,3.2150877
980,980,980,980,980,980,4.5930133,3.5907702,3.905254,1.2094172,5.869973,3.2292535
981,981,981,981,981,981,4.5828705,3.6537087,3.9229515,1.3191613,5.629387,3.2638385
982,982,982,982,982,982,4.5924215,3.7336297,3.9401412,1.4227617,5.710943,3.3069303
983,983,983,983,983,983,4.721899,3.8156304,4.3692913,1.5805441,5.5853906,3.3445334
984,984,984,984,984,984,4.910615,3.9365726,4.3304634,1.6833397,5.652736,3.484357
985,985,985,985,985,985,4.9899316,4.0123744,4.520811,1.6932429,5.5604725,3.5806992
986,986,986,986,986,986,5.1060762,4.13689,4.9093666,1.9109174,5.4981174,3.7256567
987,987,987,987,987,987,5.228706,4.23434,5.334608,1.8830423,5.5552063,3.8454952
988,988,988,988,988,988,5.439447,4.321768,5.5439844,1.9259391,5.314555,3.9356081
989,989,989,989,989,989,5.5667634,4.442371,5.747822,2.146791,5.377378,3.9463315
990,990,990,990,990,990,5.659729,4.5147085,5.701249,1.9122622,5.548409,4.064083
991,991,991,991,991,991,5.695853,4.6200967,5.662167,1.9492584,5.550598,4.2874413
992,992,992,992,992,992,5.7512016,4.7281613,5.438148,1.8726209,5.932699,4.362532
993,993,993,993,993,993,5.801545,4.854148,5.3726406,1.8734837,6.077525,4.5226717
994,994,994,994,994,994,5.932092,4.960053,5.318878,1.9659687,5.925576,4.686704
995,995,995,995,995,995,5.9855294,5.113028,5.4071646,2.1082587,5.8046484,4.88784
996,996,996,996,996,996,6.1405334,5.234511,5.3627787,2.151765,5.8851175,5.0568347
997,997,997,997,997,997,6.174014,5.374065,5.3258543,2.1652272,6.4342656,5.1163106
998,998,998,998,998,998,6.295538,5.495544,5.7225337,1.9266852,6.620641,5.257278
999,999,999,999,999,999,6.3410993,5.637949,5.788724,2.1571434,6.5958605,5.366233
1000,1000,1000,1000,1000,1000,6.354789,5.690338,5.960148,2.1053054,6.7196116,5.377337
1001,1001,1001,1001,1001,1001,6.5019574,5.743946,5.9981327,2.074385,6.911962,5.4003906
1002,1002,1002,1002,1002,1002,6.5331745,5.8411517,6.448659,2.1536224,7.1107497,5.4391656
1003,1003,1003,1003,1003,1003,6.6396933,5.9415007,6.5820537,2.2214692,7.2426844,5.5284967
1004,1004,1004,1004,1004,1004,6.774147,6.0381703,6.521976,2.1970642,7.28429,5.6733975
1005,1005,1005,1005,1005,1005,6.8980484,6.181009,6.38974,2.3561141,7.207346,5.809794
1006,1006,1006,1006,1006,1006,7.0246058,6.2896166,6.3572264,2.4580739,7.3239894,5.8961515
1007,1007,1007,1007,1007,1007,7.1632943,6.4340615,6.4059987,2.4921014,7.2824507,6.034719
1008,1008,1008,1008,1008,1008,7.2981634,6.576911,6.559538,2.3350027,7.421182,6.2730327
1009,1009,1009,1009,1009,1009,7.3848395,6.7093916,6.624459,2.439558,7.415147,6.2982345
1010,1010,1010,1010,1010,1010,7.496729,6.8388624,6.9726276,2.5568254,7.3427997,6.4030404
1011,1011,1011,1011,1011,1011,7.57882,7.0082107,7.1305227,2.5208673,7.4464197,6.439783
1012,1012,1012,1012,1012,1012,7.628783,7.1019783,7.331196,2.6002991,7.591947,6.585052
1013,1013,1013,1013,1013,1013,7.681058,7.1828384,7.382735,2.767683,7.6006775,6.6482186
1014,1014,1014,1014,1014,1014,7.80552,7.3209796,7.7537336,2.787089,7.7957177,6.7561345
1015,1015,1015,1015,1015,1015,7.940476,7.4473367,7.776526,2.9417546,8.15244,6.908051
1016,1016,1016,1016,1016,1016,7.9767847,7.3894463,7.9653287,2.959024,8.076738,7.136571
1017,1017,1017,1017,1017,1017,8.042449,7.472727,7.9246864,2.822892,8.039891,7.1825633
1018,1018,1018,1018,1018,1018,8.161104,7.498163,8.103131,2.991789,7.779813,7.238306
1019,1019,1019,1019,1019,1019,8.299688,7.5858555,8.166314,3.0789292,7.98986,7.353352
1020,1020,1020,1020,1020,1020,8.436448,7.7548428,8.428151,2.8786147,8.090855,7.4515276
1021,1021,1021,1021,1021,1021,8.585007,7.873113,8.433815,2.8701963,8.183785,7.6431727
1022,1022,1022,1022,1022,1022,8.659527,7.9820952,8.398219,2.946808,8.406056,7.750159
1023,1023,1023,1023,1023,1023,8.801978,7.9953165,8.4488125,2.9299116,8.506222,7.88227
1024,1024,1024,1024,1024,1024,8.941252,8.027548,8.560919,3.064023,8.760788,7.922589
1025,1025,1025,1025,1025,1025,9.014028,8.065935,8.6035595,3.1407952,8.698038,7.953972
1026,1026,1026,1026,1026,1026,9.054112,8.10611,8.254196,3.2942963,8.472237,8.074316
1027,1027,1027,1027,1027,1027,9.100063,8.130355,8.357294,3.3249938,8.567515,8.27407
1028,1028,1028,1028,1028,1028,9.202284,8.217444,8.29025,3.5595212,9.036791,8.239065
1029,1029,1029,1029,1029,1029,9.238054,8.261004,8.19753,3.535863,8.881097,8.231986
1030,1030,1030,1030,1030,1030,9.198423,8.277493,8.243148,3.7696793,8.78996,8.383202
1031,1031,1031,1031,1031,1031,9.284004,8.344331,8.30698,3.960753,8.684934,8.541093
1032,1032,1032,1032,1032,1032,9.329263,8.391836,8.445013,4.1403203,8.965094,8.584306
1033,1033,1033,1033,1033,1033,9.40224,8.454099,8.337525,4.249169,9.20534,8.701348
1034,1034,1034,1034,1034,1034,9.497546,8.5022745,8.40462,4.318196,9.043073,8.871001
1035,1035,1035,1035,1035,1035,9.5915985,8.561728,8.532479,4.166505,8.979235,8.947896
1036,1036,1036,1036,1036,1036,9.670193,8.718446,8.409723,4.288215,9.093531,9.089606
1037,1037,1037,1037,1037,1037,9.620553,8.816275,8.519557,4.664397,9.155354,9.11044
1038,1038,1038,1038,1038,1038,9.627922,8.854934,8.657503,4.9872527,9.18497,9.2940855
1039,1039,1039,1039,1039,1039,9.654602,8.889673,8.636527,4.844601,9.231466,9.390325
1040,1040,1040,1040,1040,1040,9.649119,8.993276,8.8110695,4.89675,9.258335,9.397261
1041,1041,1041,1041,1041,1041,9.676999,9.050802,8.619924,4.786849,9.624319,9.51679
1042,1042,1042,1042,1042,1042,9.698406,9.160036,8.746489,4.958842,9.383327,9.556374
1043,1043,1043,1043,1043,1043,9.70184,9.35964,8.978979,4.946014,9.516915,9.532773
1044,1044,1044,1044,1044,1044,9.813514,9.490096,9.249516,5.048003,9.619821,9.658877
1045,1045,1045,1045,1045,1045,9.969867,9.504952,9.033402,5.08614,10.039778,9.813349
1046,1046,1046,1046,1046,1046,10.026726,9.554989,9.347949,5.40854,10.046511,9.840551
1047,1047,1047,1047,1047,1047,10.029899,9.622173,9.289821,5.7021637,9.636613,9.848413
1048,1048,1048,1048,1048,1048,10.019216,9.673618,9.150899,5.55797,9.865433,10.01694
1049,1049,1049,1049,1049,1049,10.089705,9.798618,9.196816,5.9334755,10.098145,10.100632
1050,1050,1050,1050,1050,1050,10.119297,9.8426695,9.05678,6.055223,9.877126,10.234312
1051,1051,1051,1051,1051,1051,10.114874,9.973858,9.30847,6.039229,9.902645,10.276151
1052,1052,1052,1052,1052,1052,10.187267,10.103323,9.157789,6.0999303,9.875497,10.392198
1053,1053,1053,1053,1053,1053,10.237704,10.148487,9.365348,6.4682183,9.717391,10.462828
1054,1054,1054,1054,1054,1054,10.340406,10.242635,9.369307,6.753181,9.723552,10.572883
1055,1055,1055,1055,1055,1055,10.343975,10.284908,9.429019,6.938533,9.681937,10.682274
1056,1056,1056,1056,1056,1056,10.450097,10.445229,9.942063,6.847745,9.561711,10.779464
1057,1057,1057,1057,1057,1057,10.569937,10.528253,9.974715,6.6498127,9.473596,10.921704
1058,1058,1058,1058,1058,1058,10.666144,10.576044,10.3138485,7.0576553,9.527807,10.941399
1059,1059,1059,1059,1059,1059,10.758918,10.761546,10.316165,7.2657886,9.536359,10.991763
1060,1060,1060,1060,1060,1060,10.795594,10.773876,10.547777,7.406743,9.691378,10.975027
1061,1061,1061,1061,1061,1061,10.876153,10.834447,10.969947,7.1937323,9.685115,11.09488
1062,1062,1062,1062,1062,1062,10.906688,10.817717,10.56114,7.437246,10.528606,11.121038
1063,1063,1063,1063,1063,1063,10.987436,10.807266,10.257183,7.1685443,10.6739235,11.160778
1064,1064,1064,1064,1064,1064,10.9681,10.829008,10.538321,7.1522546,10.063358,11.219209
1065,1065,1065,1065,1065,1065,10.988883,11.00888,10.410584,7.0891814,10.447692,11.291127
1066,1066,1066,1066,1066,1066,10.986786,11.118116,10.350845,7.3711534,10.31701,11.4000635
1067,1067,1067,1067,1067,1067,11.086607,11.190747,10.796154,7.7513404,10.104576,11.473187
1068,1068,1068,1068,1068,1068,11.098403,11.214766,10.5323,7.921914,10.443596,11.482478
1069,1069,1069,1069,1069,1069,11.101389,11.197763,10.352451,8.27649,9.21524,11.564394
1070,1070,1070,1070,1070,1070,11.196026,11.235321,10.105037,8.397114,11.073297,11.602324
1071,1071,1071,1071,1071,1071,11.309674,11.230837,9.76573,8.644846,10.836984,11.612989
1072,1072,1072,1072,1072,1072,11.248085,11.293117,10.135458,8.538132,10.612551,11.73132
1073,1073,1073,1073,1073,1073,11.27448,11.406632,9.96714,8.617574,10.778774,11.694564
1074,1074,1074,1074,1074,1074,11.360386,11.41132,10.149567,8.665919,10.56399,11.7200985
1075,1075,1075,1075,1075,1075,11.48986,11.492954,10.344392,8.738762,9.593788,11.780685
1076,1076,1076,1076,1076,1076,11.526791,11.520425,10.655631,8.646134,11.015334,11.817744
1077,1077,1077,1077,1077,1077,11.496693,11.554299,11.114635,8.759843,9.990968,11.902572
1078,1078,1078,1078,1078,1078,11.542352,11.624393,11.420668,8.651716,9.990011,11.93612
1079,1079,1079,1079,1079,1079,11.539997,11.627259,11.546905,8.600886,10.312752,11.950894
1080,1080,1080,1080,1080,1080,11.554676,11.700113,11.622055,8.939455,10.554869,11.969793
1081,1081,1081,1081,1081,1081,11.596973,11.808705,11.673125,8.716549,10.611317,11.981196
1082,1082,1082,1082,1082,1082,11.622168,11.9570055,11.765979,8.446092,9.934394,11.995615
1083,1083,1083,1083,1083,1083,11.593389,11.957945,11.927973,8.278678,9.934646,12.033726
1084,1084,1084,1084,1084,1084,11.720771,11.9639845,11.95819,8.37473,9.400011,12.071751
1085,1085,1085,1085,1085,1085,11.76253,11.959278,11.732244,8.426291,10.64981,12.017203
1086,1086,1086,1086,1086,1086,11.762864,11.939757,11.530676,8.033958,9.518842,12.040984
1087,1087,1087,1087,1087,1087,11.752394,11.979425,11.933821,7.965831,10.738059,12.04786
1088,1088,1088,1088,1088,1088,11.776868,12.047966,11.923584,8.019453,10.766995,12.1292715
1089,1089,1089,1089,1089,1089,11.751025,12.047384,11.699226,8.05147,10.651341,12.122403
1090,1090,1090,1090,1090,1090,11.737977,12.083851,11.831183,8.12165,10.459287,12.16613
1091,1091,1091,1091,1091,1091,11.780526,12.098609,11.784905,7.905061,10.649225,12.174617
1092,1092,1092,1092,1092,1092,11.83019,12.131522,11.566549,8.2656,11.32193,12.20715
1093,1093,1093,1093,1093,1093,11.837214,12.136537,11.028442,8.348718,11.440664,12.192336
1094,1094,1094,1094,1094,1094,11.826543,12.114989,11.509923,8.496634,11.411897,12.210714
1095,1095,1095,1095,1095,1095,11.872057,12.156978,11.934048,8.630523,11.38666,12.214075
1096,1096,1096,1096,1096,1096,11.91251,12.166724,11.8176775,8.60673,11.519318,12.2634945
1097,1097,1097,1097,1097,1097,11.935767,12.147704,11.964091,8.386836,11.687772,12.265965
1098,1098,1098,1098,1098,1098,11.950801,12.202469,12.096532,8.499263,11.672483,12.39063
1099,1099,1099,1099,1099,1099,11.987058,12.134411,11.857444,8.382957,11.749985,12.40762
1100,1100,1100,1100,1100,1100,12.008418,12.098391,12.199804,8.658555,11.9642,12.471107
1101,1101,1101,1101,1101,1101,12.031942,12.095464,11.994439,8.69201,11.512805,12.388599
1102,1102,1102,1102,1102,1102,12.107511,11.944393,11.982856,8.822932,11.681966,12.549673
1103,1103,1103,1103,1103,1103,12.145172,12.05275,12.0528755,8.796887,11.436482,12.5457945
1104,1104,1104,1104,1104,1104,12.1178665,12.086133,12.049751,8.887973,11.259867,12.597243
1105,1105,1105,1105,1105,1105,12.246684,12.134646,11.9086685,8.899166,11.181909,12.611918
1106,1106,1106,1106,1106,1106,12.278269,12.165024,12.105305,8.945734,11.005638,12.690125
1107,1107,1107,1107,1107,1107,12.320341,12.082223,11.972502,8.832351,11.278436,12.703695
1108,1108,1108,1108,1108,1108,12.28284,12.129579,12.010657,8.796415,11.21697,12.60587
1109,1109,1109,1109,1109,1109,12.3457985,12.172323,11.952119,8.706882,10.92182,12.6142
1110,1110,1110,1110,1110,1110,12.442449,12.142811,11.997105,8.964766,11.370814,12.70621
1111,1111,1111,1111,1111,1111,12.432371,12.179462,11.917156,8.763978,10.979767,12.607166
1112,1112,1112,1112,1112,1112,12.485797,12.22347,11.932321,8.92337,10.737929,12.614799
1113,1113,1113,1113,1113,1113,12.649574,12.28373,12.2057085,8.954707,11.16129,12.719926
1114,1114,1114,1114,1114,1114,12.707652,12.336849,12.179265,9.038683,11.34742,12.764472
1115,1115,1115,1115,1115,1115,12.6308565,12.302997,11.954553,9.004573,11.262122,12.759633
1116,1116,1116,1116,1116,1116,12.5537405,12.318279,12.228569,9.092053,11.4957485,12.731153
1117,1117,1117,1117,1117,1117,12.516486,12.372843,12.467978,9.121718,11.069899,12.736535
1118,1118,1118,1118,1118,1118,12.439906,12.347188,12.507099,9.069291,11.467535,12.812612
1119,1119,1119,1119,1119,1119,12.517391,12.312345,12.534376,8.910396,11.14475,12.805533
1120,1120,1120,1120,1120,1120,12.6102495,12.342699,12.466933,8.978963,10.9072,12.818578
1121,1121,1121,1121,1121,1121,12.719633,12.333052,12.542396,8.960042,11.152638,12.823674
1122,1122,1122,1122,1122,1122,12.681082,12.410053,12.58839,9.052229,10.90835,12.839961
1123,1123,1123,1123,1123,1123,12.719514,12.444136,12.509411,9.136392,10.550086,12.901571
1124,1124,1124,1124,1124,1124,12.828307,12.403875,12.824717,9.3095665,10.712712,13.060275
1125,1125,1125,1125,1125,1125,12.825122,12.501929,12.821129,8.994766,10.335243,13.155879
1126,1126,1126,1126,1126,1126,12.84906,12.636896,12.636551,9.193015,10.341007,13.168405
1127,1127,1127,1127,1127,1127,12.942757,12.755842,13.011878,9.176502,10.638008,13.2359085
1128,1128,1128,1128,1128,1128,12.983697,12.875642,13.178916,9.65856,10.781985,13.308826
1129,1129,1129,1129,1129,1129,13.124611,13.114018,12.921079,9.811793,11.186389,13.561384
1130,1130,1130,1130,1130,1130,13.130592,13.145448,12.9984255,9.74334,11.466162,13.670513
1131,1131,1131,1131,1131,1131,13.152947,13.225207,13.062589,9.836003,11.469347,13.712352
1132,1132,1132,1132,1132,1132,13.239874,13.359464,13.103162,9.974944,11.300952,13.728148
1133,1133,1133,1133,1133,1133,13.292562,13.384711,12.8514595,10.343711,11.869165,13.712697
1134,1134,1134,1134,1134,1134,13.363171,13.477872,13.3036175,10.295196,11.407599,13.802222
1135,1135,1135,1135,1135,1135,13.279436,13.562704,13.246583,10.432685,11.448388,13.818242
1136,1136,1136,1136,1136,1136,13.478024,13.698387,13.067933,10.295903,11.513795,13.934859
1137,1137,1137,1137,1137,1137,13.588977,13.812641,13.317732,9.748199,11.601849,13.947427
1138,1138,1138,1138,1138,1138,13.607263,13.736988,13.268274,9.945169,12.3312435,14.094444
1139,1139,1139,1139,1139,1139,13.704396,13.7602415,13.170685,9.78522,12.54931,14.094785
1140,1140,1140,1140,1140,1140,13.700642,13.840023,13.385847,9.784006,12.449292,14.155136
1141,1141,1141,1141,1141,1141,13.705344,13.833585,13.611697,9.681092,12.852768,14.219862
1142,1142,1142,1142,1142,1142,13.720534,13.865598,13.659455,9.857088,13.469493,14.304676
1143,1143,1143,1143,1143,1143,13.761814,14.015734,14.007317,9.513497,14.102448,14.414336
1144,1144,1144,1144,1144,1144,13.863608,14.129062,13.871265,9.889163,14.2855,14.529022
1145,1145,1145,1145,1145,1145,13.874994,14.198043,13.569441,10.177663,15.278256,14.600444
1146,1146,1146,1146,1146,1146,13.879285,14.225886,13.519984,10.096249,15.460144,14.677422
1147,1147,1147,1147,1147,1147,13.967492,14.212101,13.978123,10.0122385,15.912634,14.784418
1148,1148,1148,1148,1148,1148,14.049218,14.33032,14.135898,10.377466,15.626135,14.901944
1149,1149,1149,1149,1149,1149,14.090759,14.409016,14.239595,10.160218,14.988215,14.968828
1150,1150,1150,1150,1150,1150,14.155368,14.525313,14.065273,9.735592,15.125351,15.031566
1151,1151,1151,1151,1151,1151,14.338617,14.624134,13.786617,9.767151,15.192193,15.132186
1152,1152,1152,1152,1152,1152,14.389322,14.583597,13.791428,9.739663,15.376373,15.223598
1153,1153,1153,1153,1153,1153,14.389005,14.440594,13.875277,9.552821,15.748165,15.353536
1154,1154,1154,1154,1154,1154,14.373534,14.460318,13.750717,9.686521,16.202787,15.410405
1155,1155,1155,1155,1155,1155,14.404866,14.53128,13.8366585,9.922559,16.27673,15.408129
1156,1156,1156,1156,1156,1156,14.489767,14.538496,13.801154,9.998195,16.61279,15.458061
1157,1157,1157,1157,1157,1157,14.713344,14.574262,13.917846,10.493764,17.083878,15.464248
1158,1158,1158,1158,1158,1158,14.736197,14.6876,13.562856,10.571135,17.359976,15.505819
1159,1159,1159,1159,1159,1159,14.82403,14.687599,13.984049,10.7323675,17.711603,15.565852
1160,1160,1160,1160,1160,1160,14.824786,14.716956,13.9047985,10.901852,17.830723,15.598295
1161,1161,1161,1161,1161,1161,14.824549,14.739768,14.317258,11.137125,17.97084,15.592394
1162,1162,1162,1162,1162,1162,14.837811,14.765206,14.3614645,11.16879,17.721172,15.631355
1163,1163,1163,1163,1163,1163,14.928619,14.787171,14.417371,11.222495,18.007915,15.673813
1164,1164,1164,1164,1164,1164,14.972347,14.821191,14.206799,10.989143,18.15253,15.714209
1165,1165,1165,1165,1165,1165,14.974622,14.853125,14.450606,10.824134,18.191652,15.750537
1166,1166,1166,1166,1166,1166,14.936111,14.962507,14.1345215,11.218287,17.69742,15.823998
1167,1167,1167,1167,1167,1167,14.916348,15.082696,13.951167,11.032451,17.593832,15.770066
1168,1168,1168,1168,1168,1168,14.916443,15.24896,13.879699,10.853543,17.294062,15.752927
1169,1169,1169,1169,1169,1169,14.994351,15.212611,14.281557,11.088055,18.327345,15.76825
1170,1170,1170,1170,1170,1170,15.067031,15.264209,14.089461,11.187831,18.336384,15.802154
1171,1171,1171,1171,1171,1171,15.109327,15.319473,14.352662,11.046424,18.417593,15.749079
1172,1172,1172,1172,1172,1172,15.175416,15.38713,14.342765,11.48592,18.488028,15.712385
1173,1173,1173,1173,1173,1173,15.221111,15.326688,14.3231325,11.348878,18.616842,15.667557
1174,1174,1174,1174,1174,1174,15.320063,15.463054,14.41879,11.566805,18.50029,15.635088
1175,1175,1175,1175,1175,1175,15.346054,15.424737,14.155055,11.289017,18.330093,15.594559
1176,1176,1176,1176,1176,1176,15.358578,15.436165,14.071064,11.406577,18.187096,15.617061
1177,1177,1177,1177,1177,1177,15.328533,15.242488,14.254824,11.358327,18.19521,15.57992
1178,1178,1178,1178,1178,1178,15.2524395,15.124602,14.26054,11.333776,17.43764,15.433155
1179,1179,1179,1179,1179,1179,15.167749,15.08712,14.309555,11.243169,17.809444,15.329942
1180,1180,1180,1180,1180,1180,15.128021,15.00356,14.224772,11.071904,17.687616,15.343645
1181,1181,1181,1181,1181,1181,15.073282,14.888676,14.183521,11.3351555,17.631508,15.271208
1182,1182,1182,1182,1182,1182,15.026958,14.915013,14.098547,11.289962,16.864954,15.291014
1183,1183,1183,1183,1183,1183,14.933718,14.795223,14.005831,11.095549,17.484995,15.316866
1184,1184,1184,1184,1184,1184,14.865583,14.93035,14.104356,11.270385,17.20203,15.2405405
1185,1185,1185,1185,1185,1185,14.852256,14.844542,14.083608,11.207065,16.959684,15.141246
1186,1186,1186,1186,1186,1186,14.754619,14.812004,13.8410015,11.192895,16.980545,15.05552
1187,1187,1187,1187,1187,1187,14.619265,14.719956,13.97498,10.922219,17.200527,15.053931
1188,1188,1188,1188,1188,1188,14.448573,14.725935,13.67406,11.019836,16.941086,14.958166
1189,1189,1189,1189,1189,1189,14.346396,14.613015,13.549537,10.633962,16.798746,15.014573
1190,1190,1190,1190,1190,1190,14.374611,14.586973,13.426953,10.710716,16.55876,15.02662
1191,1191,1191,1191,1191,1191,14.318985,14.591525,13.5775585,10.054663,16.756039,14.909513
1192,1192,1192,1192,1192,1192,14.272528,14.570002,13.593178,10.084453,15.493115,14.86588
1193,1193,1193,1193,1193,1193,14.16692,14.443694,13.6702175,9.71687,15.677379,14.732779
1194,1194,1194,1194,1194,1194,14.115055,14.357482,13.659893,9.657841,15.642312,14.698527
1195,1195,1195,1195,1195,1195,14.037722,14.319904,13.88099,9.369897,14.749761,14.660744
1196,1196,1196,1196,1196,1196,13.963809,14.324381,13.754434,9.21066,14.314893,14.5741
1197,1197,1197,1197,1197,1197,13.877496,14.23781,13.55439,9.108338,13.283211,14.50312
1198,1198,1198,1198,1198,1198,13.857432,14.157972,13.195562,9.185674,13.172895,14.3968
1199,1199,1199,1199,1199,1199,13.877647,14.053974,13.031605,9.091511,13.144852,14.336866
1200,1200,1200,1200,1200,1200,13.767468,13.938992,13.00478,8.740239,13.797491,14.25616
1201,1201,1201,1201,1201,1201,13.590334,13.725096,12.781787,8.576778,14.337728,14.148604
1202,1202,1202,1202,1202,1202,13.518532,13.708053,12.44027,8.869067,14.782482,14.027425
1203,1203,1203,1203,1203,1203,13.401193,13.634585,12.266024,8.86311,15.35486,13.940491
1204,1204,1204,1204,1204,1204,13.275438,13.514918,11.894474,8.83316,15.4361515,13.854608
1205,1205,1205,1205,1205,1205,13.22052,13.35111,11.9946785,9.0418215,15.396114,13.765229
1206,1206,1206,1206,1206,1206,13.030018,13.1276045,11.999931,9.433884,15.048364,13.64719
1207,1207,1207,1207,1207,1207,12.815598,13.049402,11.614921,9.388216,14.371554,13.699527
1208,1208,1208,1208,1208,1208,12.814025,13.086462,11.489051,9.578076,13.499363,13.637508
1209,1209,1209,1209,1209,1209,12.711437,12.9893,11.596802,9.515744,13.259175,13.493709
1210,1210,1210,1210,1210,1210,12.614749,12.733101,11.497518,9.630339,12.241065,13.309639
1211,1211,1211,1211,1211,1211,12.433189,12.728873,11.574302,9.685667,11.86137,13.185116
1212,1212,1212,1212,1212,1212,12.3545065,12.491135,11.529686,9.683204,10.604255,13.178115
1213,1213,1213,1213,1213,1213,12.343135,12.150143,11.388665,9.490778,11.054842,13.037295
1214,1214,1214,1214,1214,1214,12.331762,11.982972,11.341033,9.500603,10.71534,12.894061
1215,1215,1215,1215,1215,1215,12.197617,12.068377,11.3744955,9.595862,11.306187,12.555504
1216,1216,1216,1216,1216,1216,12.119917,12.128665,10.548084,9.4134655,10.785909,12.392732
1217,1217,1217,1217,1217,1217,12.006271,12.094055,10.460359,9.306925,10.188699,12.362594
1218,1218,1218,1218,1218,1218,11.987482,11.971909,10.383236,9.196562,10.477727,12.286035
1219,1219,1219,1219,1219,1219,11.89927,11.871295,10.467069,9.058651,10.985951,12.246138
1220,1220,1220,1220,1220,1220,11.766897,11.707477,10.378792,9.14336,11.088334,12.117653
1221,1221,1221,1221,1221,1221,11.624974,11.591739,10.3489485,9.202456,10.198119,11.976487
1222,1222,1222,1222,1222,1222,11.519948,11.385532,10.259977,9.105526,10.968816,11.755219
1223,1223,1223,1223,1223,1223,11.3813505,11.182377,10.051844,8.813635,11.527444,11.549668
1224,1224,1224,1224,1224,1224,11.281259,11.088743,10.120772,8.985737,10.775106,11.423093
1225,1225,1225,1225,1225,1225,11.162431,11.051447,9.956783,8.747141,10.548648,11.3315
1226,1226,1226,1226,1226,1226,11.070127,11.018942,9.83893,8.66459,10.225018,11.186401
1227,1227,1227,1227,1227,1227,10.930384,11.030833,10.262757,8.780856,10.724064,11.078219
1228,1228,1228,1228,1228,1228,10.886129,11.048397,10.086599,8.879573,10.133192,10.881321
1229,1229,1229,1229,1229,1229,10.817223,10.886624,10.254072,9.009042,10.353314,10.784879
1230,1230,1230,1230,1230,1230,10.736053,10.811844,10.37413,9.076867,11.503745,10.648606
1231,1231,1231,1231,1231,1231,10.650414,10.789385,10.122482,8.983709,11.314939,10.589605
1232,1232,1232,1232,1232,1232,10.580801,10.752317,9.987333,8.865424,10.129966,10.461827
1233,1233,1233,1233,1233,1233,10.557445,10.60095,9.6946945,8.752346,9.224571,10.344456
1234,1234,1234,1234,1234,1234,10.426682,10.52841,9.446484,8.992235,9.938347,10.177773
1235,1235,1235,1235,1235,1235,10.34046,10.472585,9.327638,8.95638,10.4907675,10.114443
1236,1236,1236,1236,1236,1236,10.2580185,10.332807,9.249712,8.856516,10.697615,10.027096
1237,1237,1237,1237,1237,1237,10.104204,10.216329,9.382681,8.790164,10.2834015,9.837533
1238,1238,1238,1238,1238,1238,10.010445,10.070872,9.538078,8.849893,10.032069,9.8297
1239,1239,1239,1239,1239,1239,9.930518,9.947279,9.736903,8.913302,9.783829,9.789091
1240,1240,1240,1240,1240,1240,9.901584,9.933033,9.585807,8.948257,9.568728,9.819397
1241,1241,1241,1241,1241,1241,9.885749,9.9293,9.479674,8.525522,9.033023,9.785137
1242,1242,1242,1242,1242,1242,9.880782,9.918636,9.543223,8.292513,9.44491,9.699686
1243,1243,1243,1243,1243,1243,9.867931,9.808986,9.490569,8.606952,9.690536,9.6022005
1244,1244,1244,1244,1244,1244,9.838685,9.820338,9.472693,8.690257,9.765143,9.545565
1245,1245,1245,1245,1245,1245,9.776068,9.658428,9.49467,8.55837,9.901034,9.467162
1246,1246,1246,1246,1246,1246,9.7460575,9.6942,9.524135,8.765116,9.866724,9.40119
1247,1247,1247,1247,1247,1247,9.741879,9.569853,9.308318,8.740233,10.101166,9.337628
1248,1248,1248,1248,1248,1248,9.683165,9.501043,9.180849,8.369707,10.290399,9.313008
1249,1249,1249,1249,1249,1249,9.66761,9.457039,8.991925,8.496671,10.665204,9.299913
1250,1250,1250,1250,1250,1250,9.610387,9.390329,8.962128,8.473734,10.931725,9.263332
1251,1251,1251,1251,1251,1251,9.507816,9.273355,8.773869,8.010814,11.0380945,9.169798
1252,1252,1252,1252,1252,1252,9.481531,9.278051,8.829511,8.025504,10.875793,9.002117
1253,1253,1253,1253,1253,1253,9.417503,9.224675,8.803449,8.167011,10.868434,8.975218
1254,1254,1254,1254,1254,1254,9.320448,9.178643,8.561515,7.935204,10.721866,8.900007
1255,1255,1255,1255,1255,1255,9.2079735,9.169225,8.566567,7.6013403,10.668529,8.893823
1256,1256,1256,1256,1256,1256,9.141388,9.231577,8.569272,7.538003,10.627726,8.707577
1257,1257,1257,1257,1257,1257,9.110148,9.326228,8.482036,7.4208174,10.498022,8.669822
1258,1258,1258,1258,1258,1258,9.132496,9.258593,8.364629,7.1137285,10.028775,8.638073
1259,1259,1259,1259,1259,1259,9.093464,9.138663,8.368953,7.4860635,10.162462,8.576542
1260,1260,1260,1260,1260,1260,9.070441,9.178324,8.275732,7.598491,9.996014,8.506626
1261,1261,1261,1261,1261,1261,8.9980135,9.186221,8.263643,7.487462,10.260504,8.446394
1262,1262,1262,1262,1262,1262,8.929156,9.111436,8.245796,7.301703,10.169897,8.413888
1263,1263,1263,1263,1263,1263,8.909463,9.074131,8.137264,7.042695,10.137712,8.419174
1264,1264,1264,1264,1264,1264,8.924471,9.049026,8.304408,7.337788,9.967908,8.429372
1265,1265,1265,1265,1265,1265,8.880087,9.038382,8.509198,7.2388015,10.3194475,8.425149
1266,1266,1266,1266,1266,1266,8.838015,8.965413,8.583779,7.3226957,10.414566,8.400662
1267,1267,1267,1267,1267,1267,8.853422,8.889576,8.434566,7.405796,10.364322,8.309157
1268,1268,1268,1268,1268,1268,8.829027,8.83685,8.498124,7.3070693,10.385257,8.330098
1269,1269,1269,1269,1269,1269,8.849092,8.835491,8.536135,7.1252613,10.416598,8.290942
1270,1270,1270,1270,1270,1270,8.878094,8.847437,8.471659,7.451711,10.349674,8.232081
1271,1271,1271,1271,1271,1271,8.890755,8.754705,8.459343,7.278784,10.353345,8.205231
1272,1272,1272,1272,1272,1272,8.9158535,8.735108,8.300045,7.1551337,10.278402,8.153442
1273,1273,1273,1273,1273,1273,8.885282,8.73165,8.238679,7.1493573,10.298331,8.146288
1274,1274,1274,1274,1274,1274,8.878285,8.648583,8.056766,7.4571457,10.179538,8.11882
1275,1275,1275,1275,1275,1275,8.854714,8.639311,8.026907,7.3851023,10.079232,7.980604
1276,1276,1276,1276,1276,1276,8.823973,8.5702715,8.062056,7.431855,10.064981,7.9012647
1277,1277,1277,1277,1277,1277,8.765234,8.5552635,8.035395,7.5402203,9.997262,7.8680105
1278,1278,1278,1278,1278,1278,8.701536,8.486687,8.034223,7.5055776,9.853957,7.8373156
1279,1279,1279,1279,1279,1279,8.669629,8.46127,7.9587708,7.5590434,9.789936,7.8060555
1280,1280,1280,1280,1280,1280,8.676167,8.405179,7.9357233,7.5854692,9.751547,7.7521276
1281,1281,1281,1281,1281,1281,8.593075,8.4007015,7.912149,7.4420404,9.672942,7.790252
1282,1282,1282,1282,1282,1282,8.548971,8.369107,7.9118514,7.1204033,9.701303,7.7562294
1283,1283,1283,1283,1283,1283,8.525679,8.371375,7.877109,6.797133,9.676028,7.742161
1284,1284,1284,1284,1284,1284,8.49851,8.337869,7.8202734,6.4852047,9.672889,7.739239
1285,1285,1285,1285,1285,1285,8.463748,8.307755,7.8130984,6.3388658,9.528422,7.7272778
1286,1286,1286,1286,1286,1286,8.403592,8.371738,7.835392,6.447324,9.47446,7.6126466
1287,1287,1287,1287,1287,1287,8.362322,8.332709,7.8388004,6.6579843,9.376492,7.5416656
1288,1288,1288,1288,1288,1288,8.330407,8.24704,7.8343263,6.7308507,9.279384,7.4855695
1289,1289,1289,1289,1289,1289,8.264885,8.196006,7.8906035,6.4486465,9.078022,7.2898383
1290,1290,1290,1290,1290,1290,8.183101,8.05714,7.9146852,6.151277,8.981065,7.160441
1291,1291,1291,1291,1291,1291,8.114869,7.9968176,7.7633276,6.1263967,8.924092,6.974403
1292,1292,1292,1292,1292,1292,8.006095,7.943075,7.798126,6.242517,8.853637,6.934991
1293,1293,1293,1293,1293,1293,7.9666767,7.971418,7.7601266,6.223241,8.80648,6.8330903
1294,1294,1294,1294,1294,1294,7.91039,7.9385996,7.5760684,6.2103634,8.883692,6.7079186
1295,1295,1295,1295,1295,1295,7.8479075,7.8234015,7.513755,5.8806977,8.868192,6.645792
1296,1296,1296,1296,1296,1296,7.7856836,7.633414,7.5480785,5.8468456,8.843197,6.5173836
1297,1297,1297,1297,1297,1297,7.720169,7.512299,7.309365,6.119118,8.731108,6.3782244
1298,1298,1298,1298,1298,1298,7.609727,7.3640175,7.498083,6.658436,8.614039,6.1706166
1299,1299,1299,1299,1299,1299,7.5530167,7.2951984,7.231496,6.42299,8.540012,6.055821
1300,1300,1300,1300,1300,1300,7.4825544,7.148478,7.279908,6.3033304,8.414007,6.067137
1301,1301,1301,1301,1301,1301,7.346306,7.0206504,6.8821225,6.206431,8.522027,6.0130177
1302,1302,1302,1302,1302,1302,7.181683,6.9242005,6.6472836,6.348867,8.382182,5.9474993
1303,1303,1303,1303,1303,1303,7.0807533,6.838554,6.4366765,6.2637987,8.392515,5.778171
1304,1304,1304,1304,1304,1304,6.966382,6.695275,6.3498797,6.226635,8.41165,5.68637
1305,1305,1305,1305,1305,1305,6.81129,6.619942,6.3160725,6.216907,8.361291,5.6022067
1306,1306,1306,1306,1306,1306,6.7125583,6.5215983,6.2887864,6.2280793,8.343212,5.4761786
1307,1307,1307,1307,1307,1307,6.524967,6.4191356,6.1138835,6.034587,8.359648,5.3322988
1308,1308,1308,1308,1308,1308,6.4072285,6.3094516,5.99918,5.835568,8.28443,5.231022
1309,1309,1309,1309,1309,1309,6.28504,6.2366185,5.966768,5.681262,8.239115,5.1644573
1310,1310,1310,1310,1310,1310,6.198311,6.1965604,5.9969697,5.8119054,8.073698,5.0732317
1311,1311,1311,1311,1311,1311,6.0766883,6.093168,6.119323,5.840177,8.026274,5.055403
1312,1312,1312,1312,1312,1312,5.9466314,5.92777,5.6742005,5.881066,8.225661,4.8442845
1313,1313,1313,1313,1313,1313,5.8775473,5.866926,5.7113132,6.050174,8.245303,4.7513933
1314,1314,1314,1314,1314,1314,5.7131677,5.7207513,5.7105527,5.997241,8.267994,4.6086497
1315,1315,1315,1315,1315,1315,5.623239,5.617457,5.749814,5.795429,8.177982,4.4302254
1316,1316,1316,1316,1316,1316,5.4868445,5.5066175,5.6473603,5.681156,8.222461,4.3667073
1317,1317,1317,1317,1317,1317,5.389087,5.3734403,5.631631,5.8935466,8.31573,4.241598
1318,1318,1318,1318,1318,1318,5.284227,5.268094,5.6702275,5.9932356,8.1968975,4.150187
1319,1319,1319,1319,1319,1319,5.1042037,5.1334157,5.487802,5.6605134,8.18527,4.0780673
1320,1320,1320,1320,1320,1320,4.975069,5.081723,5.2861,5.5891356,8.170948,3.9670458
1321,1321,1321,1321,1321,1321,4.8265233,4.9708004,5.1026664,5.415383,8.142649,3.8821146
1322,1322,1322,1322,1322,1322,4.6828833,4.916707,5.078146,5.073482,8.368307,3.8626301
1323,1323,1323,1323,1323,1323,4.5111094,4.7702208,4.934709,4.996054,8.468692,3.6615264
1324,1324,1324,1324,1324,1324,4.4180202,4.620161,4.839949,5.114777,8.628653,3.6635728
1325,1325,1325,1325,1325,1325,4.353078,4.475872,4.7282434,4.9584813,8.738886,3.6434882
1326,1326,1326,1326,1326,1326,4.211972,4.3966565,4.086583,4.9314804,8.639527,3.4633458
1327,1327,1327,1327,1327,1327,4.010787,4.2336235,3.9959092,4.825511,8.571434,3.3705723
1328,1328,1328,1328,1328,1328,3.9062746,4.07209,3.7042382,4.801546,8.423343,3.2741022
1329,1329,1329,1329,1329,1329,3.7966812,3.9099338,3.6691117,4.7085447,8.114514,3.1281645
1330,1330,1330,1330,1330,1330,3.6398845,3.6972964,3.4440744,4.5411897,7.9672384,2.9934728
1331,1331,1331,1331,1331,1331,3.4962916,3.4261277,3.3120828,4.458749,7.588671,2.9351733
1332,1332,1332,1332,1332,1332,3.305995,3.242537,3.1861918,4.4243836,7.5864854,2.8287795
1333,1333,1333,1333,1333,1333,3.1370409,3.0923975,3.0773935,4.3583984,7.640608,2.702576
1334,1334,1334,1334,1334,1334,2.9308033,2.9307287,2.8780987,4.5053854,7.577199,2.4806592
1335,1335,1335,1335,1335,1335,2.7689247,2.7805283,2.7764869,4.4082336,7.593416,2.332769
1336,1336,1336,1336,1336,1336,2.6376173,2.5412626,2.8044221,4.36868,7.818733,2.243072
1337,1337,1337,1337,1337,1337,2.4869473,2.4134443,2.743858,4.297339,7.9044957,2.1507356
1338,1338,1338,1338,1338,1338,2.3511274,2.265046,2.6771896,4.160744,7.8856664,1.9575633
1339,1339,1339,1339,1339,1339,2.2212172,2.1670122,2.4923704,4.143729,7.7370157,1.8596952
1340,1340,1340,1340,1340,1340,2.0786233,1.9370791,2.253181,4.149022,7.7229686,1.7169652
1341,1341,1341,1341,1341,1341,1.9306873,1.8260875,2.2330914,3.9056141,7.653931,1.6421964
1342,1342,1342,1342,1342,1342,1.8422065,1.7757645,1.9052805,3.8997843,7.425345,1.5463245
1343,1343,1343,1343,1343,1343,1.7869707,1.7021943,1.7720374,3.8020527,7.5120373,1.4509903
1344,1344,1344,1344,1344,1344,1.711711,1.6624404,1.5611475,3.8053987,7.3731613,1.3412873
1345,1345,1345,1345,1345,1345,1.60977,1.5366358,1.5494368,3.59741,7.054008,1.2184596
1346,1346,1346,1346,1346,1346,1.5571953,1.4220948,1.3897152,3.5779002,6.871377,1.1199043
1347,1347,1347,1347,1347,1347,1.4399861,1.3198293,1.2199415,3.5451818,6.3263307,0.95992666
1348,1348,1348,1348,1348,1348,1.3012192,1.1649402,1.0419921,3.5117168,5.923864,0.86058456
1349,1349,1349,1349,1349,1349,1.1467938,1.1144675,0.7420551,3.3945386,5.7589455,0.78770643
1350,1350,1350,1350,1350,1350,1.0825183,1.0410986,0.5180543,3.3778694,5.178403,0.6869347
1351,1351,1351,1351,1351,1351,0.9913366,0.97168964,0.5358544,3.4119897,4.9926553,0.5756244
1352,1352,1352,1352,1352,1352,0.8666901,0.9216375,0.5312874,3.525345,5.0010157,0.48812392
1353,1353,1353,1353,1353,1353,0.7495411,0.85098815,0.4944468,3.1751592,4.8628707,0.39749736
1354,1354,1354,1354,1354,1354,0.6020344,0.8048338,0.33494094,3.197309,5.2289376,0.32728237
1355,1355,1355,1355,1355,1355,0.5175913,0.7256099,0.27889726,3.0167925,4.9567556,0.2733751
1356,1356,1356,1356,1356,1356,0.46316642,0.6492999,0.15551768,2.7385824,4.8811975,0.21758804
1357,1357,1357,1357,1357,1357,0.38792998,0.55391926,0.017784052,2.636298,4.8867345,0.17669101
1358,1358,1358,1358,1358,1358,0.2911302,0.41093254,-0.096055984,2.6439445,4.6378717,0.09028336
1359,1359,1359,1359,1359,1359,0.20289737,0.2960316,-0.2001791,2.4461865,4.6337924,-0.08500426
1360,1360,1360,1360,1360,1360,0.079229765,0.21326262,-0.2970833,2.4628007,4.5406537,-0.24299848
1361,1361,1361,1361,1361,1361,-0.021185752,0.10323531,-0.32713532,2.2728162,4.580595,-0.35544282
1362,1362,1362,1362,1362,1362,-0.053190093,0.038141694,-0.333831,2.2605596,4.758484,-0.38341093
1363,1363,1363,1363,1363,1363,-0.08292852,-0.0828916,-0.43134722,1.9557964,5.0536513,-0.4794511
1364,1364,1364,1364,1364,1364,-0.2372259,-0.19670731,-0.4173263,1.8720312,5.3903213,-0.5467649
1365,1365,1365,1365,1365,1365,-0.32753754,-0.26655024,-0.4822016,1.5390748,5.7819104,-0.60142833
1366,1366,1366,1366,1366,1366,-0.38089582,-0.34743208,-0.661411,1.5487831,5.836127,-0.6353969
1367,1367,1367,1367,1367,1367,-0.4473637,-0.4470096,-0.64916635,1.6121538,6.1368318,-0.67927134
1368,1368,1368,1368,1368,1368,-0.5825589,-0.5059095,-0.7306837,1.5570427,6.774846,-0.7619003
1369,1369,1369,1369,1369,1369,-0.6486724,-0.55686486,-0.74006027,1.2891871,6.8862677,-0.8572785
1370,1370,1370,1370,1370,1370,-0.7081055,-0.6173686,-0.8274145,1.3506049,7.051819,-0.89287704
1371,1371,1371,1371,1371,1371,-0.73754835,-0.70306975,-0.9556147,1.1898296,7.447028,-1.0019428
1372,1372,1372,1372,1372,1372,-0.8073426,-0.7601535,-1.0303242,1.25487,7.7869444,-1.0844487
1373,1373,1373,1373,1373,1373,-0.8509383,-0.7873886,-1.0590723,1.2330719,7.819178,-1.0859696
1374,1374,1374,1374,1374,1374,-0.84092003,-0.80997926,-1.068944,1.355001,7.8634095,-1.2032578
1375,1375,1375,1375,1375,1375,-0.8790194,-0.8471206,-1.0541384,1.2596366,7.95845,-1.2782567
1376,1376,1376,1376,1376,1376,-0.93596315,-0.9130144,-1.0489136,1.4408399,7.720696,-1.3823178
1377,1377,1377,1377,1377,1377,-0.97016,-0.97747964,-1.0453135,1.2088615,7.530099,-1.4835875
1378,1378,1378,1378,1378,1378,-1.0610431,-1.0250869,-1.0665734,1.0023494,6.785535,-1.5225664
1379,1379,1379,1379,1379,1379,-1.179732,-1.0632657,-1.0840653,0.918435,5.7129874,-1.6978657
1380,1380,1380,1380,1380,1380,-1.2942673,-1.1598873,-1.1114106,0.9270982,5.0377884,-1.8296484
1381,1381,1381,1381,1381,1381,-1.3753291,-1.2426307,-1.175707,0.79209954,4.121312,-1.8574748
1382,1382,1382,1382,1382,1382,-1.427369,-1.3037716,-1.3705913,0.85527456,3.2899983,-1.969683
1383,1383,1383,1383,1383,1383,-1.5240645,-1.3373288,-1.3367769,0.6765362,1.7672033,-2.0364761
1384,1384,1384,1384,1384,1384,-1.5965666,-1.3734949,-1.4423666,0.5873446,0.5868566,-2.1206224
1385,1385,1385,1385,1385,1385,-1.6892514,-1.4001074,-1.4628744,0.5341327,0.5673219,-2.1707718
1386,1386,1386,1386,1386,1386,-1.7496231,-1.4323026,-1.5186846,0.6513644,-0.005990609,-2.2170656
1387,1387,1387,1387,1387,1387,-1.7537963,-1.4232049,-1.5455836,0.6750933,-0.89141804,-2.2328503
1388,1388,1388,1388,1388,1388,-1.8302613,-1.4641607,-1.6094507,0.7278437,-1.0920392,-2.2662246
1389,1389,1389,1389,1389,1389,-1.9346519,-1.4831917,-1.6252472,0.7806735,-1.3335856,-2.3192751
1390,1390,1390,1390,1390,1390,-1.9586672,-1.5596792,-1.7538465,0.82033086,-1.7223997,-2.344984
1391,1391,1391,1391,1391,1391,-1.9719234,-1.5769889,-1.7739804,0.865294,-2.0263758,-2.3608494
1392,1392,1392,1392,1392,1392,-1.9878067,-1.6305445,-1.8395982,0.7448031,-2.3467355,-2.3857243
1393,1393,1393,1393,1393,1393,-2.0299075,-1.6825761,-1.8135935,0.6917453,-2.2843156,-2.4174929
1394,1394,1394,1394,1394,1394,-2.046592,-1.713748,-1.8874252,0.64516854,-2.5435069,-2.4447017
1395,1395,1395,1395,1395,1395,-2.0494258,-1.782607,-1.8515826,0.553533,-2.6409934,-2.4712677
1396,1396,1396,1396,1396,1396,-2.0612302,-1.791795,-1.8610485,0.55635387,-2.2889407,-2.4931633
1397,1397,1397,1397,1397,1397,-2.1462042,-1.8256689,-2.087219,0.7065459,-2.437851,-2.5576723
1398,1398,1398,1398,1398,1398,-2.1869414,-1.8776932,-2.3133671,0.8137743,-2.743283,-2.5567038
1399,1399,1399,1399,1399,1399,-2.2314603,-1.9352413,-2.3676646,0.7469798,-3.1885798,-2.5984206
1400,1400,1400,1400,1400,1400,-2.281308,-1.9732851,-2.4066691,0.6964244,-3.651482,-2.6268952
1401,1401,1401,1401,1401,1401,-2.3270555,-1.9910538,-2.4980347,0.5379034,-3.5379627,-2.6631641
1402,1402,1402,1402,1402,1402,-2.401313,-2.0575676,-2.5946937,0.61109143,-4.523344,-2.684785
1403,1403,1403,1403,1403,1403,-2.4257855,-2.0711215,-2.6641884,0.64171416,-5.1973057,-2.688122
1404,1404,1404,1404,1404,1404,-2.4632452,-2.104464,-2.7010007,0.7733891,-5.3108063,-2.688964
1405,1405,1405,1405,1405,1405,-2.4947658,-2.1370697,-2.790041,0.7139515,-5.1001496,-2.6756628
1406,1406,1406,1406,1406,1406,-2.5187967,-2.1570406,-2.7559667,0.59368,-5.179345,-2.6915617
1407,1407,1407,1407,1407,1407,-2.6224391,-2.1441598,-2.754463,0.5552406,-5.46886,-2.7138987
1408,1408,1408,1408,1408,1408,-2.6576917,-2.1484149,-2.7266614,0.6876203,-5.139766,-2.7480574
1409,1409,1409,1409,1409,1409,-2.671586,-2.153891,-2.773884,0.68099713,-5.7588735,-2.7639494
1410,1410,1410,1410,1410,1410,-2.733646,-2.24055,-2.7631655,0.66110164,-5.5987687,-2.811423
1411,1411,1411,1411,1411,1411,-2.7550757,-2.2883506,-2.9300902,0.56455696,-5.4325466,-2.8300867
1412,1412,1412,1412,1412,1412,-2.7507758,-2.3339083,-2.9888606,0.5256893,-6.0285835,-2.8827598
1413,1413,1413,1413,1413,1413,-2.7846487,-2.4122703,-3.000334,0.2321261,-6.494231,-2.924721
1414,1414,1414,1414,1414,1414,-2.7462234,-2.4471436,-3.0136554,0.43287048,-6.0824294,-2.9410403
1415,1415,1415,1415,1415,1415,-2.7510843,-2.4603975,-3.0695748,0.55243933,-5.711934,-2.9751453
1416,1416,1416,1416,1416,1416,-2.7719352,-2.518704,-3.15964,0.6636805,-5.894811,-3.0457618
1417,1417,1417,1417,1417,1417,-2.7835066,-2.602926,-3.1933887,0.6055782,-5.108186,-3.0360246
1418,1418,1418,1418,1418,1418,-2.7721813,-2.649095,-3.2719414,0.5573332,-6.6905174,-3.096624
1419,1419,1419,1419,1419,1419,-2.8032155,-2.68412,-3.292275,0.3195901,-6.729276,-3.1179008
1420,1420,1420,1420,1420,1420,-2.844114,-2.7550323,-3.2755759,0.41863424,-6.7491093,-3.1189148
1421,1421,1421,1421,1421,1421,-2.8870773,-2.7516751,-3.2981274,0.34535143,-6.8369994,-3.1400206
1422,1422,1422,1422,1422,1422,-2.9436634,-2.704967,-3.3021734,0.46846473,-6.4074454,-3.1561048
1423,1423,1423,1423,1423,1423,-3.0104516,-2.71714,-3.3099167,0.31708214,-6.3816314,-3.1840053
1424,1424,1424,1424,1424,1424,-3.053129,-2.70761,-3.3757632,0.28226012,-6.918537,-3.1902463
1425,1425,1425,1425,1425,1425,-3.1033647,-2.713894,-3.359922,0.24738687,-7.2145543,-3.1945176
1426,1426,1426,1426,1426,1426,-3.0929935,-2.7393224,-3.4143507,0.46823934,-7.385667,-3.2153964
1427,1427,1427,1427,1427,1427,-3.1031072,-2.7891788,-3.4337826,0.5482443,-7.6681814,-3.2080815
1428,1428,1428,1428,1428,1428,-3.1117914,-2.8364215,-3.441841,0.5825327,-7.6468205,-3.2146716
1429,1429,1429,1429,1429,1429,-3.1149702,-2.857979,-3.4194791,0.43484312,-7.5591135,-3.1792197
1430,1430,1430,1430,1430,1430,-3.092681,-2.8184266,-3.423073,0.41025785,-7.503398,-3.2421176
1431,1431,1431,1431,1431,1431,-3.145419,-2.8052564,-3.4473636,0.3810383,-7.6045656,-3.2606292
1432,1432,1432,1432,1432,1432,-3.1421385,-2.8310766,-3.4531066,0.3706449,-7.684715,-3.2775066
1433,1433,1433,1433,1433,1433,-3.123743,-2.9077733,-3.493361,0.3302166,-7.574389,-3.270649
1434,1434,1434,1434,1434,1434,-3.1060116,-2.947139,-3.5078318,0.20072474,-7.4654913,-3.3308806
1435,1435,1435,1435,1435,1435,-3.1253989,-2.955821,-3.4925158,0.119877495,-7.4496655,-3.3571694
1436,1436,1436,1436,1436,1436,-3.125905,-2.9805992,-3.4782455,0.094952434,-7.3128824,-3.3621447
1437,1437,1437,1437,1437,1437,-3.1411858,-3.0301607,-3.5154173,0.10378087,-7.1638527,-3.416532
1438,1438,1438,1438,1438,1438,-3.120109,-3.056329,-3.5072172,0.37131724,-7.1239166,-3.4222755
1439,1439,1439,1439,1439,1439,-3.153092,-3.081572,-3.522079,0.23451751,-7.124845,-3.4309876
1440,1440,1440,1440,1440,1440,-3.1441948,-3.1181514,-3.5279355,0.06566416,-7.044364,-3.462212
1441,1441,1441,1441,1441,1441,-3.1720033,-3.1147616,-3.5059547,0.030138634,-7.083774,-3.4933345
1442,1442,1442,1442,1442,1442,-3.244353,-3.2115932,-3.471094,-0.039257362,-7.0138764,-3.5439856
1443,1443,1443,1443,1443,1443,-3.2778647,-3.2006824,-3.5116844,-0.10725659,-7.0054736,-3.5400252
1444,1444,1444,1444,1444,1444,-3.309078,-3.230532,-3.4404933,-0.2525932,-7.0607085,-3.5659432
1445,1445,1445,1445,1445,1445,-3.3356836,-3.187834,-3.4534163,-0.33670527,-7.133326,-3.5584192
1446,1446,1446,1446,1446,1446,-3.3457248,-3.1594174,-3.4255464,-0.3240024,-7.119862,-3.6005192
1447,1447,1447,1447,1447,1447,-3.3466191,-3.0832024,-3.4925506,-0.30318993,-7.160051,-3.6091862
1448,1448,1448,1448,1448,1448,-3.3394184,-3.074543,-3.478688,-0.19289905,-7.1526103,-3.6251698
1449,1449,1449,1449,1449,1449,-3.3589568,-3.0375152,-3.5741642,-0.32002082,-7.1657944,-3.5852027
1450,1450,1450,1450,1450,1450,-3.3591444,-3.0583827,-3.5526695,-0.3983093,-7.111368,-3.622629
1451,1451,1451,1451,1451,1451,-3.4504902,-3.090835,-3.644694,-0.32354733,-7.016827,-3.6157317
1452,1452,1452,1452,1452,1452,-3.4822047,-3.2276702,-3.6088345,-0.26817542,-6.92982,-3.6004052
1453,1453,1453,1453,1453,1453,-3.4646635,-3.3022463,-3.655501,-0.26522988,-6.762407,-3.5862622
1454,1454,1454,1454,1454,1454,-3.480733,-3.2649963,-3.613554,-0.37452444,-6.8573046,-3.5528257
1455,1455,1455,1455,1455,1455,-3.438183,-3.3330178,-3.663572,-0.4440596,-6.9041963,-3.529409
1456,1456,1456,1456,1456,1456,-3.4339921,-3.3851838,-3.6558607,-0.4193958,-6.9569035,-3.5689611
1457,1457,1457,1457,1457,1457,-3.4121225,-3.3534353,-3.6673114,-0.34899533,-7.0557585,-3.602601
1458,1458,1458,1458,1458,1458,-3.3413987,-3.3075423,-3.6660795,-0.24485502,-7.0491695,-3.6026924
1459,1459,1459,1459,1459,1459,-3.3569682,-3.1919773,-3.5793912,-0.29836485,-7.00557,-3.5974045
1460,1460,1460,1460,1460,1460,-3.298357,-3.38934,-3.6714733,-0.316934,-6.9728665,-3.615799
1461,1461,1461,1461,1461,1461,-3.3056667,-3.3994162,-3.706512,-0.15005241,-6.958486,-3.6324134
1462,1462,1462,1462,1462,1462,-3.4204748,-3.5144148,-3.7470527,-0.0204022,-6.8956466,-3.6890934
1463,1463,1463,1463,1463,1463,-3.5031142,-3.382596,-3.741688,-0.15907937,-6.9463916,-3.7126594
1464,1464,1464,1464,1464,1464,-3.5814736,-3.2687333,-3.7206745,-0.09622925,-6.8652005,-3.7044117
1465,1465,1465,1465,1465,1465,-3.666877,-3.1580236,-3.7393486,0.12012082,-6.898746,-3.6497712
1466,1466,1466,1466,1466,1466,-3.6569526,-3.2156024,-3.7123544,-0.0005361698,-6.847278,-3.7046168
1467,1467,1467,1467,1467,1467,-3.737155,-3.3662932,-3.797665,0.06807094,-6.8508644,-3.7406113
1468,1468,1468,1468,1468,1468,-3.769528,-3.385158,-3.84034,0.1730296,-6.6082563,-3.7456632
1469,1469,1469,1469,1469,1469,-3.754931,-3.2542827,-3.838789,0.20802322,-6.6560097,-3.711668
1470,1470,1470,1470,1470,1470,-3.7924764,-3.3901403,-3.8822174,0.22402678,-6.8261437,-3.7243555
1471,1471,1471,1471,1471,1471,-3.801287,-3.5373833,-4.1024556,0.14524908,-7.0917754,-3.740575
1472,1472,1472,1472,1472,1472,-3.8581696,-3.6203642,-4.097326,0.057840172,-7.1311865,-3.7752776
1473,1473,1473,1473,1473,1473,-3.9352891,-3.5624237,-4.145849,0.095378466,-7.163479,-3.8355975
1474,1474,1474,1474,1474,1474,-3.980123,-3.6154985,-4.240761,-0.043159537,-7.192992,-3.853541
1475,1475,1475,1475,1475,1475,-4.0325966,-3.573597,-4.306409,0.031030828,-7.2134485,-3.8340778
1476,1476,1476,1476,1476,1476,-4.032769,-3.4876144,-4.1737504,-0.03501667,-7.148048,-3.8254411
1477,1477,1477,1477,1477,1477,-4.0402665,-3.4135666,-4.334983,0.060373746,-7.280822,-3.8525782
1478,1478,1478,1478,1478,1478,-4.065246,-3.467315,-4.350906,0.014507748,-7.280591,-3.820657
1479,1479,1479,1479,1479,1479,-4.013517,-3.5179667,-4.3421593,-0.0643852,-7.38734,-3.8732498
1480,1480,1480,1480,1480,1480,-4.002203,-3.595951,-4.4210434,-0.33230874,-7.3325357,-3.8937676
1481,1481,1481,1481,1481,1481,-3.9970577,-3.6329262,-4.259703,-0.17225608,-7.400121,-3.9078772
1482,1482,1482,1482,1482,1482,-3.9744024,-3.6785903,-4.3962708,-0.106396414,-7.4315596,-3.9187648
1483,1483,1483,1483,1483,1483,-4.0261354,-3.6750057,-4.4306064,-0.18118271,-7.488689,-3.9276931
1484,1484,1484,1484,1484,1484,-3.9914815,-3.7921011,-4.5546966,-0.18612435,-7.4790893,-3.9357865
1485,1485,1485,1485,1485,1485,-3.9263937,-3.8231072,-4.5603275,-0.19204314,-7.464692,-3.9268026
1486,1486,1486,1486,1486,1486,-3.9904118,-3.8991768,-4.5947156,-0.14441836,-7.4561644,-3.9727561
1487,1487,1487,1487,1487,1487,-4.072347,-3.97629,-4.5952897,-0.073280245,-7.446259,-3.9882462
1488,1488,1488,1488,1488,1488,-4.163181,-3.9497194,-4.5905714,0.030311096,-7.434102,-3.9919481
1489,1489,1489,1489,1489,1489,-4.156589,-4.0037384,-4.643156,-0.197255,-7.412755,-4.0339336
1490,1490,1490,1490,1490,1490,-4.144776,-4.0701575,-4.667194,-0.3155684,-7.4544716,-4.0575137
1491,1491,1491,1491,1491,1491,-4.1414833,-4.033856,-4.6207414,0.06852728,-7.4750986,-4.0458603
1492,1492,1492,1492,1492,1492,-4.167555,-3.9910662,-4.5368395,0.31272274,-7.3572717,-4.048613
1493,1493,1493,1493,1493,1493,-4.2284975,-4.0218916,-4.53803,0.14880079,-7.352164,-4.0597825
1494,1494,1494,1494,1494,1494,-4.2255588,-4.0172663,-4.594357,0.047870234,-7.347848,-4.028648
1495,1495,1495,1495,1495,1495,-4.214272,-3.9762683,-4.599807,0.011938316,-7.1811724,-4.0478783
1496,1496,1496,1496,1496,1496,-4.1902337,-3.970565,-4.688169,0.20259961,-7.359128,-4.059645
1497,1497,1497,1497,1497,1497,-4.2065134,-3.9644914,-4.692966,0.252028,-7.0838346,-4.042058
1498,1498,1498,1498,1498,1498,-4.237606,-3.9966435,-4.7050624,-0.037642878,-7.0740395,-4.104333
1499,1499,1499,1499,1499,1499,-4.2843275,-3.9917293,-4.6031594,-0.014071897,-6.6442814,-4.0830884
1500,1500,1500,1500,1500,1500,-4.314699,-3.9928384,-4.7205153,0.12851769,-6.3778625,-4.146595
1501,1501,1501,1501,1501,1501,-4.3456426,-4.0352287,-4.6770515,0.22005588,-6.4517016,-4.160829
1502,1502,1502,1502,1502,1502,-4.3732195,-4.065467,-4.697539,0.38803497,-6.458885,-4.1798315
1503,1503,1503,1503,1503,1503,-4.353498,-4.1756124,-4.630785,0.272802,-6.697003,-4.1680775
1504,1504,1504,1504,1504,1504,-4.3661513,-4.276145,-4.690022,0.17826964,-6.7988877,-4.1745553
1505,1505,1505,1505,1505,1505,-4.357358,-4.2724156,-4.773009,0.2262436,-6.535023,-4.2082844
1506,1506,1506,1506,1506,1506,-4.366678,-4.2256045,-4.6964245,0.28959745,-6.8953567,-4.193593
1507,1507,1507,1507,1507,1507,-4.3684998,-4.258256,-4.718626,0.30705926,-6.8822236,-4.1890197
1508,1508,1508,1508,1508,1508,-4.3696365,-4.304861,-4.4903665,0.3860632,-6.973828,-4.195324
1509,1509,1509,1509,1509,1509,-4.3987083,-4.3882904,-4.5729976,0.3586528,-6.912092,-4.23709
1510,1510,1510,1510,1510,1510,-4.4150276,-4.395991,-4.565746,0.37353918,-6.91319,-4.247861
1511,1511,1511,1511,1511,1511,-4.4351425,-4.4343367,-4.510521,0.26809046,-7.3644605,-4.2861433
1512,1512,1512,1512,1512,1512,-4.4498467,-4.442917,-4.6471004,0.30216968,-7.2846355,-4.2942553
1513,1513,1513,1513,1513,1513,-4.4904284,-4.4251075,-4.614699,0.058979534,-7.318293,-4.3342843
1514,1514,1514,1514,1514,1514,-4.5015407,-4.39313,-4.5872226,0.026459297,-7.397734,-4.395638
1515,1515,1515,1515,1515,1515,-4.487851,-4.3508554,-4.5212827,0.1385397,-7.2310123,-4.4285827
1516,1516,1516,1516,1516,1516,-4.490442,-4.296503,-4.5175595,0.1583703,-7.2397647,-4.4995866
1517,1517,1517,1517,1517,1517,-4.520874,-4.26151,-4.512918,0.19401664,-7.47181,-4.49854
1518,1518,1518,1518,1518,1518,-4.5346055,-4.278114,-4.370604,0.26820445,-7.527491,-4.5441074
1519,1519,1519,1519,1519,1519,-4.576228,-4.241814,-4.49147,0.2118144,-7.4034986,-4.5305934
1520,1520,1520,1520,1520,1520,-4.600161,-4.2652965,-4.514919,0.40142173,-7.4940534,-4.5602603
1521,1521,1521,1521,1521,1521,-4.6451616,-4.269922,-4.4372077,0.29488614,-7.4743404,-4.5571923
1522,1522,1522,1522,1522,1522,-4.648476,-4.2038236,-4.4777436,0.39459494,-7.673259,-4.5625725
1523,1523,1523,1523,1523,1523,-4.6178994,-4.176846,-4.5267634,0.42274,-7.7303276,-4.579078
1524,1524,1524,1524,1524,1524,-4.5915318,-4.218312,-4.5037117,0.2363049,-7.5652595,-4.58139
1525,1525,1525,1525,1525,1525,-4.6446114,-4.232422,-4.6275134,0.17349362,-7.5188923,-4.5501423
1526,1526,1526,1526,1526,1526,-4.6807365,-4.2859755,-4.608798,0.34032056,-7.554474,-4.5550694
1527,1527,1527,1527,1527,1527,-4.6747084,-4.374316,-4.7207294,0.13892774,-7.5236373,-4.5828805
1528,1528,1528,1528,1528,1528,-4.6807966,-4.4564457,-4.5542917,0.010486048,-7.665919,-4.605889
1529,1529,1529,1529,1529,1529,-4.7052464,-4.5192847,-4.590818,0.15657268,-7.5872016,-4.620939
1530,1530,1530,1530,1530,1530,-4.712388,-4.58557,-4.6014543,0.07155989,-7.5248027,-4.577955
1531,1531,1531,1531,1531,1531,-4.7075343,-4.6288247,-4.628461,-0.030552715,-7.5789404,-4.5560055
1532,1532,1532,1532,1532,1532,-4.699581,-4.7162056,-4.6951795,0.037669346,-7.653383,-4.5696044
1533,1533,1533,1533,1533,1533,-4.675891,-4.7066684,-4.7200537,0.12775227,-7.6701236,-4.558972
1534,1534,1534,1534,1534,1534,-4.7015495,-4.7154746,-4.729684,0.3302264,-7.5552278,-4.559417
1535,1535,1535,1535,1535,1535,-4.7434793,-4.7780666,-4.761738,0.27442375,-7.6632576,-4.5688405
1536,1536,1536,1536,1536,1536,-4.734869,-4.780624,-4.764072,0.23683766,-7.7477417,-4.5614552
1537,1537,1537,1537,1537,1537,-4.7695966,-4.7254777,-4.8161983,0.22224282,-7.7078724,-4.625855
1538,1538,1538,1538,1538,1538,-4.8130045,-4.6849313,-4.6467495,0.29265267,-7.6609197,-4.662521
1539,1539,1539,1539,1539,1539,-4.8106837,-4.6882486,-4.7634225,0.32059497,-7.650011,-4.67601
1540,1540,1540,1540,1540,1540,-4.797039,-4.65601,-4.7642975,0.24138272,-7.757277,-4.740712
1541,1541,1541,1541,1541,1541,-4.8137593,-4.6290216,-4.6806383,0.17021172,-7.774184,-4.776412
1542,1542,1542,1542,1542,1542,-4.8191285,-4.571703,-4.697236,0.09248844,-7.8185997,-4.7816224
1543,1543,1543,1543,1543,1543,-4.8588223,-4.600895,-4.661048,0.00082559907,-7.8224673,-4.762955
1544,1544,1544,1544,1544,1544,-4.863901,-4.609818,-4.6028357,-0.019976595,-7.76131,-4.77358
1545,1545,1545,1545,1545,1545,-4.8791723,-4.6441393,-4.5706096,-0.022722758,-7.76803,-4.7858696
1546,1546,1546,1546,1546,1546,-4.914935,-4.65589,-4.635712,0.09814085,-7.7574005,-4.783096
1547,1547,1547,1547,1547,1547,-4.9328785,-4.6812344,-4.840993,0.015908364,-7.648058,-4.801527
1548,1548,1548,1548,1548,1548,-5.018348,-4.6739626,-4.8086605,0.14601022,-7.712686,-4.7671404
1549,1549,1549,1549,1549,1549,-5.060927,-4.750596,-4.9273677,0.24862954,-7.614987,-4.7739086
1550,1550,1550,1550,1550,1550,-5.09184,-4.807888,-4.867694,0.18527314,-7.6052566,-4.778793
1551,1551,1551,1551,1551,1551,-5.087477,-4.835457,-5.0052414,0.03577226,-7.685481,-4.7747436
1552,1552,1552,1552,1552,1552,-5.0826344,-4.827118,-4.929191,0.12954178,-7.620759,-4.767705
1553,1553,1553,1553,1553,1553,-5.113544,-4.8238206,-4.812961,0.15896837,-7.7258368,-4.7638903
1554,1554,1554,1554,1554,1554,-5.1432195,-4.837654,-4.9021363,0.22136983,-7.658192,-4.7931547
1555,1555,1555,1555,1555,1555,-5.1537333,-4.8689017,-4.909901,0.04230704,-7.648863,-4.8221264
1556,1556,1556,1556,1556,1556,-5.1594405,-4.8966026,-4.852205,-0.020488005,-7.7297544,-4.815665
1557,1557,1557,1557,1557,1557,-5.162206,-4.9019356,-4.744405,-0.0284789,-7.730429,-4.869381
1558,1558,1558,1558,1558,1558,-5.171203,-4.905129,-4.771308,-0.067477144,-7.7840734,-4.883234
1559,1559,1559,1559,1559,1559,-5.195962,-4.887563,-4.751336,-0.21069767,-7.8630295,-4.884663
1560,1560,1560,1560,1560,1560,-5.187659,-4.919359,-4.7602596,-0.18540335,-7.8938284,-4.889325
1561,1561,1561,1561,1561,1561,-5.1746917,-4.9031696,-4.814351,-0.19001842,-7.850304,-4.8998666
1562,1562,1562,1562,1562,1562,-5.207522,-4.8815956,-4.798559,-0.1912726,-7.840962,-4.9561415
1563,1563,1563,1563,1563,1563,-5.2230034,-4.8427906,-4.808816,-0.22163492,-7.8939214,-4.9517145
1564,1564,1564,1564,1564,1564,-5.2106113,-4.812951,-4.824504,-0.30420125,-7.8689685,-4.973717
1565,1565,1565,1565,1565,1565,-5.2068624,-4.8087277,-4.8354855,-0.42069182,-7.866854,-5.012297
1566,1566,1566,1566,1566,1566,-5.1979885,-4.775805,-4.909985,-0.3835117,-7.812795,-5.0364957
1567,1567,1567,1567,1567,1567,-5.2168355,-4.804177,-4.88621,-0.20629305,-7.7261763,-5.029731
1568,1568,1568,1568,1568,1568,-5.227163,-4.847377,-5.032976,-0.28659046,-7.7024865,-5.0413036
1569,1569,1569,1569,1569,1569,-5.208627,-4.8346934,-4.902078,-0.21671036,-7.791041,-5.036133
1570,1570,1570,1570,1570,1570,-5.2314425,-4.834823,-5.0893683,-0.13020945,-7.88368,-5.011175
1571,1571,1571,1571,1571,1571,-5.2435064,-4.8378687,-4.9153852,-0.115847684,-7.7262387,-5.0018873
1572,1572,1572,1572,1572,1572,-5.2882595,-4.8803444,-4.949376,-0.2622451,-7.7147374,-4.993123
1573,1573,1573,1573,1573,1573,-5.3427596,-4.888661,-4.88243,-0.1646161,-7.677631,-4.97234
1574,1574,1574,1574,1574,1574,-5.4050946,-4.9131966,-4.8657265,-0.1630191,-7.681034,-4.961744
1575,1575,1575,1575,1575,1575,-5.4343123,-4.9465775,-4.782113,-0.2658096,-7.688331,-4.9615693
1576,1576,1576,1576,1576,1576,-5.4889636,-4.957833,-4.790931,-0.42067602,-7.683988,-5.0078278
1577,1577,1577,1577,1577,1577,-5.518473,-4.949447,-4.756475,-0.5401535,-7.7131104,-5.004413
1578,1578,1578,1578,1578,1578,-5.510441,-4.9399767,-4.9432354,-0.51576036,-7.5717473,-5.0019445
1579,1579,1579,1579,1579,1579,-5.4989476,-4.9533334,-4.8869905,-0.66842276,-7.6595263,-4.981037
1580,1580,1580,1580,1580,1580,-5.493942,-4.9486423,-4.862501,-0.84709114,-7.5634627,-5.027802
1581,1581,1581,1581,1581,1581,-5.5276394,-4.9755373,-4.757954,-0.9145674,-7.462683,-5.003998
1582,1582,1582,1582,1582,1582,-5.545428,-4.956794,-4.828045,-0.70933473,-7.4116025,-5.0035844
1583,1583,1583,1583,1583,1583,-5.525187,-4.949168,-4.9267497,-0.94498307,-7.463756,-5.00552
1584,1584,1584,1584,1584,1584,-5.5270786,-4.956388,-4.7666984,-0.82812154,-7.3486667,-5.0360203
1585,1585,1585,1585,1585,1585,-5.46905,-4.9127774,-4.6070585,-0.7514766,-7.317018,-5.0666647
1586,1586,1586,1586,1586,1586,-5.5092726,-4.892202,-4.6293006,-0.6748777,-7.5631013,-5.098058
1587,1587,1587,1587,1587,1587,-5.5223627,-4.881227,-4.7259464,-0.75592434,-7.5733767,-5.1128073
1588,1588,1588,1588,1588,1588,-5.5013585,-4.8520546,-4.7879567,-0.7536204,-7.532365,-5.140652
1589,1589,1589,1589,1589,1589,-5.4582715,-4.7716265,-4.8163524,-0.6191724,-7.600576,-5.143
1590,1590,1590,1590,1590,1590,-5.4427795,-4.7848773,-5.026753,-0.6584656,-7.59151,-5.130883
1591,1591,1591,1591,1591,1591,-5.457467,-4.8101506,-4.970038,-0.61796004,-7.639613,-5.160041
1592,1592,1592,1592,1592,1592,-5.4567127,-4.8338733,-4.9996305,-0.6301703,-7.5369973,-5.1368947
1593,1593,1593,1593,1593,1593,-5.4525666,-4.8534694,-4.87972,-0.7860574,-7.606883,-5.1224318
1594,1594,1594,1594,1594,1594,-5.463403,-4.8408546,-4.93266,-0.5704885,-7.627954,-5.1138554
1595,1595,1595,1595,1595,1595,-5.468576,-4.8482394,-4.8557234,-0.677956,-7.645207,-5.116361
1596,1596,1596,1596,1596,1596,-5.457754,-4.880095,-4.875527,-0.74863267,-7.7732935,-5.1130977
1597,1597,1597,1597,1597,1597,-5.5000563,-4.8944974,-4.962681,-0.89003676,-7.7880282,-5.093154
1598,1598,1598,1598,1598,1598,-5.4865017,-4.91782,-4.9474726,-0.8110128,-7.7299867,-5.09407
1599,1599,1599,1599,1599,1599,-5.4847183,-4.929555,-4.86074,-0.91147673,-7.7841954,-5.1166325
1600,1600,1600,1600,1600,1600,-5.491266,-4.9558153,-4.836417,-0.6348528,-8.049517,-5.1302204
1601,1601,1601,1601,1601,1601,-5.5209107,-4.963293,-4.8079395,-0.61308545,-7.8648148,-5.114095
1602,1602,1602,1602,1602,1602,-5.5511627,-5.001308,-4.769187,-0.5544397,-8.008258,-5.054628
1603,1603,1603,1603,1603,1603,-5.547003,-4.992671,-4.77904,-0.5401749,-7.933477,-5.055342
1604,1604,1604,1604,1604,1604,-5.5364313,-5.000747,-4.9033723,-0.42830664,-8.016857,-5.068197
1605,1605,1605,1605,1605,1605,-5.5271606,-4.9940004,-4.870841,-0.63354397,-8.066439,-5.0828156
1606,1606,1606,1606,1606,1606,-5.569598,-5.0176406,-4.979276,-0.7349437,-8.074713,-5.0743957
1607,1607,1607,1607,1607,1607,-5.559252,-5.0088034,-4.836609,-0.78056806,-8.223628,-5.0820737
1608,1608,1608,1608,1608,1608,-5.5767937,-4.9898353,-5.0334573,-0.62052864,-8.258534,-5.1004343
1609,1609,1609,1609,1609,1609,-5.5661035,-4.955216,-4.907374,-0.56436443,-8.25603,-5.1123495
1610,1610,1610,1610,1610,1610,-5.533923,-4.9288917,-4.8477883,-0.5859909,-8.307801,-5.113402
1611,1611,1611,1611,1611,1611,-5.5031905,-4.8891954,-4.8038397,-0.6067214,-8.310841,-5.118454
1612,1612,1612,1612,1612,1612,-5.491605,-4.843573,-4.879402,-0.50920594,-8.586327,-5.1358957
1613,1613,1613,1613,1613,1613,-5.463683,-4.8119597,-4.8548083,-0.61755836,-8.694217,-5.1307144
1614,1614,1614,1614,1614,1614,-5.481983,-4.8433795,-4.8694625,-0.70474744,-8.735448,-5.118674
1615,1615,1615,1615,1615,1615,-5.50727,-4.8307137,-4.7946,-0.8146473,-8.729507,-5.1146445
1616,1616,1616,1616,1616,1616,-5.523077,-4.866658,-4.756993,-0.8683945,-8.782364,-5.15703
1617,1617,1617,1617,1617,1617,-5.52672,-4.873292,-4.909191,-0.64305717,-8.862178,-5.16203
1618,1618,1618,1618,1618,1618,-5.5382347,-4.857604,-4.9498286,-0.519908,-8.655708,-5.159897
1619,1619,1619,1619,1619,1619,-5.5138125,-4.887392,-4.98344,-0.6346513,-8.60587,-5.168563
1620,1620,1620,1620,1620,1620,-5.5398073,-4.8833017,-4.8931284,-0.6896019,-8.622504,-5.17562
1621,1621,1621,1621,1621,1621,-5.509167,-4.9169116,-5.014904,-0.85371894,-8.49167,-5.1786
1622,1622,1622,1622,1622,1622,-5.5174165,-4.945711,-5.115183,-0.8720836,-8.523438,-5.1753287
1623,1623,1623,1623,1623,1623,-5.52881,-4.96144,-5.1788177,-0.9399492,-8.378651,-5.1968355
1624,1624,1624,1624,1624,1624,-5.5116534,-4.964695,-5.1484766,-0.89285463,-8.242815,-5.2040315
1625,1625,1625,1625,1625,1625,-5.548451,-5.003075,-5.0631204,-0.88601893,-8.363207,-5.185482
1626,1626,1626,1626,1626,1626,-5.5056357,-5.048355,-5.2026067,-0.7187493,-8.483652,-5.1547627
1627,1627,1627,1627,1627,1627,-5.460173,-5.060158,-5.041585,-0.7044618,-8.519056,-5.1736083
1628,1628,1628,1628,1628,1628,-5.443134,-5.0737844,-5.10592,-0.7042531,-8.54507,-5.1721096
1629,1629,1629,1629,1629,1629,-5.4253197,-5.076213,-5.2290363,-0.71096116,-8.50166,-5.183564
1630,1630,1630,1630,1630,1630,-5.4014363,-5.0929,-5.319984,-0.7431032,-8.445872,-5.178448
1631,1631,1631,1631,1631,1631,-5.406982,-5.091266,-5.146034,-0.6559572,-8.368484,-5.174203
1632,1632,1632,1632,1632,1632,-5.3838077,-5.100869,-5.139277,-0.7847588,-8.265129,-5.174269
1633,1633,1633,1633,1633,1633,-5.3679004,-5.0583878,-5.057465,-0.9100313,-8.26007,-5.1569004
1634,1634,1634,1634,1634,1634,-5.3286266,-5.0327387,-5.111924,-0.88058937,-8.304136,-5.1534867
1635,1635,1635,1635,1635,1635,-5.373472,-4.9870033,-5.022566,-0.8271188,-8.257472,-5.1352577
1636,1636,1636,1636,1636,1636,-5.4181156,-4.9216795,-5.05564,-0.9529082,-8.193686,-5.1314044
1637,1637,1637,1637,1637,1637,-5.5141473,-4.8738017,-5.036019,-1.0123433,-8.167872,-5.1247315
1638,1638,1638,1638,1638,1638,-5.520315,-4.8542805,-5.086161,-1.0517266,-8.173924,-5.1064377
1639,1639,1639,1639,1639,1639,-5.490414,-4.905144,-5.1117024,-1.070901,-8.295548,-5.1381607
1640,1640,1640,1640,1640,1640,-5.4587936,-4.886743,-5.095326,-0.9538747,-8.192585,-5.1045375
1641,1641,1641,1641,1641,1641,-5.4508066,-4.847852,-5.0280566,-0.91307455,-8.142524,-5.0848927
1642,1642,1642,1642,1642,1642,-5.4234457,-4.790724,-5.121384,-0.60771435,-8.09896,-5.0524163
1643,1643,1643,1643,1643,1643,-5.416393,-4.842899,-4.996934,-0.7152625,-8.024408,-5.0658817
1644,1644,1644,1644,1644,1644,-5.4116077,-4.8187857,-4.999208,-0.65920156,-7.9030876,-5.064283
1645,1645,1645,1645,1645,1645,-5.3954835,-4.8435974,-4.898139,-0.55225706,-7.907991,-5.0323644
1646,1646,1646,1646,1646,1646,-5.323065,-4.8701863,-4.9272046,-0.5332772,-7.8618283,-5.0712247
1647,1647,1647,1647,1647,1647,-5.284688,-4.8697124,-5.035131,-0.49091896,-7.7282004,-5.0537004
1648,1648,1648,1648,1648,1648,-5.2650094,-4.863448,-4.925575,-0.50739807,-7.794269,-5.0549483
1649,1649,1649,1649,1649,1649,-5.244724,-4.8861923,-4.947496,-0.583045,-7.688332,-5.0378833
1650,1650,1650,1650,1650,1650,-5.2029557,-4.9059067,-4.880802,-0.49000543,-7.7897844,-5.004213
1651,1651,1651,1651,1651,1651,-5.188876,-4.8919053,-4.8815026,-0.13059236,-7.864335,-4.9500213
1652,1652,1652,1652,1652,1652,-5.170163,-4.8786554,-4.719204,-0.2676785,-7.725421,-4.9173927
1653,1653,1653,1653,1653,1653,-5.1196527,-4.815582,-4.8699,-0.50979036,-7.745373,-4.8834605
1654,1654,1654,1654,1654,1654,-5.080036,-4.7858853,-4.811207,-0.6067773,-7.772708,-4.886474
1655,1655,1655,1655,1655,1655,-5.0636287,-4.741352,-4.804266,-0.71505845,-7.866437,-4.8724475
1656,1656,1656,1656,1656,1656,-5.073942,-4.702703,-4.8163404,-0.6414239,-7.789779,-4.881577
1657,1657,1657,1657,1657,1657,-5.059061,-4.6627507,-4.864947,-0.6306621,-7.8172426,-4.871811
1658,1658,1658,1658,1658,1658,-5.0690465,-4.618731,-4.929262,-0.6259992,-7.9785047,-4.837711
1659,1659,1659,1659,1659,1659,-5.0460353,-4.597122,-4.797767,-0.5544999,-7.977747,-4.802024
1660,1660,1660,1660,1660,1660,-5.0188055,-4.555044,-5.009014,-0.6353629,-8.121364,-4.8116484
1661,1661,1661,1661,1661,1661,-5.017126,-4.5243936,-5.129494,-0.5946132,-8.099645,-4.771883
1662,1662,1662,1662,1662,1662,-4.998295,-4.4978023,-5.109033,-0.47582296,-8.108384,-4.735033
1663,1663,1663,1663,1663,1663,-4.979861,-4.452616,-5.060516,-0.65640503,-7.9873757,-4.709988
1664,1664,1664,1664,1664,1664,-4.9678335,-4.396745,-5.034187,-0.7612322,-7.940061,-4.684683
1665,1665,1665,1665,1665,1665,-4.994139,-4.410361,-5.083927,-0.8133568,-7.905293,-4.664796
1666,1666,1666,1666,1666,1666,-5.0209007,-4.5319448,-5.1106787,-0.85436183,-7.8592763,-4.6653156
1667,1667,1667,1667,1667,1667,-5.0509315,-4.6229854,-5.034783,-0.8436837,-7.781259,-4.6913986
1668,1668,1668,1668,1668,1668,-5.095463,-4.678059,-5.0463896,-0.82305783,-7.613249,-4.630464
1669,1669,1669,1669,1669,1669,-5.0507035,-4.8088236,-5.072326,-0.70804554,-7.374484,-4.6116896
1670,1670,1670,1670,1670,1670,-4.9850245,-4.880084,-5.0716357,-0.77153003,-7.4467287,-4.633272
1671,1671,1671,1671,1671,1671,-4.982073,-4.9826293,-4.998062,-0.84133625,-7.496647,-4.596772
1672,1672,1672,1672,1672,1672,-4.9700418,-4.997748,-4.8824534,-0.8808886,-7.563371,-4.546581
1673,1673,1673,1673,1673,1673,-4.9253902,-4.9338064,-4.594223,-0.95676774,-7.6473203,-4.5292177
1674,1674,1674,1674,1674,1674,-4.857953,-4.910346,-4.9162774,-0.8696094,-7.7904005,-4.507142
1675,1675,1675,1675,1675,1675,-4.860196,-4.9943666,-5.051456,-0.8707304,-7.7400384,-4.4880342
1676,1676,1676,1676,1676,1676,-4.8561573,-4.959551,-4.873194,-0.8835818,-7.6974444,-4.4656434
1677,1677,1677,1677,1677,1677,-4.784781,-4.839554,-4.5600123,-0.83660424,-7.736145,-4.3437448
1678,1678,1678,1678,1678,1678,-4.7344794,-4.820535,-4.740416,-0.85596865,-7.8308525,-4.371624
1679,1679,1679,1679,1679,1679,-4.71424,-4.602248,-4.6999702,-0.932985,-7.8623285,-4.3792343
1680,1680,1680,1680,1680,1680,-4.6858015,-4.421038,-4.817693,-0.8949596,-7.937516,-4.378032
1681,1681,1681,1681,1681,1681,-4.64168,-4.405541,-4.790414,-0.854294,-7.7471075,-4.336575
1682,1682,1682,1682,1682,1682,-4.5350847,-4.4722385,-4.821342,-0.8278599,-7.639125,-4.3016944
1683,1683,1683,1683,1683,1683,-4.435267,-4.5353427,-4.638588,-0.7227266,-7.7557664,-4.2585945
1684,1684,1684,1684,1684,1684,-4.3396873,-4.463878,-4.7279863,-0.834918,-7.6854863,-4.234315
1685,1685,1685,1685,1685,1685,-4.320634,-4.481208,-4.788464,-0.90795577,-7.6664968,-4.2124743
1686,1686,1686,1686,1686,1686,-4.2416854,-4.4223895,-4.6853333,-0.8119263,-7.6354604,-4.180108
1687,1687,1687,1687,1687,1687,-4.184303,-4.3741097,-4.6919,-0.9348091,-7.6607404,-4.126906
1688,1688,1688,1688,1688,1688,-4.0896645,-4.33064,-4.581172,-0.87125206,-7.594453,-4.1485634
1689,1689,1689,1689,1689,1689,-4.0382085,-4.219816,-4.6328816,-0.8894477,-7.524031,-4.0682874
1690,1690,1690,1690,1690,1690,-3.9682932,-4.1567397,-4.429655,-1.0104163,-7.464558,-4.0431886
1691,1691,1691,1691,1691,1691,-3.9090912,-4.037312,-4.5765233,-0.96659166,-7.5889034,-4.0048943
1692,1692,1692,1692,1692,1692,-3.7658203,-3.938588,-4.4327607,-0.9499341,-7.6385393,-3.9305828
1693,1693,1693,1693,1693,1693,-3.670549,-3.8623326,-4.405161,-0.92048573,-7.67488,-3.8867762
1694,1694,1694,1694,1694,1694,-3.5934725,-3.8306146,-4.3068233,-0.8803678,-7.5485153,-3.9083362
1695,1695,1695,1695,1695,1695,-3.489138,-3.7933772,-4.320735,-0.9663624,-7.68751,-3.8723483
1696,1696,1696,1696,1696,1696,-3.439148,-3.6977613,-4.082629,-0.92657655,-7.672465,-3.8166308
1697,1697,1697,1697,1697,1697,-3.4042225,-3.7016246,-4.0534863,-0.9118601,-7.887752,-3.7771473
1698,1698,1698,1698,1698,1698,-3.3150759,-3.6022394,-4.0646753,-0.8959406,-7.9295077,-3.695285
1699,1699,1699,1699,1699,1699,-3.2517006,-3.5297267,-4.1460776,-0.8154609,-7.897877,-3.674338
1700,1700,1700,1700,1700,1700,-3.1955905,-3.421437,-3.9721236,-0.8208632,-8.032924,-3.631568
1701,1701,1701,1701,1701,1701,-3.15192,-3.3761098,-3.9612453,-0.8057565,-8.167089,-3.5643852
1702,1702,1702,1702,1702,1702,-3.0987983,-3.2778003,-3.8091416,-0.8363374,-8.052234,-3.551165
1703,1703,1703,1703,1703,1703,-3.071042,-3.1870916,-3.7685418,-0.8732734,-8.189554,-3.4857864
1704,1704,1704,1704,1704,1704,-3.0272713,-3.1049116,-3.6334572,-0.762734,-8.21549,-3.4330368
1705,1705,1705,1705,1705,1705,-2.9772375,-2.9198635,-3.5980632,-0.8608667,-8.275358,-3.360024
1706,1706,1706,1706,1706,1706,-2.9776473,-2.8053195,-3.5776389,-0.81690085,-8.3051605,-3.3464346
1707,1707,1707,1707,1707,1707,-2.9312708,-2.6453779,-3.5220418,-0.8861154,-8.314015,-3.2972746
1708,1708,1708,1708,1708,1708,-2.8751504,-2.5397446,-3.4847746,-0.84546,-8.426866,-3.2758625
1709,1709,1709,1709,1709,1709,-2.832908,-2.4765215,-3.3744826,-0.77970874,-8.444833,-3.1790829
1710,1710,1710,1710,1710,1710,-2.7852693,-2.3906422,-3.2394218,-0.81079936,-8.361291,-3.1404345
1711,1711,1711,1711,1711,1711,-2.720717,-2.326998,-3.0913122,-0.8271611,-8.57084,-3.0839648
1712,1712,1712,1712,1712,1712,-2.713128,-2.291243,-3.0300682,-0.81970805,-8.537873,-2.9855878
1713,1713,1713,1713,1713,1713,-2.6303265,-2.1584375,-2.9983678,-0.86616784,-8.447172,-2.9679606
1714,1714,1714,1714,1714,1714,-2.5278182,-2.0679011,-2.9722025,-0.82449216,-8.245039,-2.9196372
1715,1715,1715,1715,1715,1715,-2.431216,-2.029375,-2.865353,-0.7955373,-8.242273,-2.824764
1716,1716,1716,1716,1716,1716,-2.3093393,-1.9675794,-2.722772,-0.8318974,-7.9408946,-2.7236092
1717,1717,1717,1717,1717,1717,-2.2338145,-1.8541226,-2.6769676,-0.8115669,-8.328294,-2.6251633
1718,1718,1718,1718,1718,1718,-2.2038188,-1.8345413,-2.6755939,-0.84540915,-8.08358,-2.581136
1719,1719,1719,1719,1719,1719,-2.13374,-1.7446786,-2.5922132,-0.8627886,-7.5978894,-2.5010946
1720,1720,1720,1720,1720,1720,-2.05562,-1.7026186,-2.4880738,-0.9587122,-7.0843215,-2.4471855
1721,1721,1721,1721,1721,1721,-1.9301224,-1.6140684,-2.4420485,-0.9180555,-6.4202957,-2.3898923
1722,1722,1722,1722,1722,1722,-1.8378838,-1.54326,-2.3932471,-0.93860114,-6.6094284,-2.361775
1723,1723,1723,1723,1723,1723,-1.7526535,-1.5304893,-2.2215858,-0.7781126,-5.920988,-2.3170607
1724,1724,1724,1724,1724,1724,-1.6631767,-1.4693315,-2.1734219,-0.7069975,-4.4110656,-2.3070679
1725,1725,1725,1725,1725,1725,-1.563955,-1.4275547,-2.0632987,-0.70566994,-3.8262496,-2.2769434
1726,1726,1726,1726,1726,1726,-1.4695096,-1.3724797,-1.8508527,-0.5132097,-3.1261826,-2.251886
1727,1727,1727,1727,1727,1727,-1.3955392,-1.3416922,-1.690076,-0.71022266,-2.4316638,-2.1313481
1728,1728,1728,1728,1728,1728,-1.3150692,-1.3073063,-1.5708061,-0.5657757,-1.5388641,-2.0075538
1729,1729,1729,1729,1729,1729,-1.2760524,-1.2693859,-1.4741433,-0.53635126,-1.3574296,-1.8727454
1730,1730,1730,1730,1730,1730,-1.1828232,-1.2028639,-1.3702451,-0.5240454,-0.7311494,-1.7716484
1731,1731,1731,1731,1731,1731,-1.0785767,-1.169617,-1.2911118,-0.60913414,-0.16999097,-1.6409689
1732,1732,1732,1732,1732,1732,-1.0103523,-1.1471945,-1.2289853,-0.4451392,-0.45156625,-1.5227456
1733,1733,1733,1733,1733,1733,-0.9159107,-1.1161028,-1.1890383,-0.62868005,0.6377751,-1.3953516
1734,1734,1734,1734,1734,1734,-0.82433045,-1.0778995,-1.0853754,-0.51371896,2.0524185,-1.2787989
1735,1735,1735,1735,1735,1735,-0.80387706,-1.0232643,-0.9511563,-0.473096,3.1239333,-1.1860424
1736,1736,1736,1736,1736,1736,-0.77576375,-0.9135025,-0.7274594,-0.42965603,2.6567473,-1.040814
1737,1737,1737,1737,1737,1737,-0.71512395,-0.79936004,-0.6525163,-0.25794977,3.6797006,-0.92064315
1738,1738,1738,1738,1738,1738,-0.5801211,-0.66583604,-0.5580621,-0.008147134,4.174534,-0.8251935
1739,1739,1739,1739,1739,1739,-0.4196869,-0.56057495,-0.52451235,0.07725712,4.2827005,-0.6983676
1740,1740,1740,1740,1740,1740,-0.2488528,-0.4676464,-0.41036773,0.09173797,5.15679,-0.5230373
1741,1741,1741,1741,1741,1741,-0.14115673,-0.37944922,-0.32180488,-0.051764295,5.8701024,-0.40933406
1742,1742,1742,1742,1742,1742,-0.11584,-0.30825773,-0.38061312,0.011332137,5.372283,-0.34668308
1743,1743,1743,1743,1743,1743,-0.062218964,-0.23347485,-0.1905557,0.30205655,5.70142,-0.29105163
1744,1744,1744,1744,1744,1744,-0.012731472,-0.15484871,-0.13394971,0.5047834,5.524666,-0.23234019
1745,1745,1745,1745,1745,1745,0.06859473,-0.03823625,0.001832038,0.5151666,5.868434,-0.1639544
1746,1746,1746,1746,1746,1746,0.10470381,0.040764913,0.1635597,0.6514869,5.694164,-0.07486911
1747,1747,1747,1747,1747,1747,0.13826863,0.10139436,0.10565603,0.6766681,6.0246005,3.6498823e-05
1748,1748,1748,1748,1748,1748,0.20929918,0.21232966,0.26766783,0.84223825,6.4251723,0.224313
1749,1749,1749,1749,1749,1749,0.26671907,0.3125853,0.32643297,0.901999,6.972109,0.47901502
1750,1750,1750,1750,1750,1750,0.37273985,0.3772339,0.38056943,1.117117,7.1211286,0.6084981
1751,1751,1751,1751,1751,1751,0.4755694,0.4172206,0.43252122,1.1415615,7.572556,0.7501434
1752,1752,1752,1752,1752,1752,0.55585635,0.50028574,0.34914267,1.3312951,7.875233,0.84491485
1753,1753,1753,1753,1753,1753,0.6971072,0.5869427,0.39315203,1.3627508,8.230634,0.91500795
1754,1754,1754,1754,1754,1754,0.8068989,0.6109004,0.5343935,1.4044017,8.672848,0.97317445
1755,1755,1755,1755,1755,1755,0.972862,0.61105496,0.5532147,1.4882537,8.810401,1.0535743
1756,1756,1756,1756,1756,1756,1.0667086,0.6762903,0.622359,1.5578698,8.99084,1.0973809
1757,1757,1757,1757,1757,1757,1.1006213,0.67512125,0.81560045,1.664462,9.091102,1.1520804
1758,1758,1758,1758,1758,1758,1.1607016,0.705836,0.91207206,1.817338,8.908367,1.1689994
1759,1759,1759,1759,1759,1759,1.2282015,0.7464908,0.9299443,1.786074,9.1198435,1.2226726
1760,1760,1760,1760,1760,1760,1.2585806,0.7638279,0.9402466,1.993289,9.068042,1.2719946
1761,1761,1761,1761,1761,1761,1.3871157,0.79223496,0.9916367,2.2910814,9.010964,1.3218989
1762,1762,1762,1762,1762,1762,1.4884764,0.9179774,1.1607168,2.4361136,8.808963,1.4193794
1763,1763,1763,1763,1763,1763,1.5443102,1.0231308,1.2446309,2.4997773,8.397716,1.5090342
1764,1764,1764,1764,1764,1764,1.5345703,1.065813,1.4499215,2.752332,8.633981,1.6479965
1765,1765,1765,1765,1765,1765,1.6092992,1.1389263,1.6618688,2.8655813,8.784109,1.7625567
1766,1766,1766,1766,1766,1766,1.6812544,1.3670565,1.7515646,2.8741972,8.848783,1.8116043
1767,1767,1767,1767,1767,1767,1.7264198,1.3217314,2.4747534,3.0765224,9.011608,1.906269
1768,1768,1768,1768,1768,1768,1.8462534,1.5288448,2.6883042,3.3795562,8.76187,1.9727728
1769,1769,1769,1769,1769,1769,1.9407763,1.6886679,3.0395694,3.4278216,8.843665,2.042681
1770,1770,1770,1770,1770,1770,2.0006669,1.6775866,3.2721376,3.5047212,9.017544,2.0864866
1771,1771,1771,1771,1771,1771,2.0963006,1.8549335,3.2551305,3.510839,9.139203,2.102794
1772,1772,1772,1772,1772,1772,2.168249,1.916145,3.3261013,3.623999,9.228237,2.169461
1773,1773,1773,1773,1773,1773,2.1877484,1.9764072,3.2526443,3.5826693,9.49376,2.287945
1774,1774,1774,1774,1774,1774,2.2274854,2.2307746,3.1163316,3.6770778,9.578162,2.3050568
1775,1775,1775,1775,1775,1775,2.3583848,2.383641,3.3462718,3.6775405,9.398796,2.396607
1776,1776,1776,1776,1776,1776,2.442326,2.524408,3.3502395,3.7075384,9.249181,2.4807062
1777,1777,1777,1777,1777,1777,2.5281253,2.7436535,3.4877024,3.6134167,9.063225,2.5712676
1778,1778,1778,1778,1778,1778,2.6256552,2.8997984,3.6465597,3.5179706,9.563841,2.699361
1779,1779,1779,1779,1779,1779,2.6608675,2.985924,3.6975386,3.6552126,9.663151,2.7748692
1780,1780,1780,1780,1780,1780,2.8166802,3.105836,3.770986,3.5868535,9.205093,2.8704069
1781,1781,1781,1781,1781,1781,2.828483,3.1900365,3.7724397,3.6887379,9.015874,2.921625
1782,1782,1782,1782,1782,1782,2.8128915,3.2377949,3.785326,3.6456559,8.839571,2.978492
1783,1783,1783,1783,1783,1783,2.9144588,3.252971,3.674416,3.6248734,8.261454,3.0561483
1784,1784,1784,1784,1784,1784,3.0116458,3.310736,3.7379477,3.5297189,8.8445835,3.041005
1785,1785,1785,1785,1785,1785,3.0928657,3.3171172,3.7330801,3.53007,8.844713,3.0679138
1786,1786,1786,1786,1786,1786,3.0831048,3.3912485,3.7542322,3.430572,9.084154,3.0738978
1787,1787,1787,1787,1787,1787,3.1251302,3.4591255,3.8565202,3.5050209,9.224587,3.0916393
1788,1788,1788,1788,1788,1788,3.2508736,3.5165205,3.8110824,3.4865637,8.967807,3.115798
1789,1789,1789,1789,1789,1789,3.3525944,3.5713897,3.8716033,3.3158424,9.03,3.10929
1790,1790,1790,1790,1790,1790,3.3808777,3.5754118,3.8707013,3.2189345,8.954757,3.0425875
1791,1791,1791,1791,1791,1791,3.5127196,3.622056,3.907489,3.2278523,8.783299,3.0960557
1792,1792,1792,1792,1792,1792,3.5269213,3.6681883,3.855268,3.2509584,9.118572,3.1062453
1793,1793,1793,1793,1793,1793,3.5800827,3.6799042,3.811992,3.1675866,8.940974,3.181235
1794,1794,1794,1794,1794,1794,3.6233528,3.719277,3.906614,3.1101499,8.757803,3.2296164
1795,1795,1795,1795,1795,1795,3.707102,3.7107494,3.9068935,3.0682673,8.393753,3.2452698
1796,1796,1796,1796,1796,1796,3.770817,3.7390294,3.9062512,3.1152709,8.109299,3.285797
1797,1797,1797,1797,1797,1797,3.7902775,3.7795444,3.9066021,3.2510366,8.204804,3.2957766
1798,1798,1798,1798,1798,1798,3.806828,3.7969317,3.9062982,3.1405728,7.993883,3.2948642
1799,1799,1799,1799,1799,1799,3.8916273,3.8161469,3.9067783,2.947704,8.075953,3.3450546
1800,1800,1800,1800,1800,1800,3.913326,3.8178155,3.9055638,2.9356084,8.242528,3.3468075
1801,1801,1801,1801,1801,1801,3.9409344,3.8664477,3.9059072,2.9334106,8.282365,3.364627
1802,1802,1802,1802,1802,1802,3.9311936,3.9071844,3.9920933,3.0369108,8.545201,3.3392806
1803,1803,1803,1803,1803,1803,3.8593721,3.9174871,3.9050124,3.0242774,8.404403,3.376556
1804,1804,1804,1804,1804,1804,3.8269176,3.8988323,3.9041338,3.100043,8.370352,3.3644717
1805,1805,1805,1805,1805,1805,3.7630725,3.8643022,3.9031498,3.1397064,8.84095,3.32178
1806,1806,1806,1806,1806,1806,3.8103163,3.820741,3.9010708,3.1445167,8.992506,3.240101
1807,1807,1807,1807,1807,1807,3.7549288,3.7520943,3.9016633,3.19815,8.9717245,3.2406218
1808,1808,1808,1808,1808,1808,3.7132492,3.7177103,3.900921,3.2904391,9.028025,3.2044685
1809,1809,1809,1809,1809,1809,3.6766987,3.6593626,3.901672,3.1056802,8.854363,3.2236772
1810,1810,1810,1810,1810,1810,3.6492538,3.60186,3.9004753,3.0158074,8.923538,3.2018158
1811,1811,1811,1811,1811,1811,3.5657194,3.5462575,3.9557996,2.8124664,8.978933,3.1797936
1812,1812,1812,1812,1812,1812,3.5153658,3.5120468,3.8998969,2.7151523,9.173178,3.1420896
1813,1813,1813,1813,1813,1813,3.4301388,3.4317617,3.8996809,2.6158302,9.287244,3.1000004
1814,1814,1814,1814,1814,1814,3.3611085,3.3434362,3.896965,2.53742,9.412577,3.0464652
1815,1815,1815,1815,1815,1815,3.311831,3.2888515,3.8961527,2.395188,9.60998,2.9888692
1816,1816,1816,1816,1816,1816,3.1905813,3.1641257,3.8935726,2.407634,9.834808,2.931946
1817,1817,1817,1817,1817,1817,3.155741,3.0306814,3.8943546,2.3715734,9.964768,2.8586252
1818,1818,1818,1818,1818,1818,3.0797608,2.9019167,3.9036095,2.4109282,10.058688,2.8425043
1819,1819,1819,1819,1819,1819,3.0619223,2.734726,3.9307127,2.4629502,10.108998,2.773375
1820,1820,1820,1820,1820,1820,3.049482,2.5552368,4.4440274,2.5860093,10.438006,2.7912583
1821,1821,1821,1821,1821,1821,2.9810872,2.4939373,4.5390353,2.627867,10.583803,2.658397
1822,1822,1822,1822,1822,1822,2.9027576,2.5008361,4.1865735,2.7057924,10.444295,2.5635803
1823,1823,1823,1823,1823,1823,2.8776295,2.4208395,4.0813837,2.770169,10.370079,2.500207
1824,1824,1824,1824,1824,1824,2.8777707,2.3516746,4.095449,2.8000224,9.767661,2.4199333
1825,1825,1825,1825,1825,1825,2.783818,2.249538,3.8681412,2.7289872,9.665213,2.363569
1826,1826,1826,1826,1826,1826,2.711272,2.0938778,3.542357,2.7444227,9.27045,2.3107612
1827,1827,1827,1827,1827,1827,2.6270084,1.9775537,3.4646742,2.6250188,9.142396,2.2261336
1828,1828,1828,1828,1828,1828,2.5093513,1.8341752,3.3414056,2.4775712,9.137492,2.1349971
1829,1829,1829,1829,1829,1829,2.4105747,1.7598656,3.229259,2.2842863,8.669849,2.0549276
1830,1830,1830,1830,1830,1830,2.33083,1.6757983,3.070144,2.3009655,8.692426,1.9766443
1831,1831,1831,1831,1831,1831,2.3061218,1.6530188,2.8776238,2.158189,8.500253,1.9302434
1832,1832,1832,1832,1832,1832,2.2071187,1.613974,2.697658,2.1037536,8.594328,1.834415
1833,1833,1833,1833,1833,1833,2.1207018,1.550604,2.484191,2.0010781,8.676555,1.7585486
1834,1834,1834,1834,1834,1834,2.059745,1.4030781,2.4631026,1.9326154,7.915878,1.6573052
1835,1835,1835,1835,1835,1835,2.0156152,1.2637713,2.3781657,1.8763325,7.7609897,1.5421712
1836,1836,1836,1836,1836,1836,1.9475998,1.092642,2.1158664,1.6337265,7.527792,1.4497341
1837,1837,1837,1837,1837,1837,1.922871,0.946571,1.8608303,1.8652691,7.4490576,1.3900596
1838,1838,1838,1838,1838,1838,1.7514977,0.85142475,1.7502875,1.7808044,6.74155,1.2951878
1839,1839,1839,1839,1839,1839,1.5751338,0.72325873,1.4711684,1.6176572,6.4837785,1.2211152
1840,1840,1840,1840,1840,1840,1.4384074,0.6978393,1.2899516,1.5724772,6.537189,1.1671598
1841,1841,1841,1841,1841,1841,1.4343847,0.6059319,1.0563066,1.547337,6.7130933,1.0751743
1842,1842,1842,1842,1842,1842,1.2532372,0.58924127,0.9622968,1.6346232,7.0124125,1.0155754
1843,1843,1843,1843,1843,1843,1.2670428,0.5510416,0.9410152,1.8543198,7.1240506,0.97775346
1844,1844,1844,1844,1844,1844,1.1381446,0.5172959,1.0277897,2.1132793,7.6554027,0.91628134
1845,1845,1845,1845,1845,1845,1.0899086,0.501349,1.0726664,1.9418364,7.5554004,0.8874592
1846,1846,1846,1846,1846,1846,1.0623742,0.46278372,0.8269704,1.8749868,7.370663,0.8308858
1847,1847,1847,1847,1847,1847,0.96659786,0.43449298,0.76257503,1.6805061,7.500899,0.77186745
1848,1848,1848,1848,1848,1848,0.92658424,0.43597394,0.7522481,1.6273898,7.42628,0.7448863
1849,1849,1849,1849,1849,1849,0.8607368,0.38805526,0.7983675,1.4944743,7.2879806,0.69214594
1850,1850,1850,1850,1850,1850,0.8161111,0.3492904,0.7255434,1.5373302,7.1789007,0.6890516
1851,1851,1851,1851,1851,1851,0.7970271,0.33941397,0.6868054,1.6683264,7.2054853,0.64545196
1852,1852,1852,1852,1852,1852,0.7545047,0.32778043,0.68525934,1.6828228,7.0351,0.5925996
1853,1853,1853,1853,1853,1853,0.7126476,0.34789822,0.6027766,1.7544945,7.1470165,0.5765241
1854,1854,1854,1854,1854,1854,0.7341898,0.3440859,0.5543341,1.8604982,7.2334595,0.5643781
1855,1855,1855,1855,1855,1855,0.7083785,0.34152204,0.51564646,1.8871434,7.1010084,0.5218151
1856,1856,1856,1856,1856,1856,0.6348652,0.34638268,0.48604462,1.9573799,7.1256266,0.5106998
1857,1857,1857,1857,1857,1857,0.6436488,0.34645128,0.4962089,1.8421625,7.0805893,0.47580633
1858,1858,1858,1858,1858,1858,0.6648726,0.32676625,0.4219006,1.6643307,7.1660614,0.4844211
1859,1859,1859,1859,1859,1859,0.6546525,0.30088443,0.42764425,1.4835956,7.352247,0.4662308
1860,1860,1860,1860,1860,1860,0.71456045,0.27010867,0.42970186,1.6616836,7.312782,0.4567187
1861,1861,1861,1861,1861,1861,0.750286,0.26516128,0.40622106,1.6500844,7.361895,0.47063202
1862,1862,1862,1862,1862,1862,0.77600616,0.24948747,0.46189648,1.7295221,7.4162045,0.4901339
1863,1863,1863,1863,1863,1863,0.83642536,0.25801188,0.505757,1.4975483,7.343358,0.48182756
1864,1864,1864,1864,1864,1864,0.8662088,0.30135038,0.6581144,1.4331094,7.4069276,0.5262464
1865,1865,1865,1865,1865,1865,0.9001583,0.30690536,0.7194896,1.3902004,7.59642,0.5793144
1866,1866,1866,1866,1866,1866,0.9429417,0.31086773,0.6965381,1.4962075,7.6378183,0.6428875
1867,1867,1867,1867,1867,1867,1.0066847,0.34932467,0.6447254,1.6180034,7.7767344,0.6943698
1868,1868,1868,1868,1868,1868,1.053306,0.39449686,0.6715034,1.6352631,7.8422523,0.77378315
1869,1869,1869,1869,1869,1869,1.1161169,0.48568225,0.76859397,1.5856317,7.780624,0.8388535
1870,1870,1870,1870,1870,1870,1.1834973,0.5792072,0.8106033,1.5410925,7.905877,0.8876838
1871,1871,1871,1871,1871,1871,1.218802,0.67369854,1.0338353,1.3270702,8.038716,0.9595604
1872,1872,1872,1872,1872,1872,1.2906938,0.761166,0.95876515,1.3160924,8.298511,1.0410506
1873,1873,1873,1873,1873,1873,1.3993533,0.8340049,0.9803754,1.15899,8.491808,1.0922189
1874,1874,1874,1874,1874,1874,1.393554,0.95009685,1.0259776,1.0506204,8.784841,1.154421
1875,1875,1875,1875,1875,1875,1.5091157,1.0441209,1.1850194,1.4622128,8.8964815,1.1834476
1876,1876,1876,1876,1876,1876,1.5961682,1.0938102,1.1605434,1.6021307,9.087967,1.247274
1877,1877,1877,1877,1877,1877,1.6534982,1.2018443,1.4468799,1.4666038,9.295084,1.330123
1878,1878,1878,1878,1878,1878,1.7012904,1.2721128,1.2317148,1.5235624,9.144754,1.3645027
1879,1879,1879,1879,1879,1879,1.778071,1.340502,1.4197217,1.6328613,9.43068,1.4521084
1880,1880,1880,1880,1880,1880,1.8742878,1.4636534,1.6833732,1.8087637,9.506389,1.5201854
1881,1881,1881,1881,1881,1881,1.9652746,1.575817,1.8579496,1.9233837,9.1939335,1.6400385
1882,1882,1882,1882,1882,1882,2.185014,1.7423886,1.8734331,1.985436,8.883336,1.7966828
1883,1883,1883,1883,1883,1883,2.3440938,1.9313048,1.9495115,2.5701911,8.973774,1.8731558
1884,1884,1884,1884,1884,1884,2.5618434,2.09881,2.5897605,2.70345,9.232809,1.96124
1885,1885,1885,1885,1885,1885,2.8583076,2.3260963,2.8114896,2.6922677,9.440045,2.0657055
1886,1886,1886,1886,1886,1886,3.0184145,2.505851,3.0217454,2.7727737,9.528459,2.1278894
1887,1887,1887,1887,1887,1887,3.142749,2.6460752,3.1203897,3.123767,9.766827,2.1637049
1888,1888,1888,1888,1888,1888,3.2173195,2.8134885,3.0905766,2.8370438,9.79932,2.2567925
1889,1889,1889,1889,1889,1889,3.3597887,2.9962757,3.287482,3.128893,9.8878565,2.3675156
1890,1890,1890,1890,1890,1890,3.6283307,3.2231636,3.4195993,3.3175964,9.68461,2.5806034
1891,1891,1891,1891,1891,1891,3.731975,3.3303487,3.6104105,3.5279045,9.797123,2.6745136
1892,1892,1892,1892,1892,1892,3.8793995,3.532735,3.8282273,3.3389518,10.012003,2.8559926
1893,1893,1893,1893,1893,1893,3.9344218,3.6681094,3.908967,3.1718407,10.032609,3.0088305
1894,1894,1894,1894,1894,1894,4.123621,3.765204,3.9091513,3.199078,9.97807,3.203832
1895,1895,1895,1895,1895,1895,4.368581,3.9706607,4.042946,2.7781012,9.800549,3.3360004
1896,1896,1896,1896,1896,1896,4.4515758,4.1926765,4.033363,3.2086265,9.703512,3.3915396
1897,1897,1897,1897,1897,1897,4.744172,4.467822,4.257853,3.311414,9.869451,3.5278552
1898,1898,1898,1898,1898,1898,4.883968,4.9614186,4.8634453,3.0615835,10.065727,3.693569
1899,1899,1899,1899,1899,1899,5.0109344,5.789683,4.806125,3.1765535,10.081522,3.926458
1900,1900,1900,1900,1900,1900,5.34924,6.9630303,4.760974,3.6547751,10.172055,4.0662837
1901,1901,1901,1901,1901,1901,5.572199,6.7616224,5.105368,4.177272,10.290945,4.2229033
1902,1902,1902,1902,1902,1902,5.7678194,6.62528,5.268241,4.611138,10.276768,4.457681
1903,1903,1903,1903,1903,1903,5.874338,6.8108897,5.3344264,4.5352497,10.407336,4.6298223
1904,1904,1904,1904,1904,1904,6.0303326,7.1563745,5.457687,5.12387,10.038596,4.7052503
1905,1905,1905,1905,1905,1905,6.1569996,7.2885165,5.561031,5.2675605,9.932718,4.7227807
1906,1906,1906,1906,1906,1906,6.1365395,7.2217345,5.603331,5.0707784,9.975464,4.8896027
1907,1907,1907,1907,1907,1907,6.227312,7.101774,5.7745237,4.9687133,9.624159,5.089578
1908,1908,1908,1908,1908,1908,6.371562,7.11224,5.783635,5.059899,9.818172,5.260759
1909,1909,1909,1909,1909,1909,6.451084,7.247954,6.167746,4.7415037,9.585555,5.4862785
1910,1910,1910,1910,1910,1910,6.5757003,7.3240643,6.2110057,4.660479,9.986092,5.725097
1911,1911,1911,1911,1911,1911,6.961372,7.7843432,6.5596375,4.7744904,10.748861,5.8647976
1912,1912,1912,1912,1912,1912,6.8995357,7.538544,6.75227,5.04206,12.068235,5.878687
1913,1913,1913,1913,1913,1913,6.9146423,7.554017,6.998133,5.762291,14.227457,5.8523283
1914,1914,1914,1914,1914,1914,7.5390925,7.659796,7.1507735,5.24181,18.080797,6.100292
1915,1915,1915,1915,1915,1915,7.4853106,7.8127832,7.28974,5.5096855,25.693356,6.426039
1916,1916,1916,1916,1916,1916,7.3297777,7.947307,7.307428,4.820335,27.846966,6.706719
1917,1917,1917,1917,1917,1917,8.0946245,7.890924,7.6893454,4.7120843,26.760912,6.889074
1918,1918,1918,1918,1918,1918,8.335856,7.9411807,7.900319,5.2000604,27.593246,6.886114
1919,1919,1919,1919,1919,1919,8.538791,8.320347,8.199024,5.5317817,27.708559,6.928889
1920,1920,1920,1920,1920,1920,8.254208,8.135013,8.616081,5.5433125,27.651388,7.013838
1921,1921,1921,1921,1921,1921,8.312531,8.244068,8.293777,5.019804,26.77247,6.832857
1922,1922,1922,1922,1922,1922,8.493785,8.454472,7.8277206,5.494183,26.424253,7.1444554
1923,1923,1923,1923,1923,1923,8.387503,8.585688,7.997943,5.5409102,25.33337,7.3404007
1924,1924,1924,1924,1924,1924,8.367725,8.303025,8.286679,6.367813,21.484587,7.831889
1925,1925,1925,1925,1925,1925,8.138358,8.268801,8.1231165,5.562197,19.648764,7.799826
1926,1926,1926,1926,1926,1926,8.779466,8.46726,8.210313,5.4799128,21.244396,8.25713
1927,1927,1927,1927,1927,1927,8.364061,8.200196,8.095149,5.751548,18.495728,7.635755
1928,1928,1928,1928,1928,1928,8.475129,8.248115,8.114682,5.9564104,16.931221,7.994181
1929,1929,1929,1929,1929,1929,8.577852,8.476367,8.162543,6.048974,15.261217,7.804049
1930,1930,1930,1930,1930,1930,8.54264,8.592691,8.225005,6.352483,14.717418,7.9151354
1931,1931,1931,1931,1931,1931,8.624961,8.420019,8.374168,6.1994514,14.0700655,8.055991
1932,1932,1932,1932,1932,1932,8.633923,8.564305,8.453901,6.497728,13.055875,8.202396
1933,1933,1933,1933,1933,1933,8.695793,8.814536,8.253106,6.7757225,12.005777,8.229104
1934,1934,1934,1934,1934,1934,8.649499,9.009352,8.506177,7.1710854,9.527452,8.314653
1935,1935,1935,1935,1935,1935,8.6648245,8.986973,8.6454315,7.1743765,9.046502,8.455999
1936,1936,1936,1936,1936,1936,8.731369,8.977807,9.045642,7.539358,8.659053,8.578026
1937,1937,1937,1937,1937,1937,8.716037,9.259921,9.172398,7.700178,8.587972,8.700299
1938,1938,1938,1938,1938,1938,8.746283,9.599441,9.655377,7.8352885,8.440568,8.670185
1939,1939,1939,1939,1939,1939,8.767258,9.523797,9.727584,7.8848476,8.408384,8.655846
1940,1940,1940,1940,1940,1940,8.756429,9.639459,10.094862,8.332206,8.48788,8.689272
1941,1941,1941,1941,1941,1941,8.778541,9.626541,9.996564,8.567613,8.404547,8.817733
1942,1942,1942,1942,1942,1942,8.836936,9.588577,9.759106,8.8416395,8.572973,8.744354
1943,1943,1943,1943,1943,1943,8.893625,9.813107,10.072451,9.106423,8.961215,8.839887
1944,1944,1944,1944,1944,1944,8.95928,9.780085,10.766213,9.034132,8.983279,8.680873
1945,1945,1945,1945,1945,1945,8.989197,10.117866,11.26945,8.956016,8.882345,8.778089
1946,1946,1946,1946,1946,1946,9.072384,10.240745,10.941977,8.968007,9.01093,9.101188
1947,1947,1947,1947,1947,1947,9.128024,10.378634,10.955132,8.826504,9.248067,9.227476
1948,1948,1948,1948,1948,1948,9.133311,10.707433,10.452998,8.891361,9.448842,9.481692
1949,1949,1949,1949,1949,1949,9.15366,10.652111,10.41133,8.863032,9.630548,9.520627
1950,1950,1950,1950,1950,1950,9.146558,10.251917,10.56002,8.931581,9.710842,9.512446
1951,1951,1951,1951,1951,1951,9.193759,10.026263,10.47571,9.054587,9.827469,9.461468
1952,1952,1952,1952,1952,1952,9.260478,9.801915,10.882326,9.024127,10.028679,9.533056
1953,1953,1953,1953,1953,1953,9.295173,9.998666,10.482384,9.030321,10.2169895,9.536823
1954,1954,1954,1954,1954,1954,9.330545,9.978815,10.03969,9.154432,10.12263,9.451661
1955,1955,1955,1955,1955,1955,9.366809,9.984587,9.740178,9.19104,10.513025,9.4101715
1956,1956,1956,1956,1956,1956,9.448545,9.815176,9.355745,9.101487,10.528839,9.294675
1957,1957,1957,1957,1957,1957,9.436755,9.888607,9.329294,9.100205,10.433731,9.473501
1958,1958,1958,1958,1958,1958,9.459508,9.781117,9.100185,9.221573,10.424627,9.352263
1959,1959,1959,1959,1959,1959,9.481856,9.52068,8.843206,9.30078,10.551445,9.43112
1960,1960,1960,1960,1960,1960,9.51444,9.526445,8.836418,9.470994,10.621499,9.527327
1961,1961,1961,1961,1961,1961,9.565079,9.613373,8.927656,9.402151,10.628502,9.59739
1962,1962,1962,1962,1962,1962,9.631816,9.754618,9.306053,9.412786,10.602761,9.828145
1963,1963,1963,1963,1963,1963,9.678289,9.67907,9.453272,9.627096,10.600157,10.01626
1964,1964,1964,1964,1964,1964,9.762063,9.7052355,9.554151,9.702409,10.535304,10.165643
1965,1965,1965,1965,1965,1965,9.784667,9.935492,9.62392,9.748027,10.565546,10.263047
1966,1966,1966,1966,1966,1966,9.822546,10.075406,9.825101,9.867652,10.555928,10.314184
1967,1967,1967,1967,1967,1967,9.884378,10.383281,10.124904,9.955991,10.552075,10.346326
1968,1968,1968,1968,1968,1968,9.922742,10.059423,10.372813,9.997372,10.57505,10.30237
1969,1969,1969,1969,1969,1969,9.951971,10.109501,10.498578,9.981364,10.478373,10.378414
1970,1970,1970,1970,1970,1970,9.993255,10.003865,10.457881,10.13838,10.355685,10.431303
1971,1971,1971,1971,1971,1971,10.147612,9.997378,10.494444,10.078355,10.2292385,10.474684
1972,1972,1972,1972,1972,1972,10.250134,10.198085,10.646296,10.214108,10.560713,10.638299
1973,1973,1973,1973,1973,1973,10.193566,10.666631,10.607315,10.296767,10.667824,10.734741
1974,1974,1974,1974,1974,1974,10.300161,10.831896,10.852824,10.4269285,10.526657,10.756165
1975,1975,1975,1975,1975,1975,10.333375,10.957411,11.178539,10.669249,10.909368,10.968149
1976,1976,1976,1976,1976,1976,10.459075,11.032044,11.349832,10.752087,11.131758,11.118864
1977,1977,1977,1977,1977,1977,10.482437,11.291812,11.222796,10.992052,11.542261,11.234445
1978,1978,1978,1978,1978,1978,10.493922,11.300477,11.436366,10.992364,12.086661,11.297856
1979,1979,1979,1979,1979,1979,10.553174,11.285678,11.350114,11.258748,12.534564,11.30984
1980,1980,1980,1980,1980,1980,10.617928,11.449802,11.444322,11.340046,13.024316,11.401383
1981,1981,1981,1981,1981,1981,10.751678,11.529712,11.403846,11.387808,12.8966875,11.445059
1982,1982,1982,1982,1982,1982,10.856363,11.607115,11.675807,11.463843,13.044563,11.56453
1983,1983,1983,1983,1983,1983,10.9454565,11.665011,11.792867,11.309331,13.307334,11.774697
1984,1984,1984,1984,1984,1984,10.888166,11.753245,11.691229,11.381588,13.679167,11.846257
1985,1985,1985,1985,1985,1985,10.794234,11.7406025,11.794764,11.478325,14.530079,12.023805
1986,1986,1986,1986,1986,1986,10.885757,11.761261,11.783821,11.541791,14.834465,12.103257
1987,1987,1987,1987,1987,1987,10.956872,11.786358,11.936433,11.779825,14.811964,12.276947
1988,1988,1988,1988,1988,1988,11.055039,11.936255,11.956992,11.964732,15.119549,12.380868
1989,1989,1989,1989,1989,1989,11.170437,12.022865,12.040447,11.975484,14.746287,12.518641
1990,1990,1990,1990,1990,1990,11.3372,12.156131,11.933012,11.966305,14.429576,12.879086
1991,1991,1991,1991,1991,1991,11.475183,12.268479,12.12263,12.269184,13.875078,13.069524
1992,1992,1992,1992,1992,1992,11.57597,12.409374,12.262222,12.276602,13.931602,13.077972
1993,1993,1993,1993,1993,1993,11.639978,12.547647,12.28396,12.288355,13.890305,12.962031
1994,1994,1994,1994,1994,1994,11.768796,12.598773,12.228625,12.491095,14.125741,12.903153
1995,1995,1995,1995,1995,1995,11.798622,12.745586,12.309909,12.387538,13.620347,13.291967
1996,1996,1996,1996,1996,1996,11.878999,12.789008,12.388224,12.501622,13.822762,13.636771
1997,1997,1997,1997,1997,1997,12.002496,12.911132,12.521634,12.466725,13.752057,13.800975
1998,1998,1998,1998,1998,1998,12.071773,13.010084,12.468293,12.3634815,13.850122,13.9508705
1999,1999,1999,1999,1999,1999,12.011989,13.066459,12.805584,12.527487,13.971024,14.039499
2000,2000,2000,2000,2000,2000,12.155985,13.349763,13.002419,12.49219,13.876245,14.152711
2001,2001,2001,2001,2001,2001,12.291183,13.297659,13.228856,12.281229,13.812521,14.304175
2002,2002,2002,2002,2002,2002,12.490764,13.405593,13.479632,12.439972,13.80726,14.435621
2003,2003,2003,2003,2003,2003,12.552968,13.532456,13.771959,12.187082,13.921266,14.463471
2004,2004,2004,2004,2004,2004,12.546055,13.636549,13.743421,12.225705,14.421272,14.463323
2005,2005,2005,2005,2005,2005,12.6369095,13.819508,13.805001,11.807369,14.7439375,14.511663
2006,2006,2006,2006,2006,2006,12.7717705,13.925551,13.831841,11.982402,14.633962,14.501425
2007,2007,2007,2007,2007,2007,12.796059,14.029986,13.939595,11.619327,14.729415,14.570399
2008,2008,2008,2008,2008,2008,13.068174,14.004358,14.17522,11.483444,14.397816,14.699915
2009,2009,2009,2009,2009,2009,13.298642,14.182014,14.131233,11.948627,14.407743,14.766791
2010,2010,2010,2010,2010,2010,13.29668,14.323191,14.257567,11.771686,14.466744,14.830949
2011,2011,2011,2011,2011,2011,13.363152,14.358916,14.454877,11.819097,14.48848,14.902763
2012,2012,2012,2012,2012,2012,13.419044,14.490704,14.309335,11.904936,14.484139,14.902431
2013,2013,2013,2013,2013,2013,13.462305,14.515416,14.393776,11.70464,14.476756,14.889354
2014,2014,2014,2014,2014,2014,13.452077,14.496514,14.547729,11.880897,14.362627,14.901692
2015,2015,2015,2015,2015,2015,13.464776,14.520053,14.591819,11.65416,14.42395,14.886353
2016,2016,2016,2016,2016,2016,13.394687,14.498761,14.598861,11.526363,14.2661085,14.927748
2017,2017,2017,2017,2017,2017,13.365498,14.518684,14.660546,11.298152,14.319986,14.858332
2018,2018,2018,2018,2018,2018,13.299146,14.45581,14.716762,11.328519,14.203818,14.769689
2019,2019,2019,2019,2019,2019,13.258892,14.458054,14.552839,10.91528,14.220831,14.747609
2020,2020,2020,2020,2020,2020,13.126071,14.419155,14.519533,10.872844,13.935204,14.683383
2021,2021,2021,2021,2021,2021,12.998923,14.33344,14.60031,10.960749,13.932897,14.583124
2022,2022,2022,2022,2022,2022,12.946286,14.187084,14.551678,10.796099,13.919371,14.461627
2023,2023,2023,2023,2023,2023,12.907253,14.078077,14.1633005,10.773066,13.976717,14.289583
2024,2024,2024,2024,2024,2024,12.831572,13.967728,14.1896925,10.535841,14.137952,14.174307
2025,2025,2025,2025,2025,2025,12.735889,13.968873,13.982139,10.264239,14.347396,14.105168
2026,2026,2026,2026,2026,2026,12.665965,13.823383,13.6653385,10.4516945,14.336548,14.032771
2027,2027,2027,2027,2027,2027,12.435682,13.655893,13.50821,10.214536,14.254451,13.906203
2028,2028,2028,2028,2028,2028,12.324807,13.474392,13.014781,9.938885,13.838768,13.797799
2029,2029,2029,2029,2029,2029,12.181085,13.162061,12.645128,9.819574,13.096886,13.718716
2030,2030,2030,2030,2030,2030,12.084976,12.987459,12.466402,9.716103,12.873967,13.541587
2031,2031,2031,2031,2031,2031,11.934646,12.790206,12.252902,9.872833,12.747257,13.339306
2032,2032,2032,2032,2032,2032,11.719769,12.696554,12.160869,9.948402,12.806044,13.157682
2033,2033,2033,2033,2033,2033,11.4973,12.483645,12.129363,9.656436,12.585948,12.918492
2034,2034,2034,2034,2034,2034,11.386028,12.3106365,11.80838,9.66628,12.476223,12.707015
2035,2035,2035,2035,2035,2035,11.268435,12.125939,11.573226,9.983031,12.573414,12.439657
2036,2036,2036,2036,2036,2036,11.151315,11.926073,11.509788,10.049688,12.695562,12.15847
2037,2037,2037,2037,2037,2037,11.03286,11.6902895,11.313272,9.974811,13.029333,11.877051
2038,2038,2038,2038,2038,2038,10.823197,11.409618,11.106323,10.144061,13.009153,11.553833
2039,2039,2039,2039,2039,2039,10.640915,11.052071,10.991799,9.99161,13.490675,11.326009
2040,2040,2040,2040,2040,2040,10.58139,10.715031,10.717253,10.257345,13.281323,11.048879
2041,2041,2041,2041,2041,2041,10.5455265,10.350784,10.391712,10.163288,12.523712,10.785048
2042,2042,2042,2042,2042,2042,10.382486,10.070626,9.980659,10.23239,12.182459,10.640718
2043,2043,2043,2043,2043,2043,10.202328,9.8319,9.942237,10.210272,12.1014385,10.453595
2044,2044,2044,2044,2044,2044,10.048034,9.706819,9.586804,10.12855,11.746209,10.187124
2045,2045,2045,2045,2045,2045,9.873728,9.563017,9.21047,10.187278,11.443881,9.966084
2046,2046,2046,2046,2046,2046,9.664701,9.307739,9.084259,9.9816475,11.195521,9.536161
2047,2047,2047,2047,2047,2047,9.50577,9.135255,9.059133,9.754762,11.052933,9.16424
2048,2048,2048,2048,2048,2048,9.326348,8.878165,8.883626,9.440373,10.579549,8.8740835
2049,2049,2049,2049,2049,2049,9.122853,8.667589,8.798426,9.138085,10.493792,8.557755
2050,2050,2050,2050,2050,2050,8.988657,8.553039,8.7433405,8.923464,10.276508,8.367699
2051,2051,2051,2051,2051,2051,8.823563,8.414565,8.436163,8.83521,10.423763,8.0866
2052,2052,2052,2052,2052,2052,8.64838,8.266455,8.338189,8.5543785,10.445035,7.8566723
2053,2053,2053,2053,2053,2053,8.453384,8.1425295,8.065616,7.9541306,10.35357,7.7722254
2054,2054,2054,2054,2054,2054,8.26527,7.9726644,7.972656,8.187194,10.133033,7.506895
2055,2055,2055,2055,2055,2055,8.0235615,7.8070903,7.5434895,8.092849,9.97207,7.161829
2056,2056,2056,2056,2056,2056,7.9046645,7.527826,7.377993,7.883095,9.433474,7.034102
2057,2057,2057,2057,2057,2057,7.684187,7.357509,7.3165126,7.7488227,9.10226,6.830079
2058,2058,2058,2058,2058,2058,7.477397,7.140569,7.233086,7.892033,9.090776,6.586764
2059,2059,2059,2059,2059,2059,7.1966333,7.0448546,6.9437976,7.582098,8.906706,6.40201
2060,2060,2060,2060,2060,2060,6.8801975,6.8708677,6.4986053,7.5855947,8.616012,6.2092924
2061,2061,2061,2061,2061,2061,6.622133,6.792009,6.219078,7.5374017,8.781576,5.9208198
2062,2062,2062,2062,2062,2062,6.3171535,6.5731297,5.7802315,7.5338707,8.515122,5.626469
2063,2063,2063,2063,2063,2063,6.069427,6.359986,5.7085023,7.327138,8.386707,5.4319687
2064,2064,2064,2064,2064,2064,5.860816,6.1146107,5.4762716,7.190618,8.390451,5.133789
2065,2065,2065,2065,2065,2065,5.7131176,5.9681506,5.4576764,7.1049876,7.9952755,4.960916
2066,2066,2066,2066,2066,2066,5.5456786,5.7493024,5.2607694,7.2203608,8.031215,4.7928677
2067,2067,2067,2067,2067,2067,5.338945,5.5819545,5.1299143,7.0159426,7.7346306,4.5894527
2068,2068,2068,2068,2068,2068,5.1176033,5.437527,5.049786,6.8990107,7.1739326,4.4503655
2069,2069,2069,2069,2069,2069,4.95304,5.2938547,4.886185,6.956831,7.1487026,4.3075366
2070,2070,2070,2070,2070,2070,4.7115602,5.1137643,4.517482,6.910264,6.6268353,4.1517715
2071,2071,2071,2071,2071,2071,4.4825435,4.9988837,4.4130597,6.5710683,6.329913,4.032127
2072,2072,2072,2072,2072,2072,4.301501,4.8531375,4.1996245,6.6363893,7.163996,3.8558397
2073,2073,2073,2073,2073,2073,4.1362877,4.8011184,4.0866704,6.459754,7.4686775,3.6961713
2074,2074,2074,2074,2074,2074,4.020542,4.673735,4.0146704,6.451513,7.682587,3.6049037
2075,2075,2075,2075,2075,2075,3.8516834,4.4956183,3.930796,5.4921765,7.205237,3.400127
2076,2076,2076,2076,2076,2076,3.7106447,4.3244185,3.9128551,6.2908664,6.8920336,3.3317273
2077,2077,2077,2077,2077,2077,3.5053618,4.1863585,3.9140222,6.007651,6.076559,3.2329712
2078,2078,2078,2078,2078,2078,3.393488,4.0829964,3.8929856,5.8389535,6.2963467,3.1354072
2079,2079,2079,2079,2079,2079,3.2938585,3.9862096,3.7655578,5.9629736,5.803039,3.1159184
2080,2080,2080,2080,2080,2080,3.202463,3.890642,3.66444,6.027884,5.146309,3.1536882
2081,2081,2081,2081,2081,2081,3.0676546,3.7983654,3.6562107,5.8391595,4.02117,3.133808
2082,2082,2082,2082,2082,2082,2.965857,3.686917,3.7811835,5.8807774,3.838855,3.1343937
2083,2083,2083,2083,2083,2083,2.992158,3.6258032,3.9141297,5.850729,3.881709,3.1609452
2084,2084,2084,2084,2084,2084,2.9282873,3.5468943,3.9059894,5.792118,4.186713,3.106168
2085,2085,2085,2085,2085,2085,2.9200628,3.4868155,3.9152966,5.7017474,3.8512416,3.1162522
2086,2086,2086,2086,2086,2086,2.8409047,3.442764,3.914383,5.4056354,4.1853175,3.121277
2087,2087,2087,2087,2087,2087,2.838502,3.3675725,3.8536365,5.4092684,3.0086849,3.1244853
2088,2088,2088,2088,2088,2088,2.8193312,3.3775306,3.9110727,5.63484,4.3448267,3.0387762
2089,2089,2089,2089,2089,2089,2.8610816,3.2654614,3.9080713,5.476604,3.9634893,2.9991243
2090,2090,2090,2090,2090,2090,2.8522425,3.2762432,3.8271132,5.530491,4.5616183,2.9062002
2091,2091,2091,2091,2091,2091,2.8864386,3.248447,3.9107184,5.471268,4.235415,2.920194
2092,2092,2092,2092,2092,2092,2.911289,3.2275152,3.9102378,5.3452864,4.818568,3.0051222
2093,2093,2093,2093,2093,2093,3.000209,3.3029616,3.9095945,5.3716993,4.8274965,3.04034
2094,2094,2094,2094,2094,2094,3.0936286,3.269424,3.9071066,5.496783,4.640761,3.0678437
2095,2095,2095,2095,2095,2095,3.0828807,3.4127398,3.9083054,5.5529017,4.608827,3.056941
2096,2096,2096,2096,2096,2096,3.1743302,3.4649813,3.907309,5.799861,4.567294,3.1107984
2097,2097,2097,2097,2097,2097,3.196934,3.5844345,3.908502,5.8048077,4.2920704,3.0811195
2098,2098,2098,2098,2098,2098,3.2343297,3.590994,3.9078946,5.6600213,4.92379,3.0991325
2099,2099,2099,2099,2099,2099,3.2810912,3.6703043,4.0300364,5.8765197,4.8781304,3.056152
2100,2100,2100,2100,2100,2100,3.3092005,3.8666954,3.9078827,5.850564,5.0353036,3.0783648
2101,2101,2101,2101,2101,2101,3.382674,3.9434044,3.906007,5.9461346,4.4256706,3.140624
2102,2102,2102,2102,2102,2102,3.5347137,4.136674,3.9073718,5.956429,4.756513,3.2844095
2103,2103,2103,2103,2103,2103,3.7655232,4.235942,4.3216615,5.938898,5.320847,3.4003143
2104,2104,2104,2104,2104,2104,3.8341982,4.4211454,4.530695,6.0225353,5.7413483,3.583562
2105,2105,2105,2105,2105,2105,3.9333038,4.583483,4.9098988,6.0363407,5.434739,3.6930494
2106,2106,2106,2106,2106,2106,4.1270714,4.766639,4.918623,6.109858,5.664657,3.8564208
2107,2107,2107,2107,2107,2107,4.202437,5.0829744,5.1760077,6.3092394,6.17248,3.9114323
2108,2108,2108,2108,2108,2108,4.36918,5.2771945,5.389914,6.41103,5.964942,4.091498
2109,2109,2109,2109,2109,2109,4.4578896,5.4525456,5.3030877,6.4374743,6.4383984,4.2420273
2110,2110,2110,2110,2110,2110,4.6089025,5.6939077,5.353043,6.6092615,6.3772306,4.412497
2111,2111,2111,2111,2111,2111,4.6969175,5.8086505,5.2160587,6.6279163,6.1008883,4.459909
2112,2112,2112,2112,2112,2112,4.8803544,5.985037,5.3482294,6.9651732,6.5233235,4.6999364
2113,2113,2113,2113,2113,2113,5.08163,6.1210938,5.405195,7.3704147,5.9129715,4.855516
2114,2114,2114,2114,2114,2114,5.402057,6.227396,5.339361,7.3880606,6.3736277,5.0576835
2115,2115,2115,2115,2115,2115,5.603259,6.3188624,5.237221,7.326051,6.9482346,5.253166
2116,2116,2116,2116,2116,2116,5.7048287,6.3668737,5.4643373,7.2958183,6.4911942,5.4076138
2117,2117,2117,2117,2117,2117,5.8903704,6.4348235,5.4106274,7.38786,6.548204,5.4800553
2118,2118,2118,2118,2118,2118,5.9496484,6.563845,5.4535284,7.2860374,7.0675406,5.663447
2119,2119,2119,2119,2119,2119,6.09112,6.6959167,5.387164,7.449769,7.4182262,5.8115163
2120,2120,2120,2120,2120,2120,6.1698265,6.890697,5.5997868,7.6240344,7.608432,5.938143
2121,2121,2121,2121,2121,2121,6.275742,7.058013,5.640865,7.9077654,7.890008,6.136336
2122,2122,2122,2122,2122,2122,6.3727574,7.277827,6.047302,8.053572,7.881896,6.3357015
2123,2123,2123,2123,2123,2123,6.476502,7.3650165,6.302221,8.002159,8.188034,6.4448905
2124,2124,2124,2124,2124,2124,6.666973,7.491141,6.301438,8.140915,8.528636,6.627538
2125,2125,2125,2125,2125,2125,6.8933277,7.536316,6.4877167,8.258511,8.658254,6.7391453
2126,2126,2126,2126,2126,2126,7.1045146,7.677523,6.743945,8.092018,8.942306,6.882337
2127,2127,2127,2127,2127,2127,7.2878976,7.898145,6.963284,7.951055,9.28526,7.195324
2128,2128,2128,2128,2128,2128,7.372697,8.134537,7.3841333,8.1249075,9.6878195,7.3498588
2129,2129,2129,2129,2129,2129,7.5652924,8.349405,7.4748373,8.227002,9.744339,7.46667
2130,2130,2130,2130,2130,2130,7.8406963,8.60306,7.3467646,8.355304,9.936987,7.692432
2131,2131,2131,2131,2131,2131,7.9972897,8.768699,7.4416075,8.219848,9.901569,7.829546
2132,2132,2132,2132,2132,2132,8.164555,8.823243,7.547106,8.395875,10.2811575,8.014728
2133,2133,2133,2133,2133,2133,8.342959,8.971105,7.7672343,8.577635,9.795703,8.199511
2134,2134,2134,2134,2134,2134,8.547757,9.054771,8.039947,8.531044,10.612055,8.374438
2135,2135,2135,2135,2135,2135,8.677389,9.162413,8.006118,8.760974,10.808786,8.544006
2136,2136,2136,2136,2136,2136,8.975445,9.40632,7.7919893,8.857517,11.048196,8.681059
2137,2137,2137,2137,2137,2137,9.215272,9.577353,8.1081085,9.011871,11.434696,8.879059
2138,2138,2138,2138,2138,2138,9.34168,9.805091,8.442094,8.9339,11.358338,9.166197
2139,2139,2139,2139,2139,2139,9.503883,9.957577,8.990935,9.489695,11.588393,9.213488
2140,2140,2140,2140,2140,2140,9.766516,10.21152,9.478504,9.600455,12.0608,9.41973
2141,2141,2141,2141,2141,2141,9.781707,10.661834,9.819932,9.406869,13.014516,9.867859
2142,2142,2142,2142,2142,2142,9.915523,10.840556,10.126431,9.291424,12.749593,10.173971
2143,2143,2143,2143,2143,2143,10.108071,11.098446,10.439469,9.043127,13.012893,10.535977
2144,2144,2144,2144,2144,2144,10.197296,11.405102,10.91968,9.303856,12.812135,10.817491
2145,2145,2145,2145,2145,2145,10.413678,11.675091,10.956679,9.676146,11.342805,11.145461
2146,2146,2146,2146,2146,2146,10.640196,12.007107,11.177682,10.039717,10.839477,11.483214
2147,2147,2147,2147,2147,2147,10.835928,12.23539,11.485039,9.955984,12.142293,11.822963
2148,2148,2148,2148,2148,2148,11.059362,12.553933,12.406066,10.235523,12.020055,12.089076
2149,2149,2149,2149,2149,2149,11.243021,12.889978,12.575944,10.112685,13.037201,12.423746
2150,2150,2150,2150,2150,2150,11.47331,13.067746,12.878628,9.964472,13.599875,12.682686
2151,2151,2151,2151,2151,2151,11.71148,13.244706,13.0995245,10.345496,14.249723,13.111037
2152,2152,2152,2152,2152,2152,11.904618,13.586655,13.638099,10.720788,14.3313055,13.534623
2153,2153,2153,2153,2153,2153,12.11793,13.809876,13.860888,10.483959,13.902626,13.863833
2154,2154,2154,2154,2154,2154,12.314709,14.143919,14.455292,11.020428,14.512783,14.170538
2155,2155,2155,2155,2155,2155,12.656818,14.391066,14.656159,11.102188,13.946668,14.48533
2156,2156,2156,2156,2156,2156,12.868446,14.637751,14.544146,11.141648,14.747938,14.640751
2157,2157,2157,2157,2157,2157,13.090859,14.808713,14.809218,11.567135,14.803027,14.936921
2158,2158,2158,2158,2158,2158,13.330065,15.001746,15.136994,11.499278,15.11862,15.154852
2159,2159,2159,2159,2159,2159,13.664691,15.116808,15.219407,11.994998,16.331505,15.390137
2160,2160,2160,2160,2160,2160,13.866576,15.196808,15.2036915,11.807556,16.52559,15.543859
2161,2161,2161,2161,2161,2161,14.093174,15.424388,15.663958,11.942339,17.049562,15.681673
2162,2162,2162,2162,2162,2162,14.368697,15.663986,15.761067,11.817068,17.55874,15.876096
2163,2163,2163,2163,2163,2163,14.559905,15.931619,16.083035,12.069086,16.90884,16.03522
2164,2164,2164,2164,2164,2164,14.783153,16.124178,16.267973,11.766419,16.912506,16.172592
2165,2165,2165,2165,2165,2165,15.051996,16.325779,16.519794,12.8745365,17.65976,16.317593
2166,2166,2166,2166,2166,2166,15.33613,16.487083,16.745998,12.766363,18.193274,16.525347
2167,2167,2167,2167,2167,2167,15.57356,16.651062,16.862274,12.939576,18.619585,16.673706
2168,2168,2168,2168,2168,2168,15.823225,16.84636,17.1294,12.459966,18.334702,16.980957
2169,2169,2169,2169,2169,2169,16.01989,16.987244,17.145666,13.22715,18.322151,17.153938
2170,2170,2170,2170,2170,2170,16.174606,17.064331,17.419563,13.135802,18.217361,17.488525
2171,2171,2171,2171,2171,2171,16.56122,17.158142,17.461023,13.568675,18.509186,17.512484
2172,2172,2172,2172,2172,2172,16.79217,17.329346,17.480639,13.862309,18.556087,17.681845
2173,2173,2173,2173,2173,2173,17.172358,17.453909,17.74621,14.110345,18.793293,17.948423
2174,2174,2174,2174,2174,2174,17.294792,17.58942,17.480276,13.6658325,19.32353,18.125837
2175,2175,2175,2175,2175,2175,17.673498,17.691809,17.538942,14.665713,19.895226,18.332136
2176,2176,2176,2176,2176,2176,18.052002,17.77204,17.393232,14.402334,20.656496,18.602535
2177,2177,2177,2177,2177,2177,18.129925,17.836887,17.484043,14.243907,20.736149,18.837349
2178,2178,2178,2178,2178,2178,18.277336,18.0403,17.971336,14.474061,21.313828,18.99949
2179,2179,2179,2179,2179,2179,18.376328,18.344461,18.555782,14.644592,21.21191,19.136961
2180,2180,2180,2180,2180,2180,18.476963,18.577402,18.770367,15.438597,20.706589,19.382174
2181,2181,2181,2181,2181,2181,18.760975,18.697914,18.883707,15.980483,21.285599,19.667414
2182,2182,2182,2182,2182,2182,18.707024,18.94445,18.936054,14.618144,21.493944,19.799002
2183,2183,2183,2183,2183,2183,19.056189,19.241306,18.683569,15.108652,21.846,19.95157
2184,2184,2184,2184,2184,2184,19.299295,19.521181,18.96448,15.699916,21.988913,20.16642
2185,2185,2185,2185,2185,2185,19.354177,19.596006,19.580286,16.324715,22.599993,20.170048
2186,2186,2186,2186,2186,2186,19.678267,19.724522,19.66524,16.90927,22.918655,20.240515
2187,2187,2187,2187,2187,2187,19.953386,19.626545,19.995262,17.240961,23.001427,20.268055
2188,2188,2188,2188,2188,2188,20.250729,19.64469,19.913433,18.009129,23.133759,20.380907
2189,2189,2189,2189,2189,2189,20.227972,19.70753,20.031588,18.235825,23.5011,20.417374
2190,2190,2190,2190,2190,2190,20.355892,19.948236,19.999132,18.904541,23.55793,20.621532
2191,2191,2191,2191,2191,2191,20.553885,20.164097,20.208302,19.140005,24.228487,20.784933
2192,2192,2192,2192,2192,2192,20.55136,20.378754,20.502157,19.895374,24.176752,21.017164
2193,2193,2193,2193,2193,2193,20.667364,20.548643,20.138124,19.657734,24.46415,21.086775
2194,2194,2194,2194,2194,2194,20.752922,20.927244,20.613297,20.008543,24.21649,21.008188
2195,2195,2195,2195,2195,2195,20.689316,21.012312,20.816721,20.055937,24.515984,21.152838
2196,2196,2196,2196,2196,2196,20.678432,21.085524,21.4321,20.579123,24.113897,21.312454
2197,2197,2197,2197,2197,2197,20.608038,21.241756,21.677147,20.529665,24.20338,21.316608
2198,2198,2198,2198,2198,2198,20.478823,21.354414,21.664875,21.03025,24.399332,21.161945
2199,2199,2199,2199,2199,2199,20.372824,21.436373,21.75324,21.384323,24.679972,21.1139
2200,2200,2200,2200,2200,2200,20.732769,21.558268,21.531326,21.610735,24.613699,21.461197
2201,2201,2201,2201,2201,2201,20.826271,21.805279,21.472925,21.925306,25.703974,21.568499
2202,2202,2202,2202,2202,2202,20.980719,21.78031,21.632778,22.413094,25.338106,21.570011
2203,2203,2203,2203,2203,2203,20.96992,21.687956,21.723135,22.317102,25.49404,21.649725
2204,2204,2204,2204,2204,2204,20.976545,21.757296,21.881784,22.079863,26.150318,21.534754
2205,2205,2205,2205,2205,2205,21.28714,21.756256,21.918184,21.619207,24.59458,21.67531
2206,2206,2206,2206,2206,2206,21.410894,21.924366,21.7671,22.047474,25.769283,21.49558
2207,2207,2207,2207,2207,2207,21.322893,21.882357,21.837187,22.037508,27.6522,21.790892
2208,2208,2208,2208,2208,2208,21.383442,21.976263,22.371391,22.361956,27.482433,21.810524
2209,2209,2209,2209,2209,2209,21.456562,22.163158,22.557608,22.73719,26.030872,21.971767
2210,2210,2210,2210,2210,2210,21.500095,22.272755,22.330765,23.60147,28.104422,21.93186
2211,2211,2211,2211,2211,2211,21.663643,22.25898,22.786821,23.415974,27.526672,22.03086
2212,2212,2212,2212,2212,2212,21.712729,22.032778,23.016792,23.717165,29.079283,22.2324
2213,2213,2213,2213,2213,2213,21.916,21.96774,23.116182,22.076134,28.675219,22.19829
2214,2214,2214,2214,2214,2214,22.160988,21.935247,23.440792,23.826294,28.007242,22.28023
2215,2215,2215,2215,2215,2215,22.209715,21.928482,23.662565,23.549442,28.286972,22.326786
2216,2216,2216,2216,2216,2216,22.304766,21.933151,24.053082,22.99378,27.893923,22.401873
2217,2217,2217,2217,2217,2217,22.72144,21.921804,23.377966,23.075161,27.95564,22.540863
2218,2218,2218,2218,2218,2218,22.514936,21.714312,23.201992,22.941368,28.386034,22.68017
2219,2219,2219,2219,2219,2219,22.870104,21.534973,22.948524,22.986433,28.467913,22.742546
2220,2220,2220,2220,2220,2220,22.864403,21.409147,22.801332,22.991297,28.963682,22.83639
2221,2221,2221,2221,2221,2221,22.90985,21.615189,22.627743,21.988724,28.82578,22.884893
2222,2222,2222,2222,2222,2222,22.878345,21.483604,22.683582,21.542719,28.96411,23.015867
2223,2223,2223,2223,2223,2223,22.873087,21.958044,22.928333,21.218966,29.392303,22.966314
2224,2224,2224,2224,2224,2224,22.604385,22.365095,22.902384,20.789124,29.167238,23.05159
2225,2225,2225,2225,2225,2225,22.5631,22.704056,22.884989,20.806486,29.503813,23.091848
2226,2226,2226,2226,2226,2226,22.655169,22.794962,23.03961,20.529266,29.514635,23.272757
2227,2227,2227,2227,2227,2227,22.621264,22.585716,23.078283,21.087603,29.326248,23.324318
2228,2228,2228,2228,2228,2228,22.79223,22.57243,23.338985,21.420982,29.38854,23.357647
2229,2229,2229,2229,2229,2229,22.699688,22.917776,23.311626,21.588314,29.47361,23.443415
2230,2230,2230,2230,2230,2230,22.759916,22.891293,23.249598,22.413815,30.164934,23.456163
2231,2231,2231,2231,2231,2231,22.564896,22.890862,23.327568,23.137644,30.027443,23.397598
2232,2232,2232,2232,2232,2232,22.615503,22.684395,23.227549,22.873615,30.460152,23.444317
2233,2233,2233,2233,2233,2233,22.545969,22.541782,23.27436,22.645123,31.199774,23.459675
2234,2234,2234,2234,2234,2234,22.504599,22.565151,23.001696,22.284649,31.289362,23.540583
2235,2235,2235,2235,2235,2235,22.601963,22.70309,23.382566,22.72741,31.492664,23.706732
2236,2236,2236,2236,2236,2236,22.602804,22.596724,23.287312,22.640938,31.563341,23.67949
2237,2237,2237,2237,2237,2237,22.666918,22.421959,23.335129,23.989227,32.781105,23.7797
2238,2238,2238,2238,2238,2238,22.708336,22.367355,23.758104,23.779976,32.507046,23.695652
2239,2239,2239,2239,2239,2239,22.923819,22.428932,24.014925,24.091974,32.2815,23.807205
2240,2240,2240,2240,2240,2240,22.827116,22.543852,24.179691,24.375069,32.5169,23.849146
2241,2241,2241,2241,2241,2241,22.9009,22.2868,24.084856,25.351854,31.906237,23.8894
2242,2242,2242,2242,2242,2242,22.730469,22.194128,23.967531,25.44094,31.527803,23.985125
2243,2243,2243,2243,2243,2243,22.808289,21.961002,23.986092,25.437256,30.584496,23.99761
2244,2244,2244,2244,2244,2244,22.768293,21.985554,23.415495,25.77024,31.11178,23.865486
2245,2245,2245,2245,2245,2245,22.639437,22.193035,23.605413,25.882399,30.633892,23.837725
2246,2246,2246,2246,2246,2246,22.626377,22.189318,23.357044,25.873026,30.811789,23.83995
2247,2247,2247,2247,2247,2247,22.666477,22.368448,23.433075,25.962275,31.090975,23.813118
2248,2248,2248,2248,2248,2248,22.712715,22.360256,23.316813,26.222706,30.764696,23.786171
2249,2249,2249,2249,2249,2249,22.795488,22.312431,23.133957,26.061249,30.209211,23.76171
2250,2250,2250,2250,2250,2250,22.832075,22.178398,23.049324,26.017275,29.400507,23.678875
2251,2251,2251,2251,2251,2251,22.727549,22.160872,22.881844,26.07904,29.106983,23.608065
2252,2252,2252,2252,2252,2252,22.615625,22.280558,22.875826,26.194376,27.051828,23.627703
2253,2253,2253,2253,2253,2253,22.589117,22.05343,22.762403,26.012493,28.498611,23.576292
2254,2254,2254,2254,2254,2254,22.453695,22.002996,22.864334,25.965813,28.37077,23.570448
2255,2255,2255,2255,2255,2255,22.358843,21.836132,22.648726,25.796623,27.69653,23.469189
2256,2256,2256,2256,2256,2256,22.371378,21.795979,22.826164,25.589674,25.501745,23.370415
2257,2257,2257,2257,2257,2257,22.30443,21.753033,22.796629,25.111118,26.275993,23.271696
2258,2258,2258,2258,2258,2258,22.168661,21.587257,22.796743,24.876022,27.107471,23.229797
2259,2259,2259,2259,2259,2259,22.123552,21.463411,22.779526,24.829027,28.800816,23.086992
2260,2260,2260,2260,2260,2260,21.878647,21.359152,22.596617,24.743893,28.195263,23.091105
2261,2261,2261,2261,2261,2261,21.839127,21.32075,22.383501,24.741945,29.05528,22.984215
2262,2262,2262,2262,2262,2262,21.79971,21.206373,22.261044,24.496977,29.325111,22.96747
2263,2263,2263,2263,2263,2263,21.824621,21.517536,22.389677,24.660423,29.226942,22.890137
2264,2264,2264,2264,2264,2264,21.774477,21.386784,22.17355,24.596401,29.684301,22.844362
2265,2265,2265,2265,2265,2265,21.931911,21.113657,21.926254,24.467703,29.669575,22.890387
2266,2266,2266,2266,2266,2266,21.857508,20.715815,21.692722,24.273474,28.781862,22.811344
2267,2267,2267,2267,2267,2267,21.881418,20.279295,21.585878,24.25145,28.808462,22.743893
2268,2268,2268,2268,2268,2268,21.882225,20.456676,21.37786,24.159157,28.964128,22.515432
2269,2269,2269,2269,2269,2269,21.993036,20.723412,21.49588,23.95485,28.678782,22.485138
2270,2270,2270,2270,2270,2270,21.732246,20.44285,21.363585,23.943842,27.83298,22.38768
2271,2271,2271,2271,2271,2271,21.709576,20.092861,21.09073,23.439247,28.516445,22.349524
2272,2272,2272,2272,2272,2272,21.36075,20.193392,21.118263,23.200045,27.985723,22.265276
2273,2273,2273,2273,2273,2273,21.158792,19.984346,21.030775,22.752096,28.666237,22.123398
2274,2274,2274,2274,2274,2274,21.176416,19.887447,20.61862,22.32437,28.770449,21.961496
2275,2275,2275,2275,2275,2275,21.026983,19.919935,20.523432,22.190926,28.37844,21.78253
2276,2276,2276,2276,2276,2276,20.92471,19.693336,20.387583,21.888351,28.459526,21.744959
2277,2277,2277,2277,2277,2277,20.90562,19.626707,19.973171,21.424358,27.552711,21.660822
2278,2278,2278,2278,2278,2278,20.642971,19.399652,20.009068,21.476282,27.04761,21.463968
2279,2279,2279,2279,2279,2279,20.563179,19.352232,19.923037,21.731646,26.464478,21.374834
2280,2280,2280,2280,2280,2280,20.35265,19.262215,19.77544,21.508083,26.130375,21.263748
2281,2281,2281,2281,2281,2281,20.410723,19.37061,19.715614,21.461666,26.12696,21.238607
2282,2282,2282,2282,2282,2282,20.199919,19.191309,20.0397,21.426163,25.75824,21.044731
2283,2283,2283,2283,2283,2283,19.971172,19.290422,20.008657,20.54891,25.990177,20.82614
2284,2284,2284,2284,2284,2284,19.989477,19.22654,20.234476,20.056524,25.949217,20.713547
2285,2285,2285,2285,2285,2285,19.950943,19.09199,20.147066,20.537506,25.478045,20.543592
2286,2286,2286,2286,2286,2286,19.799072,19.04927,20.022669,20.27948,24.919163,20.53874
2287,2287,2287,2287,2287,2287,19.755535,18.944103,19.542294,19.793938,24.994253,20.361513
2288,2288,2288,2288,2288,2288,19.712612,18.849201,19.577415,20.003199,24.518433,20.265223
2289,2289,2289,2289,2289,2289,19.497398,18.659273,19.229216,20.058657,23.918411,20.191803
2290,2290,2290,2290,2290,2290,19.437931,18.488655,18.835129,20.028917,23.249762,20.121622
2291,2291,2291,2291,2291,2291,19.472559,18.424368,18.821478,19.324558,22.530184,20.055809
2292,2292,2292,2292,2292,2292,19.530832,18.592781,18.974682,18.505928,22.391087,19.88816
2293,2293,2293,2293,2293,2293,19.497116,18.316301,18.741241,18.710281,22.435757,19.855568
2294,2294,2294,2294,2294,2294,19.355509,18.082764,18.78637,18.364246,22.583199,19.755922
2295,2295,2295,2295,2295,2295,19.212572,18.11674,18.761244,17.94214,22.37344,19.754326
2296,2296,2296,2296,2296,2296,18.842014,17.940914,18.836052,18.45026,20.996756,19.546759
2297,2297,2297,2297,2297,2297,18.66217,17.868727,18.580973,17.889793,22.070517,19.445333
2298,2298,2298,2298,2298,2298,18.594912,17.838982,18.319645,17.076336,22.21302,19.435856
2299,2299,2299,2299,2299,2299,18.526937,17.649904,18.07259,16.632608,22.246569,19.277435
2300,2300,2300,2300,2300,2300,18.369745,17.500408,18.09575,16.830378,21.889452,19.220203
2301,2301,2301,2301,2301,2301,18.358356,17.395517,18.361372,16.6033,21.174273,18.986467
2302,2302,2302,2302,2302,2302,18.167427,17.19546,17.95635,16.120596,20.768806,18.768583
2303,2303,2303,2303,2303,2303,17.933348,17.156757,17.989584,15.58952,21.371042,18.592846
2304,2304,2304,2304,2304,2304,17.779507,17.023287,17.9916,15.518957,21.5896,18.519228
2305,2305,2305,2305,2305,2305,17.576784,16.848886,18.054556,15.788801,21.410294,18.260342
2306,2306,2306,2306,2306,2306,17.539326,16.77016,18.161583,15.604526,21.543026,18.043018
2307,2307,2307,2307,2307,2307,17.467802,16.63963,18.07364,15.48926,21.323078,17.854078
2308,2308,2308,2308,2308,2308,17.401852,16.648638,17.834951,15.310094,20.855558,17.721636
2309,2309,2309,2309,2309,2309,17.269209,16.631163,17.481564,15.309597,21.449791,17.52172
2310,2310,2310,2310,2310,2310,17.329477,16.529535,17.123158,15.066171,20.479105,17.403612
2311,2311,2311,2311,2311,2311,17.226725,16.518932,16.818338,15.173254,18.26547,17.215437
2312,2312,2312,2312,2312,2312,17.046236,16.372757,16.605768,15.167886,16.914082,17.025885
2313,2313,2313,2313,2313,2313,16.872635,16.23044,16.39294,14.815489,18.811956,16.850245
2314,2314,2314,2314,2314,2314,16.49653,16.132366,15.912327,14.691121,18.434168,16.733517
2315,2315,2315,2315,2315,2315,16.271038,15.975299,15.658491,14.736745,16.502834,16.47641
2316,2316,2316,2316,2316,2316,16.231384,15.866535,15.484943,14.675668,17.15704,16.234917
2317,2317,2317,2317,2317,2317,16.240528,15.727519,15.17064,14.647132,15.203215,16.007074
2318,2318,2318,2318,2318,2318,16.016325,15.557832,14.852944,14.330395,16.023176,15.840111
2319,2319,2319,2319,2319,2319,15.802181,15.286858,14.69405,13.973688,16.540224,15.559191
2320,2320,2320,2320,2320,2320,15.713027,15.161347,14.1892805,13.852083,16.932688,15.426373
2321,2321,2321,2321,2321,2321,15.4026985,14.965108,14.113029,13.869535,15.85886,15.255958
2322,2322,2322,2322,2322,2322,15.17977,14.845426,13.946089,13.687127,15.560106,15.229188
2323,2323,2323,2323,2323,2323,14.967213,14.67351,13.763533,13.366632,13.807516,15.079035
2324,2324,2324,2324,2324,2324,14.717288,14.490784,13.478068,12.9225855,12.233958,14.896305
2325,2325,2325,2325,2325,2325,14.422637,14.538074,13.20318,12.501415,13.820721,14.817507
2326,2326,2326,2326,2326,2326,14.2549715,14.474309,13.42631,12.241584,12.708198,14.668397
2327,2327,2327,2327,2327,2327,14.116204,14.383291,13.495665,11.872505,14.576205,14.536851
2328,2328,2328,2328,2328,2328,14.022125,14.109633,13.296107,11.836889,11.457575,14.37627
2329,2329,2329,2329,2329,2329,13.842624,13.864431,12.945673,11.756525,11.689091,14.1586485
2330,2330,2330,2330,2330,2330,13.731423,13.57618,12.775546,11.615951,12.536976,13.98322
2331,2331,2331,2331,2331,2331,13.46321,13.465258,12.264161,11.610504,11.543012,13.704716
2332,2332,2332,2332,2332,2332,13.302988,13.274736,12.212882,11.194596,13.427546,13.592948
2333,2333,2333,2333,2333,2333,13.043055,13.136818,12.31777,11.091042,13.8238125,13.36453
2334,2334,2334,2334,2334,2334,12.762143,13.1236515,11.90516,11.274219,13.269535,13.089393
2335,2335,2335,2335,2335,2335,12.393962,13.065992,11.179167,11.086877,13.22145,12.890672
2336,2336,2336,2336,2336,2336,12.103922,12.950127,10.78194,10.793136,14.015984,12.78743
2337,2337,2337,2337,2337,2337,11.924456,12.981967,10.698521,10.737097,14.383727,12.567959
2338,2338,2338,2338,2338,2338,11.855166,12.780938,10.699613,10.764501,13.475936,12.470396
2339,2339,2339,2339,2339,2339,11.6758175,12.725856,10.712006,10.681107,14.53596,12.252188
2340,2340,2340,2340,2340,2340,11.539074,12.632848,10.752163,10.262479,14.674869,12.06804
2341,2341,2341,2341,2341,2341,11.391016,12.406694,10.769434,10.145028,14.83602,11.69856
2342,2342,2342,2342,2342,2342,11.247237,12.03251,10.417791,10.172997,15.701687,11.513588
2343,2343,2343,2343,2343,2343,11.061061,11.812333,10.28435,9.993598,16.0311,11.266412
2344,2344,2344,2344,2344,2344,10.964401,11.761838,10.009573,9.9516325,16.27318,11.140221
2345,2345,2345,2345,2345,2345,10.864616,11.688024,10.131299,9.676163,15.364986,10.897297
2346,2346,2346,2346,2346,2346,10.788272,11.450002,10.047018,9.301628,15.08099,10.7194
2347,2347,2347,2347,2347,2347,10.621555,11.193307,9.955589,9.227273,15.007166,10.520986
2348,2348,2348,2348,2348,2348,10.51305,11.126519,9.53262,9.319578,14.916818,10.291131
2349,2349,2349,2349,2349,2349,10.403453,10.910518,9.449258,9.151402,14.700593,10.307954
2350,2350,2350,2350,2350,2350,10.199173,10.739243,9.44449,9.156129,13.904508,10.244375
2351,2351,2351,2351,2351,2351,10.046298,10.532064,9.521877,9.101208,13.511427,10.146426
2352,2352,2352,2352,2352,2352,9.895622,10.396715,9.159585,9.0857525,13.574474,9.951194
2353,2353,2353,2353,2353,2353,9.70526,10.090453,9.109976,8.981102,13.162561,9.794824
2354,2354,2354,2354,2354,2354,9.551541,9.84219,9.012325,8.978959,13.032206,9.675541
2355,2355,2355,2355,2355,2355,9.432101,9.734889,8.842221,8.799167,12.505907,9.51511
2356,2356,2356,2356,2356,2356,9.260717,9.605339,8.885473,8.68532,12.490322,9.284643
2357,2357,2357,2357,2357,2357,9.167357,9.336119,8.59223,8.744769,12.794565,9.097859
2358,2358,2358,2358,2358,2358,9.020675,9.157189,8.529935,8.389796,12.686592,8.988233
2359,2359,2359,2359,2359,2359,8.897573,8.952374,8.478251,8.26845,12.337882,8.824641
2360,2360,2360,2360,2360,2360,8.775901,8.800192,8.331108,8.411438,12.266006,8.624389
2361,2361,2361,2361,2361,2361,8.646346,8.70458,8.23669,8.526676,11.221912,8.430102
2362,2362,2362,2362,2362,2362,8.5418005,8.536602,8.273768,8.008637,11.578045,8.244128
2363,2363,2363,2363,2363,2363,8.420152,8.373031,8.202324,7.752353,11.009766,8.062059
2364,2364,2364,2364,2364,2364,8.231667,8.169104,7.876179,7.767489,10.699699,7.9488406
2365,2365,2365,2365,2365,2365,8.090041,7.958104,7.7399077,7.7374616,10.592386,7.757554
2366,2366,2366,2366,2366,2366,7.9116664,7.80946,7.37818,7.658743,10.408715,7.6107016
2367,2367,2367,2367,2367,2367,7.8482428,7.5535426,7.220308,7.341454,9.900186,7.340617
2368,2368,2368,2368,2368,2368,7.800813,7.4131217,6.96633,7.418627,9.596514,6.941767
2369,2369,2369,2369,2369,2369,7.666082,7.234557,7.076987,7.383535,9.203801,6.7414317
2370,2370,2370,2370,2370,2370,7.5301995,7.0852194,7.225911,7.258042,9.188493,6.5854278
2371,2371,2371,2371,2371,2371,7.412552,6.9183455,7.313388,6.9271936,8.943619,6.4162626
2372,2372,2372,2372,2372,2372,7.2851706,6.685431,7.3730187,6.839351,8.975372,6.3235335
2373,2373,2373,2373,2373,2373,7.162741,6.4964037,7.377346,6.6455216,8.780067,6.138561
2374,2374,2374,2374,2374,2374,6.940352,6.304074,6.9102674,6.580642,8.793699,5.912199
2375,2375,2375,2375,2375,2375,6.7285504,6.1117315,6.7705584,6.35203,8.929995,5.688073
2376,2376,2376,2376,2376,2376,6.5793886,5.858743,6.5596848,6.0515423,9.097043,5.4323697
2377,2377,2377,2377,2377,2377,6.434912,5.646467,6.3976054,6.0703335,9.014148,5.319609
2378,2378,2378,2378,2378,2378,6.296815,5.5037107,6.0994477,5.9700994,9.169585,5.1831183
2379,2379,2379,2379,2379,2379,6.078168,5.292093,5.925285,5.654699,8.830305,5.0621734
2380,2380,2380,2380,2380,2380,5.8667626,5.1630898,5.8076897,5.4584923,8.8264265,4.9248576
2381,2381,2381,2381,2381,2381,5.6690927,4.9347477,5.8650184,5.2937474,8.860829,4.771036
2382,2382,2382,2382,2382,2382,5.4104075,4.7705173,5.680695,5.2158265,8.778155,4.7119007
2383,2383,2383,2383,2383,2383,5.252522,4.6350694,5.55437,5.2752595,8.668243,4.607111
2384,2384,2384,2384,2384,2384,5.060722,4.6443863,5.388995,5.2506065,8.537241,4.395137
2385,2385,2385,2385,2385,2385,4.884971,4.443755,5.168028,5.0744734,8.346634,4.1708856
2386,2386,2386,2386,2386,2386,4.636566,4.2947016,4.893454,4.8629975,8.169881,4.0753922
2387,2387,2387,2387,2387,2387,4.4531956,4.1735153,4.658511,4.888987,7.9045887,3.9149046
2388,2388,2388,2388,2388,2388,4.213088,4.094395,4.673222,4.905606,7.809814,3.8215346
2389,2389,2389,2389,2389,2389,4.1137733,3.9173408,4.478024,4.8486547,7.7859254,3.6285968
2390,2390,2390,2390,2390,2390,3.9547527,3.758552,4.0566554,4.838623,7.747455,3.4545615
2391,2391,2391,2391,2391,2391,3.771424,3.7431834,4.0637646,4.65031,7.6333714,3.387518
2392,2392,2392,2392,2392,2392,3.6155019,3.590753,3.9134228,4.645997,7.6163745,3.246327
2393,2393,2393,2393,2393,2393,3.467058,3.4267044,3.9114609,4.641159,7.487811,3.1684089
2394,2394,2394,2394,2394,2394,3.395689,3.2383456,3.7724447,4.5797524,7.3790903,3.0051866
2395,2395,2395,2395,2395,2395,3.184757,3.029414,3.6700184,4.283698,7.049994,2.9290843
2396,2396,2396,2396,2396,2396,3.03178,2.8426836,3.4281263,4.0663085,6.906666,2.7998345
2397,2397,2397,2397,2397,2397,2.956813,2.7780406,3.1794517,3.9536846,6.782893,2.6740673
2398,2398,2398,2398,2398,2398,2.9172826,2.7218096,3.0193536,3.9311545,6.939925,2.5908382
2399,2399,2399,2399,2399,2399,2.6734977,2.6095488,2.905538,3.9407141,7.077657,2.4755225
2400,2400,2400,2400,2400,2400,2.4661384,2.4926486,2.8660893,3.7882216,7.2302485,2.4121752
2401,2401,2401,2401,2401,2401,2.3398306,2.3989968,2.6969073,3.564389,7.105562,2.2998903
2402,2402,2402,2402,2402,2402,2.2508826,2.3322675,2.637123,3.5078,7.041442,2.2338517
2403,2403,2403,2403,2403,2403,2.1301997,2.1820102,2.3778224,3.4013247,7.066387,2.126651
2404,2404,2404,2404,2404,2404,2.0494025,1.9640129,2.0843484,3.4771333,7.0152597,1.968016
2405,2405,2405,2405,2405,2405,1.9037017,1.9331965,1.849207,3.5701115,6.9211063,1.8501526
2406,2406,2406,2406,2406,2406,1.7360846,1.6717494,1.7114639,3.3632562,6.849496,1.7636875
2407,2407,2407,2407,2407,2407,1.6157563,1.5362285,1.5261545,3.2383351,6.869614,1.6703569
2408,2408,2408,2408,2408,2408,1.5211099,1.3840804,1.2832539,3.0511308,6.798711,1.5188496
2409,2409,2409,2409,2409,2409,1.3999712,1.1526165,1.1718918,2.746094,6.6666713,1.349019
2410,2410,2410,2410,2410,2410,1.3191165,0.93150586,1.2063996,2.5696266,6.2285204,1.2214439
2411,2411,2411,2411,2411,2411,1.1554362,0.7411058,1.0488007,2.407931,5.9626575,1.0838515
2412,2412,2412,2412,2412,2412,1.0417591,0.568811,0.7798839,2.3358293,6.0536294,0.9028914
2413,2413,2413,2413,2413,2413,0.9903221,0.4574597,0.5943222,2.27066,5.9804845,0.79938865
2414,2414,2414,2414,2414,2414,0.82247597,0.35194618,0.44932297,2.3067052,5.9488964,0.7330398
2415,2415,2415,2415,2415,2415,0.62845486,0.2695724,0.41721904,2.316193,5.88414,0.63110006
2416,2416,2416,2416,2416,2416,0.50622797,0.2218265,0.35899884,2.3094213,5.7387147,0.5741098
2417,2417,2417,2417,2417,2417,0.3335657,0.15280883,0.13545999,2.252162,5.667843,0.46032333
2418,2418,2418,2418,2418,2418,0.19842702,0.06844329,0.15260531,2.1069512,5.3136506,0.42104656
2419,2419,2419,2419,2419,2419,0.07711518,-0.0021408373,0.12946607,2.1215236,5.348725,0.14561301
2420,2420,2420,2420,2420,2420,0.010249552,-0.077295326,0.05902329,2.1394322,5.306212,-0.095738545
2421,2421,2421,2421,2421,2421,-0.01641337,-0.1245041,-0.0977924,2.084431,5.384015,-0.26637608
2422,2422,2422,2422,2422,2422,-0.0325117,-0.2466552,-0.20588718,1.9949082,5.645648,-0.40005824
2423,2423,2423,2423,2423,2423,-0.050877437,-0.32411808,-0.2740731,1.8152362,5.887952,-0.5003203
2424,2424,2424,2424,2424,2424,-0.120700106,-0.41094556,-0.41041866,1.8580354,6.1907134,-0.5811765
2425,2425,2425,2425,2425,2425,-0.24580824,-0.48858774,-0.68717957,1.7103482,6.4299817,-0.6612026
2426,2426,2426,2426,2426,2426,-0.35917103,-0.51003516,-0.81500334,1.6191669,6.5355616,-0.6411274
2427,2427,2427,2427,2427,2427,-0.43816343,-0.60502326,-0.91253465,1.5694299,6.9106245,-0.7851586
2428,2428,2428,2428,2428,2428,-0.5486525,-0.7639432,-0.98817253,1.7254133,6.8233457,-0.9666527
2429,2429,2429,2429,2429,2429,-0.66687894,-0.8335392,-0.9978431,1.8937589,7.1193814,-0.9253318
2430,2430,2430,2430,2430,2430,-0.8052786,-0.9697532,-1.028257,1.9385163,7.504002,-1.2259518
2431,2431,2431,2431,2431,2431,-0.90222824,-1.0743308,-1.0606136,1.736161,7.7324824,-1.3327429
2432,2432,2432,2432,2432,2432,-0.9987386,-1.1757034,-1.2423643,1.445837,7.41291,-1.4495935
2433,2433,2433,2433,2433,2433,-1.1461995,-1.289391,-1.3601776,1.1089084,7.504811,-1.6491747
2434,2434,2434,2434,2434,2434,-1.275462,-1.3820934,-1.4659522,1.345656,7.1405525,-1.7240397
2435,2435,2435,2435,2435,2435,-1.3727834,-1.4544562,-1.517806,1.3428185,6.768222,-1.7960547
2436,2436,2436,2436,2436,2436,-1.4377595,-1.5639815,-1.5928065,1.5284417,6.563438,-1.826823
2437,2437,2437,2437,2437,2437,-1.5000075,-1.6445242,-1.6236187,1.6589354,6.1097856,-1.9250847
2438,2438,2438,2438,2438,2438,-1.5929312,-1.820782,-1.6879601,1.0579442,5.6396184,-1.9821005
2439,2439,2439,2439,2439,2439,-1.676588,-1.9687084,-1.7385279,0.63843185,4.931522,-2.0394769
2440,2440,2440,2440,2440,2440,-1.7657372,-2.1938362,-1.8563297,1.2221829,4.3696685,-2.1456943
2441,2441,2441,2441,2441,2441,-1.8763741,-2.3007555,-1.9587511,0.89049184,4.0914655,-2.2021825
2442,2442,2442,2442,2442,2442,-2.0866907,-2.5209403,-2.1029625,0.5422299,3.88664,-2.2834537
2443,2443,2443,2443,2443,2443,-2.2743287,-2.7185104,-2.3446338,0.653524,3.393753,-2.3743868
2444,2444,2444,2444,2444,2444,-2.4049664,-2.9146793,-2.530007,0.6468961,3.800391,-2.4487858
2445,2445,2445,2445,2445,2445,-2.4743168,-2.9964917,-2.6977034,0.5338881,3.1618896,-2.508377
2446,2446,2446,2446,2446,2446,-2.6334753,-3.1082191,-2.930033,0.4699349,2.454825,-2.5617495
2447,2447,2447,2447,2447,2447,-2.7513022,-3.2515442,-3.019237,0.33715734,2.4590077,-2.6248293
2448,2448,2448,2448,2448,2448,-2.8394146,-3.3648412,-3.1696806,0.14035782,2.5555403,-2.6773162
2449,2449,2449,2449,2449,2449,-2.9613004,-3.433775,-3.184053,-0.10971759,2.5650198,-2.7834961
2450,2450,2450,2450,2450,2450,-3.0675004,-3.6210885,-3.234195,-0.1978219,2.3074806,-2.932296
2451,2451,2451,2451,2451,2451,-3.1060607,-3.7058654,-3.3439584,-0.2141435,2.1607094,-2.9857574
2452,2452,2452,2452,2452,2452,-3.1640315,-3.8989573,-3.4243782,-0.26003596,2.1730223,-3.1010659
2453,2453,2453,2453,2453,2453,-3.2315292,-4.0223193,-3.434214,-0.31781167,2.1408908,-3.1639552
2454,2454,2454,2454,2454,2454,-3.300716,-4.221528,-3.4978497,-0.19560209,3.3217423,-3.2175221
2455,2455,2455,2455,2455,2455,-3.3851144,-4.336363,-3.474473,-0.16405302,3.5168073,-3.2505202
2456,2456,2456,2456,2456,2456,-3.4195075,-4.461148,-3.532939,0.023586776,2.8929012,-3.3602114
2457,2457,2457,2457,2457,2457,-3.492539,-4.5448527,-3.5524168,-0.34156877,2.9435983,-3.397119
2458,2458,2458,2458,2458,2458,-3.6744246,-4.651588,-3.548592,-0.20808384,3.5018394,-3.4876416
2459,2459,2459,2459,2459,2459,-3.7743511,-4.811812,-3.6479871,-0.25690943,3.5636299,-3.5269446
2460,2460,2460,2460,2460,2460,-3.7750995,-4.9431562,-3.7862327,-0.2764963,3.7733574,-3.75773
2461,2461,2461,2461,2461,2461,-3.8753364,-5.0245047,-3.7194607,-0.3050977,3.98054,-3.8567028
2462,2462,2462,2462,2462,2462,-3.9590442,-5.108118,-3.8836658,-0.5667665,4.4552965,-4.0271254
2463,2463,2463,2463,2463,2463,-4.0301147,-5.185332,-3.9592001,-0.4782003,4.7333865,-4.2007627
2464,2464,2464,2464,2464,2464,-4.154444,-5.29342,-4.0641236,-0.45438513,4.6885777,-4.382766
2465,2465,2465,2465,2465,2465,-4.330858,-5.3436313,-4.065672,-0.49861318,4.843102,-4.436217
2466,2466,2466,2466,2466,2466,-4.5125046,-5.5770407,-4.134543,-0.46188682,5.106918,-4.505102
2467,2467,2467,2467,2467,2467,-4.5629187,-5.7260013,-4.3272915,-0.5854086,5.0605917,-4.512653
2468,2468,2468,2468,2468,2468,-4.679551,-5.844108,-4.4940248,-0.741712,5.4206314,-4.6518445
2469,2469,2469,2469,2469,2469,-4.77281,-6.0190105,-4.6602316,-0.8652752,4.8790846,-4.7869344
2470,2470,2470,2470,2470,2470,-4.994785,-6.036192,-4.825795,-0.8387028,4.893575,-4.9030714
2471,2471,2471,2471,2471,2471,-5.1300573,-6.156751,-4.9198127,-0.8901542,4.380322,-5.052508
2472,2472,2472,2472,2472,2472,-5.231111,-6.29928,-5.08203,-0.72292084,4.130809,-5.1316223
2473,2473,2473,2473,2473,2473,-5.325741,-6.412639,-5.2580957,-0.6199878,4.3770313,-5.2477756
2474,2474,2474,2474,2474,2474,-5.41372,-6.490799,-5.2543774,-0.5912476,3.7094111,-5.4194245
2475,2475,2475,2475,2475,2475,-5.496478,-6.650584,-5.4281054,-0.46144372,3.4183736,-5.54299
2476,2476,2476,2476,2476,2476,-5.5515466,-6.7742395,-5.673878,-0.4545239,3.837798,-5.625976
2477,2477,2477,2477,2477,2477,-5.693717,-6.8660407,-5.584141,-0.13445996,2.557716,-5.7370596
2478,2478,2478,2478,2478,2478,-5.912644,-6.8556676,-5.6290407,-0.0465392,2.3960238,-5.902679
2479,2479,2479,2479,2479,2479,-6.012086,-6.9710865,-5.770808,-0.023667458,1.7414122,-5.9969993
2480,2480,2480,2480,2480,2480,-6.175044,-7.058654,-5.992936,-0.05594138,1.0108861,-6.094387
2481,2481,2481,2481,2481,2481,-6.3811297,-7.1388063,-5.957987,0.025550455,1.0849068,-6.164161
2482,2482,2482,2482,2482,2482,-6.553495,-7.1540623,-6.2518086,0.2030675,0.69336367,-6.308631
2483,2483,2483,2483,2483,2483,-6.6442027,-7.240876,-6.1937904,0.13701914,0.10899188,-6.391472
2484,2484,2484,2484,2484,2484,-6.6821933,-7.3191366,-6.5030036,0.21421394,-0.7286939,-6.5572343
2485,2485,2485,2485,2485,2485,-6.879292,-7.4134393,-6.4863524,0.19619632,-1.3849818,-6.735614
2486,2486,2486,2486,2486,2486,-6.975095,-7.53404,-6.580577,0.18941309,-2.2413592,-6.8623137
2487,2487,2487,2487,2487,2487,-7.038724,-7.6472178,-6.6605597,0.17425178,-2.8313894,-7.0028257
2488,2488,2488,2488,2488,2488,-7.0862865,-7.7601395,-6.9393663,0.18126766,-4.1227,-7.1248975
2489,2489,2489,2489,2489,2489,-7.1471744,-7.877513,-7.171643,0.33193052,-4.6497335,-7.28716
2490,2490,2490,2490,2490,2490,-7.2147465,-7.9680657,-7.4041653,0.40736014,-5.6386757,-7.405791
2491,2491,2491,2491,2491,2491,-7.3665156,-8.0295,-7.4244223,0.34950376,-6.603028,-7.4573793
2492,2492,2492,2492,2492,2492,-7.480334,-8.072683,-7.5227613,0.47232035,-7.7161303,-7.530447
2493,2493,2493,2493,2493,2493,-7.58821,-8.141683,-7.6156006,0.5628037,-8.010706,-7.5950837
2494,2494,2494,2494,2494,2494,-7.6811066,-8.3196945,-7.8423886,0.53829783,-8.79148,-7.6949096
2495,2495,2495,2495,2495,2495,-7.783771,-8.5664625,-7.625958,0.6522681,-9.318337,-7.722279
2496,2496,2496,2496,2496,2496,-7.84473,-8.698713,-7.744915,0.83401215,-9.395549,-7.8072524
2497,2497,2497,2497,2497,2497,-7.916508,-8.851218,-7.7061877,1.0060958,-9.7040205,-7.9147887
2498,2498,2498,2498,2498,2498,-7.960666,-8.993873,-8.137745,1.0682843,-10.197307,-8.097557
2499,2499,2499,2499,2499,2499,-8.072311,-9.019441,-7.812928,0.8034402,-10.175136,-8.008363
2500,2500,2500,2500,2500,2500,-8.207017,-9.064702,-8.183847,1.0594506,-10.563639,-8.183805
2501,2501,2501,2501,2501,2501,-8.302235,-9.319192,-8.31956,0.8115955,-10.648736,-8.10965
2502,2502,2502,2502,2502,2502,-8.409102,-9.58477,-8.437347,1.2290323,-11.074993,-8.063227
2503,2503,2503,2503,2503,2503,-8.532737,-9.670103,-8.405402,1.1914454,-11.347707,-8.132956
2504,2504,2504,2504,2504,2504,-8.5627365,-9.795729,-8.41904,1.3319602,-11.505565,-8.292413
2505,2505,2505,2505,2505,2505,-8.604114,-9.948623,-8.4642,1.1873412,-11.708507,-8.314687
2506,2506,2506,2506,2506,2506,-8.707522,-10.23388,-8.533071,1.3882517,-11.661921,-8.422929
2507,2507,2507,2507,2507,2507,-8.826986,-10.382109,-8.589091,1.6537217,-11.491535,-8.447869
2508,2508,2508,2508,2508,2508,-8.972104,-10.490202,-8.833732,1.4037204,-11.160251,-8.531832
2509,2509,2509,2509,2509,2509,-9.090751,-10.577848,-8.924492,1.7391744,-11.153829,-8.64603
2510,2510,2510,2510,2510,2510,-9.160419,-10.7782345,-8.677042,1.6497998,-11.6208935,-8.835275
2511,2511,2511,2511,2511,2511,-9.227976,-10.869458,-9.028053,1.6042008,-11.968291,-8.968394
2512,2512,2512,2512,2512,2512,-9.241149,-11.014151,-9.1545925,1.5892645,-12.444657,-9.148954
2513,2513,2513,2513,2513,2513,-9.265891,-11.198671,-9.422839,1.5673307,-12.603426,-9.290994
2514,2514,2514,2514,2514,2514,-9.307134,-11.445715,-9.633249,1.4815896,-12.640159,-9.349316
2515,2515,2515,2515,2515,2515,-9.369825,-11.515947,-9.766332,1.415079,-12.715802,-9.418819
2516,2516,2516,2516,2516,2516,-9.406734,-11.644623,-9.787226,1.4353505,-12.940152,-9.521527
2517,2517,2517,2517,2517,2517,-9.4581995,-11.720565,-10.050333,1.4419138,-12.935339,-9.773564
2518,2518,2518,2518,2518,2518,-9.583709,-11.82878,-10.045727,1.3876349,-13.180158,-9.897604
2519,2519,2519,2519,2519,2519,-9.683842,-11.911267,-10.169452,1.3367016,-13.680128,-9.989563
2520,2520,2520,2520,2520,2520,-9.794119,-12.227827,-10.186573,1.2667973,-13.8551035,-10.113891
2521,2521,2521,2521,2521,2521,-9.920011,-12.42785,-10.232688,0.9267439,-12.875734,-10.177816
2522,2522,2522,2522,2522,2522,-10.017057,-12.498172,-10.498382,0.89554363,-12.36806,-10.36154
2523,2523,2523,2523,2523,2523,-10.092396,-12.619486,-10.593992,0.92141294,-12.036511,-10.474392
2524,2524,2524,2524,2524,2524,-10.169404,-12.575675,-10.478216,0.6768077,-11.047303,-10.5535965
2525,2525,2525,2525,2525,2525,-10.226269,-12.575959,-10.342567,0.525233,-10.583595,-10.634162
2526,2526,2526,2526,2526,2526,-10.431658,-12.620119,-10.875239,0.35418668,-10.2425585,-10.764408
2527,2527,2527,2527,2527,2527,-10.555642,-12.846435,-10.999151,0.19428301,-10.524314,-10.838017
2528,2528,2528,2528,2528,2528,-10.646462,-13.004369,-10.988068,0.1894767,-9.543727,-10.996869
2529,2529,2529,2529,2529,2529,-10.834087,-13.036298,-11.06275,0.31947097,-12.912456,-11.072629
2530,2530,2530,2530,2530,2530,-10.980892,-13.126039,-11.36279,0.25389007,-13.574445,-11.206953
2531,2531,2531,2531,2531,2531,-11.040245,-13.275577,-11.051582,0.1469481,-13.389488,-11.382228
2532,2532,2532,2532,2532,2532,-11.1650095,-13.323464,-11.035224,0.14278808,-12.740208,-11.444014
2533,2533,2533,2533,2533,2533,-11.285533,-13.3035345,-11.1278515,-0.03822814,-13.019259,-11.478448
2534,2534,2534,2534,2534,2534,-11.474129,-13.414547,-11.4584055,-0.33767515,-13.606908,-11.696164
2535,2535,2535,2535,2535,2535,-11.649549,-13.5695305,-11.309029,-0.671373,-13.777951,-11.736269
2536,2536,2536,2536,2536,2536,-11.778913,-13.567016,-11.633715,-0.7732226,-13.773915,-11.858116
2537,2537,2537,2537,2537,2537,-11.903606,-13.522446,-11.802157,-1.23449,-13.659943,-11.961739
2538,2538,2538,2538,2538,2538,-12.0012665,-13.709898,-11.830468,-1.6994044,-14.033884,-12.035636
2539,2539,2539,2539,2539,2539,-12.0353775,-13.916473,-11.97715,-1.743713,-14.446039,-12.062807
2540,2540,2540,2540,2540,2540,-12.132771,-13.955154,-11.9339285,-2.1595237,-14.133534,-12.168644
2541,2541,2541,2541,2541,2541,-12.202023,-14.144472,-12.128672,-2.239765,-14.540078,-12.234859
2542,2542,2542,2542,2542,2542,-12.305685,-14.105266,-12.080459,-2.165309,-14.278801,-12.341328
2543,2543,2543,2543,2543,2543,-12.261451,-13.960513,-12.301129,-2.419806,-14.631761,-12.436689
2544,2544,2544,2544,2544,2544,-12.262641,-14.363518,-12.700027,-2.43466,-14.100774,-12.67256
2545,2545,2545,2545,2545,2545,-12.564599,-14.521449,-12.8241825,-2.4136872,-14.243356,-12.776303
2546,2546,2546,2546,2546,2546,-12.595105,-14.511826,-13.0938225,-2.4602375,-14.338844,-12.941847
2547,2547,2547,2547,2547,2547,-12.554571,-14.687546,-13.242185,-2.5359278,-14.299921,-13.080218
2548,2548,2548,2548,2548,2548,-12.462423,-14.650083,-13.448718,-2.4229395,-13.956153,-13.11469
2549,2549,2549,2549,2549,2549,-12.440388,-14.69359,-13.613869,-2.5665748,-13.763033,-13.26374
2550,2550,2550,2550,2550,2550,-12.55965,-14.829745,-13.534216,-2.2828352,-13.384511,-13.333128
2551,2551,2551,2551,2551,2551,-12.673357,-15.040805,-13.828444,-2.485539,-13.561798,-13.496328
2552,2552,2552,2552,2552,2552,-12.73342,-15.126624,-13.715749,-2.4513888,-13.165574,-13.543293
2553,2553,2553,2553,2553,2553,-12.749352,-15.13708,-13.251448,-2.1878128,-12.666251,-13.601493
2554,2554,2554,2554,2554,2554,-12.864585,-15.29476,-13.659093,-2.4161649,-12.645038,-13.59518
2555,2555,2555,2555,2555,2555,-12.975868,-15.218931,-13.7673235,-2.5365264,-12.709919,-13.686532
2556,2556,2556,2556,2556,2556,-13.022664,-15.362857,-13.99507,-2.2779295,-12.781013,-13.731639
2557,2557,2557,2557,2557,2557,-13.032359,-15.40901,-14.108499,-2.3189216,-13.007947,-13.751113
2558,2558,2558,2558,2558,2558,-13.046127,-15.431885,-14.196013,-2.353813,-13.919446,-13.879179
2559,2559,2559,2559,2559,2559,-13.162594,-15.174176,-14.17455,-2.4031687,-14.000033,-13.934488
2560,2560,2560,2560,2560,2560,-13.337446,-15.164559,-14.251219,-2.4305115,-14.018338,-14.1875725
2561,2561,2561,2561,2561,2561,-13.429574,-15.27235,-14.088589,-2.37747,-13.864705,-14.306746
2562,2562,2562,2562,2562,2562,-13.550542,-15.129324,-14.2061825,-2.398367,-13.591478,-14.388034
2563,2563,2563,2563,2563,2563,-13.653727,-15.239988,-14.096482,-2.3009942,-13.606693,-14.464547
2564,2564,2564,2564,2564,2564,-13.725184,-15.003022,-14.195833,-2.3382177,-13.672444,-14.503628
2565,2565,2565,2565,2565,2565,-13.707397,-14.958287,-14.189786,-2.4097486,-13.761156,-14.465699
2566,2566,2566,2566,2566,2566,-13.724438,-14.907753,-14.122758,-2.4169383,-13.908977,-14.409046
2567,2567,2567,2567,2567,2567,-13.765465,-14.904185,-13.934904,-2.5191393,-13.865494,-14.518251
2568,2568,2568,2568,2568,2568,-13.804935,-14.910797,-13.836712,-2.5760424,-13.935867,-14.5165415
2569,2569,2569,2569,2569,2569,-13.862972,-14.75277,-13.951571,-2.8386657,-14.198686,-14.587504
2570,2570,2570,2570,2570,2570,-13.911317,-14.658937,-14.087683,-2.8613377,-14.563889,-14.513393
2571,2571,2571,2571,2571,2571,-13.908834,-14.493741,-14.083276,-2.897822,-13.847143,-14.540233
2572,2572,2572,2572,2572,2572,-13.900058,-14.332023,-13.997938,-2.9509761,-14.24765,-14.495011
2573,2573,2573,2573,2573,2573,-14.001594,-14.556254,-14.184258,-2.9267223,-14.069534,-14.465876
2574,2574,2574,2574,2574,2574,-14.037783,-14.564111,-14.174807,-2.7715695,-14.359266,-14.612996
2575,2575,2575,2575,2575,2575,-14.061535,-14.520937,-14.235993,-2.6591265,-14.278857,-14.608263
2576,2576,2576,2576,2576,2576,-14.122416,-14.662847,-14.492797,-2.7285135,-14.13892,-14.610301
2577,2577,2577,2577,2577,2577,-14.155804,-14.686924,-14.629908,-2.659661,-14.560778,-14.585883
2578,2578,2578,2578,2578,2578,-14.214977,-14.6481905,-14.966277,-2.6969333,-14.872393,-14.627255
2579,2579,2579,2579,2579,2579,-14.272294,-14.729084,-14.970963,-2.6427546,-14.648232,-14.679139
2580,2580,2580,2580,2580,2580,-14.375662,-14.766885,-15.06984,-2.5435717,-14.265675,-14.823328
2581,2581,2581,2581,2581,2581,-14.366868,-14.737772,-15.159081,-2.705729,-14.465422,-14.78205
2582,2582,2582,2582,2582,2582,-14.34666,-14.789254,-15.211435,-2.905873,-14.655968,-14.770388
2583,2583,2583,2583,2583,2583,-14.370218,-14.754164,-15.435242,-2.9571173,-14.779598,-14.894104
2584,2584,2584,2584,2584,2584,-14.310038,-14.774062,-15.607753,-3.111928,-14.4438,-14.871184
2585,2585,2585,2585,2585,2585,-14.3040285,-14.908137,-15.486888,-3.1839437,-14.597659,-14.995249
2586,2586,2586,2586,2586,2586,-14.269039,-14.902145,-15.546859,-3.166368,-14.278092,-15.0671625
2587,2587,2587,2587,2587,2587,-14.255249,-14.847174,-15.689333,-3.2921553,-14.37151,-15.083238
2588,2588,2588,2588,2588,2588,-14.182002,-14.90992,-15.968459,-3.2749004,-14.393067,-15.001321
2589,2589,2589,2589,2589,2589,-14.193762,-14.968143,-15.995619,-3.3635,-14.574964,-14.942419
2590,2590,2590,2590,2590,2590,-14.2365885,-14.965514,-15.922212,-3.383895,-14.318025,-14.878052
2591,2591,2591,2591,2591,2591,-14.229187,-15.16454,-15.843688,-3.3248036,-13.950018,-14.773714
2592,2592,2592,2592,2592,2592,-14.322332,-15.189595,-16.119701,-3.3970003,-14.074825,-15.003913
2593,2593,2593,2593,2593,2593,-14.365515,-15.257146,-15.909893,-3.3418927,-14.317262,-14.847299
2594,2594,2594,2594,2594,2594,-14.385988,-15.185361,-16.090395,-3.3485837,-14.268122,-14.804818
2595,2595,2595,2595,2595,2595,-14.398059,-15.211807,-15.963645,-3.3757133,-14.068211,-14.842794
2596,2596,2596,2596,2596,2596,-14.406682,-15.224202,-15.795375,-3.2643309,-13.882612,-14.810815
2597,2597,2597,2597,2597,2597,-14.381917,-15.139252,-15.857892,-3.3017962,-13.810041,-14.809423
2598,2598,2598,2598,2598,2598,-14.45501,-15.036377,-15.969053,-3.1361818,-13.681921,-14.858652
2599,2599,2599,2599,2599,2599,-14.523324,-15.07134,-15.953108,-3.0478692,-13.9614105,-14.8573065
2600,2600,2600,2600,2600,2600,-14.5880995,-15.152234,-16.204805,-3.139498,-14.177946,-14.881354
2601,2601,2601,2601,2601,2601,-14.56366,-15.112624,-16.206394,-3.1170917,-13.929852,-14.786124
2602,2602,2602,2602,2602,2602,-14.611135,-14.935785,-15.960319,-3.248728,-13.795722,-14.793711
2603,2603,2603,2603,2603,2603,-14.570193,-14.904092,-15.919082,-3.327994,-14.049843,-14.836349
2604,2604,2604,2604,2604,2604,-14.5725,-14.9133005,-16.070446,-3.2526093,-13.728411,-14.839447
2605,2605,2605,2605,2605,2605,-14.582737,-14.941226,-16.10754,-3.310823,-13.795343,-14.930407
2606,2606,2606,2606,2606,2606,-14.588021,-15.085469,-16.05539,-3.2873323,-14.076064,-14.889507
2607,2607,2607,2607,2607,2607,-14.592249,-15.005239,-16.124262,-3.2463784,-14.249569,-14.867753
2608,2608,2608,2608,2608,2608,-14.630189,-14.944112,-15.90158,-3.243514,-14.344214,-14.898501
2609,2609,2609,2609,2609,2609,-14.6757965,-15.032456,-15.713179,-3.1932626,-14.077689,-14.876441
2610,2610,2610,2610,2610,2610,-14.658469,-15.061915,-15.9624,-3.1401103,-14.247687,-14.868314
2611,2611,2611,2611,2611,2611,-14.651664,-15.147004,-16.024525,-3.1803725,-14.629802,-14.794001
2612,2612,2612,2612,2612,2612,-14.665713,-15.127471,-15.842474,-3.0545142,-14.820092,-14.768556
2613,2613,2613,2613,2613,2613,-14.684079,-15.136701,-16.11182,-2.969977,-15.033606,-14.828234
2614,2614,2614,2614,2614,2614,-14.687593,-15.072895,-15.916674,-2.963204,-15.000326,-14.915025
2615,2615,2615,2615,2615,2615,-14.760486,-14.983602,-15.684764,-2.98849,-14.840976,-14.888632
2616,2616,2616,2616,2616,2616,-14.759126,-14.922334,-15.7852,-2.886186,-14.700334,-14.882481
2617,2617,2617,2617,2617,2617,-14.772527,-14.965674,-15.746947,-2.8150265,-14.62384,-14.837604
2618,2618,2618,2618,2618,2618,-14.777218,-14.881584,-15.552154,-2.706808,-14.379223,-14.896344
2619,2619,2619,2619,2619,2619,-14.735289,-14.920174,-15.775315,-2.9012508,-14.0710335,-14.861419
2620,2620,2620,2620,2620,2620,-14.743048,-14.791556,-15.53015,-2.8164916,-13.991181,-14.809855
2621,2621,2621,2621,2621,2621,-14.684835,-14.7043085,-15.3664055,-2.9463744,-14.045929,-14.7956915
2622,2622,2622,2622,2622,2622,-14.669883,-14.588883,-15.250454,-2.9895813,-14.013087,-14.918362
2623,2623,2623,2623,2623,2623,-14.7032585,-14.577515,-15.354179,-3.1202693,-13.78582,-14.873006
2624,2624,2624,2624,2624,2624,-14.6371355,-14.509432,-14.90652,-3.124077,-13.882025,-14.859095
2625,2625,2625,2625,2625,2625,-14.574308,-14.435811,-15.117266,-3.123634,-13.6638975,-14.783496
2626,2626,2626,2626,2626,2626,-14.592244,-14.367753,-15.038377,-3.1418023,-13.633341,-14.786401
2627,2627,2627,2627,2627,2627,-14.575577,-14.316678,-15.353329,-3.2047741,-13.802181,-14.716284
2628,2628,2628,2628,2628,2628,-14.57219,-14.184537,-15.246233,-3.017054,-13.736922,-14.686677
2629,2629,2629,2629,2629,2629,-14.530314,-14.064356,-15.287192,-3.0220692,-13.852818,-14.62333
2630,2630,2630,2630,2630,2630,-14.55676,-13.94784,-15.054692,-2.8894978,-13.927307,-14.603941
2631,2631,2631,2631,2631,2631,-14.57718,-13.898502,-15.042265,-2.9436457,-14.050872,-14.533858
2632,2632,2632,2632,2632,2632,-14.557866,-13.879876,-14.917454,-2.8636088,-14.121487,-14.509826
2633,2633,2633,2633,2633,2633,-14.516926,-13.858129,-15.034031,-2.8765588,-14.414517,-14.512227
2634,2634,2634,2634,2634,2634,-14.533215,-13.785257,-14.941384,-2.9078214,-14.335326,-14.490951
2635,2635,2635,2635,2635,2635,-14.506853,-13.828282,-14.913871,-2.9273088,-14.29249,-14.434185
2636,2636,2636,2636,2636,2636,-14.485457,-13.756439,-14.737837,-2.8664167,-14.601289,-14.416852
2637,2637,2637,2637,2637,2637,-14.442674,-13.678676,-14.808252,-2.8545375,-14.232884,-14.422376
2638,2638,2638,2638,2638,2638,-14.363815,-13.541051,-14.833385,-2.7419314,-14.264499,-14.397206
2639,2639,2639,2639,2639,2639,-14.336434,-13.55849,-14.831571,-2.6719656,-14.185818,-14.418368
2640,2640,2640,2640,2640,2640,-14.271536,-13.386893,-14.791851,-2.63459,-14.265128,-14.3894
2641,2641,2641,2641,2641,2641,-14.178654,-13.413827,-14.747772,-2.5889983,-14.323853,-14.217343
2642,2642,2642,2642,2642,2642,-14.110247,-13.256567,-14.89398,-2.56738,-14.532204,-14.166088
2643,2643,2643,2643,2643,2643,-14.089165,-13.207261,-14.76081,-2.6648698,-14.571378,-14.100358
2644,2644,2644,2644,2644,2644,-14.066576,-13.139644,-14.580368,-2.593778,-14.499275,-14.112096
2645,2645,2645,2645,2645,2645,-14.034976,-13.100268,-14.59524,-2.6042776,-14.45498,-14.03762
2646,2646,2646,2646,2646,2646,-13.943247,-13.020526,-14.262111,-2.604473,-14.076134,-13.9604845
2647,2647,2647,2647,2647,2647,-13.884414,-12.870248,-14.218081,-2.7075534,-13.927296,-13.823621
2648,2648,2648,2648,2648,2648,-13.877373,-12.779517,-13.875634,-2.6757605,-13.345818,-13.700464
2649,2649,2649,2649,2649,2649,-13.845016,-12.709837,-13.58332,-2.667958,-13.130414,-13.653266
2650,2650,2650,2650,2650,2650,-13.711276,-12.633256,-13.487688,-2.647693,-12.948439,-13.656341
2651,2651,2651,2651,2651,2651,-13.629713,-12.682982,-13.465026,-2.707877,-12.995563,-13.522131
2652,2652,2652,2652,2652,2652,-13.630476,-12.59072,-13.2716255,-2.6579697,-13.022571,-13.404736
2653,2653,2653,2653,2653,2653,-13.524815,-12.557035,-13.221041,-2.6463933,-12.907856,-13.348305
2654,2654,2654,2654,2654,2654,-13.442682,-12.4262,-13.185192,-2.6433334,-12.805788,-13.225172
2655,2655,2655,2655,2655,2655,-13.319039,-12.303661,-13.064597,-2.6379597,-12.595721,-13.046598
2656,2656,2656,2656,2656,2656,-13.249849,-12.186471,-12.900692,-2.6869733,-12.736853,-12.9593115
2657,2657,2657,2657,2657,2657,-13.085432,-12.072828,-12.457145,-2.7476363,-12.740504,-12.857784
2658,2658,2658,2658,2658,2658,-12.947136,-11.941229,-12.720439,-2.7440498,-12.664646,-12.76722
2659,2659,2659,2659,2659,2659,-12.895716,-11.8464775,-12.702202,-2.6906803,-12.3883915,-12.7780075
2660,2660,2660,2660,2660,2660,-12.779004,-11.731573,-12.7505455,-2.7181973,-12.330492,-12.712173
2661,2661,2661,2661,2661,2661,-12.68671,-11.625341,-12.738788,-2.7169766,-12.250045,-12.614044
2662,2662,2662,2662,2662,2662,-12.687508,-11.523689,-12.619493,-2.7689688,-12.252343,-12.529483
2663,2663,2663,2663,2663,2663,-12.564643,-11.392113,-12.654962,-2.7274728,-12.446655,-12.374919
2664,2664,2664,2664,2664,2664,-12.469123,-11.261705,-12.44637,-2.683781,-12.641641,-12.288905
2665,2665,2665,2665,2665,2665,-12.297847,-11.162396,-12.170955,-2.6791878,-12.577682,-12.128807
2666,2666,2666,2666,2666,2666,-12.1803,-11.018464,-11.994635,-2.6631854,-12.361141,-12.006423
2667,2667,2667,2667,2667,2667,-12.006523,-11.005731,-11.765825,-2.5863278,-12.247094,-11.839931
2668,2668,2668,2668,2668,2668,-11.755955,-10.878182,-11.900779,-2.5743468,-12.032531,-11.715135
2669,2669,2669,2669,2669,2669,-11.506024,-10.757325,-11.984769,-2.5613072,-12.145403,-11.5024185
2670,2670,2670,2670,2670,2670,-11.412169,-10.53183,-11.802177,-2.5412118,-12.2114,-11.427167
2671,2671,2671,2671,2671,2671,-11.244627,-10.2851305,-11.752233,-2.5541508,-12.21809,-11.374139
2672,2672,2672,2672,2672,2672,-11.260539,-10.16287,-11.526674,-2.5229514,-12.296167,-11.265153
2673,2673,2673,2673,2673,2673,-11.146608,-10.037224,-11.337829,-2.4432678,-12.323909,-11.0321245
2674,2674,2674,2674,2674,2674,-11.046719,-9.860612,-11.451035,-2.429685,-11.971481,-10.813527
2675,2675,2675,2675,2675,2675,-10.911549,-9.737336,-11.439891,-2.461823,-11.886026,-10.656703
2676,2676,2676,2676,2676,2676,-10.696499,-9.698776,-11.358248,-2.417332,-11.9492,-10.575148
2677,2677,2677,2677,2677,2677,-10.503848,-9.593345,-11.01124,-2.4123416,-12.124083,-10.417419
2678,2678,2678,2678,2678,2678,-10.413194,-9.466395,-10.937676,-2.385072,-12.246496,-10.331057
2679,2679,2679,2679,2679,2679,-10.242145,-9.287726,-10.814831,-2.3312988,-12.330027,-10.170524
2680,2680,2680,2680,2680,2680,-10.047003,-9.146605,-10.460811,-2.2245677,-12.36974,-10.015519
2681,2681,2681,2681,2681,2681,-9.896981,-9.062425,-10.156537,-2.1871595,-12.224832,-9.844703
2682,2682,2682,2682,2682,2682,-9.714217,-8.968994,-9.96614,-2.1963,-12.044132,-9.66155
2683,2683,2683,2683,2683,2683,-9.644053,-8.85174,-9.922149,-2.1134841,-11.676676,-9.517649
2684,2684,2684,2684,2684,2684,-9.474001,-8.758021,-9.797197,-2.0412302,-11.45042,-9.380236
2685,2685,2685,2685,2685,2685,-9.239751,-8.652741,-9.712045,-2.0567508,-11.566864,-9.30257
2686,2686,2686,2686,2686,2686,-9.090276,-8.608799,-9.603791,-2.0358837,-11.627426,-9.243035
2687,2687,2687,2687,2687,2687,-8.927157,-8.4987335,-9.334005,-2.0434606,-11.66173,-9.045516
2688,2688,2688,2688,2688,2688,-8.788489,-8.393192,-9.365703,-1.979434,-11.49153,-8.869519
2689,2689,2689,2689,2689,2689,-8.654528,-8.314046,-9.3254385,-1.9014724,-11.342646,-8.61407
2690,2690,2690,2690,2690,2690,-8.469282,-8.237775,-9.1685295,-1.8396738,-11.226465,-8.505635
2691,2691,2691,2691,2691,2691,-8.255207,-8.103222,-9.011271,-1.8467592,-11.452893,-8.372439
2692,2692,2692,2692,2692,2692,-8.145062,-7.9907575,-8.73652,-1.8391124,-11.408853,-8.283472
2693,2693,2693,2693,2693,2693,-8.042639,-7.894228,-8.602725,-1.8218896,-11.30347,-8.167637
2694,2694,2694,2694,2694,2694,-7.8997974,-7.782382,-8.566181,-1.769844,-11.013579,-8.050245
2695,2695,2695,2695,2695,2695,-7.7722855,-7.674617,-8.41332,-1.7069081,-10.993419,-7.8980727
2696,2696,2696,2696,2696,2696,-7.6050916,-7.5770683,-8.2773905,-1.6517936,-10.742456,-7.811347
2697,2697,2697,2697,2697,2697,-7.4973183,-7.4991803,-8.215198,-1.6528493,-10.319494,-7.6279926
2698,2698,2698,2698,2698,2698,-7.340282,-7.430694,-8.139884,-1.6014197,-9.738204,-7.5157743
2699,2699,2699,2699,2699,2699,-7.2370996,-7.29228,-7.7975903,-1.4741085,-9.572292,-7.38723
2700,2700,2700,2700,2700,2700,-7.056063,-7.225602,-7.6552186,-1.4258515,-9.327094,-7.2083807
2701,2701,2701,2701,2701,2701,-6.8415575,-7.048145,-7.378699,-1.4717072,-9.138865,-7.0618725
2702,2702,2702,2702,2702,2702,-6.692414,-6.968436,-7.2240877,-1.345017,-9.020685,-6.8906584
2703,2703,2703,2703,2703,2703,-6.541621,-6.9914217,-6.9029837,-1.3330156,-8.802243,-6.7541595
2704,2704,2704,2704,2704,2704,-6.4144044,-6.687374,-6.6191697,-1.2389458,-8.564283,-6.5222607
2705,2705,2705,2705,2705,2705,-6.208679,-6.4164906,-6.2172565,-1.2540808,-8.452693,-6.3265967
2706,2706,2706,2706,2706,2706,-6.0295453,-6.0777183,-6.0778966,-1.1670761,-8.218438,-6.087534
2707,2707,2707,2707,2707,2707,-5.839956,-5.8324113,-5.9057994,-1.1850334,-7.9449577,-5.8731484
2708,2708,2708,2708,2708,2708,-5.594351,-5.510413,-5.751597,-1.1145374,-6.7656846,-5.781302
2709,2709,2709,2709,2709,2709,-5.396475,-5.288939,-5.5503154,-1.0851249,-5.4999204,-5.610344
2710,2710,2710,2710,2710,2710,-5.2143216,-5.142722,-5.481801,-1.0099177,-5.3734946,-5.501349
2711,2711,2711,2711,2711,2711,-5.029746,-5.0031605,-5.2582793,-1.0397062,-5.5203743,-5.3363857
2712,2712,2712,2712,2712,2712,-4.9651775,-4.8849525,-5.180607,-1.0348778,-5.702904,-5.215977
2713,2713,2713,2713,2713,2713,-4.7719507,-4.717505,-4.976935,-1.0206692,-4.985299,-5.065998
2714,2714,2714,2714,2714,2714,-4.623504,-4.667532,-4.6638513,-1.0420042,-7.449524,-4.921417
2715,2715,2715,2715,2715,2715,-4.4366403,-4.5467687,-4.4531155,-0.9886976,-7.030192,-4.7121205
2716,2716,2716,2716,2716,2716,-4.212565,-4.4786835,-4.265342,-0.9105414,-5.71797,-4.4327908
2717,2717,2717,2717,2717,2717,-3.9725523,-4.4230995,-4.164366,-0.92848986,-6.751066,-4.2089715
2718,2718,2718,2718,2718,2718,-3.8544881,-4.2317286,-4.0222297,-0.9241083,-7.048076,-3.9944386
2719,2719,2719,2719,2719,2719,-3.7031949,-4.0368123,-3.9060924,-0.97068465,-6.4811807,-3.7710886
2720,2720,2720,2720,2720,2720,-3.4284663,-3.8520212,-3.7341611,-0.9202377,-4.1267924,-3.5629292
2721,2721,2721,2721,2721,2721,-3.2801926,-3.7006073,-3.7004704,-0.73288393,-6.831483,-3.3567793
2722,2722,2722,2722,2722,2722,-3.1372278,-3.5357976,-3.5864275,-0.40944976,-5.526432,-3.1509957
2723,2723,2723,2723,2723,2723,-2.934171,-3.3921993,-3.460389,-0.30212188,-2.4274192,-3.1014812
2724,2724,2724,2724,2724,2724,-2.7464921,-3.2409446,-3.367669,-0.34013656,-2.7288227,-2.946292
2725,2725,2725,2725,2725,2725,-2.6252425,-3.064455,-2.962295,-0.26573533,-1.1593336,-2.8362732
2726,2726,2726,2726,2726,2726,-2.4650905,-2.8047662,-2.9083576,-0.2481587,-1.0022491,-2.7227092
2727,2727,2727,2727,2727,2727,-2.348826,-2.393079,-2.5556107,-0.11393523,1.6179733,-2.6130745
2728,2728,2728,2728,2728,2728,-2.1281312,-2.2276673,-2.2824466,0.004384981,1.8124845,-2.5037665
2729,2729,2729,2729,2729,2729,-1.8981321,-1.9934294,-1.7490103,0.101525635,4.168616,-2.3757906
2730,2730,2730,2730,2730,2730,-1.6602598,-1.6989014,-1.395603,0.065280385,6.9621615,-2.182637
2731,2731,2731,2731,2731,2731,-1.3680682,-1.529705,-1.1901779,0.04506388,8.704769,-1.7108781
2732,2732,2732,2732,2732,2732,-1.0718968,-1.3316027,-1.1836607,-0.03172025,10.0298395,-1.4290364
2733,2733,2733,2733,2733,2733,-0.8522511,-1.1267189,-0.54275197,0.005709611,9.470495,-1.1307437
2734,2734,2734,2734,2734,2734,-0.5034287,-0.845298,-0.31587622,0.0022723184,8.353945,-0.87130284
2735,2735,2735,2735,2735,2735,-0.25927216,-0.55157787,-0.052423086,0.123931214,7.903159,-0.44471657
2736,2736,2736,2736,2736,2736,0.12047002,-0.26315266,0.08891817,0.27550292,7.369856,-0.19552547
2737,2737,2737,2737,2737,2737,0.3309918,-0.11731105,0.23911782,0.55560386,7.492888,0.1480151
2738,2738,2738,2738,2738,2738,0.48528042,0.06641078,0.41872543,0.71250224,7.395002,0.40871614
2739,2739,2739,2739,2739,2739,0.6064341,0.28122023,0.5165305,1.0510389,7.0266943,0.65526485
2740,2740,2740,2740,2740,2740,0.7798878,0.5513381,0.64026856,1.3638619,6.059548,0.85093117
2741,2741,2741,2741,2741,2741,0.9929545,0.79175615,0.83877796,1.7456385,5.8695216,0.97643566
2742,2742,2742,2742,2742,2742,1.1572965,0.986273,1.0049472,1.6722827,6.083941,1.1146256
2743,2743,2743,2743,2743,2743,1.3232541,1.2076126,1.1754085,1.9816196,6.801951,1.2805985
2744,2744,2744,2744,2744,2744,1.506024,1.5510743,1.5423605,2.817364,6.7882004,1.6562315
2745,2745,2745,2745,2745,2745,1.8514098,2.0156512,1.7962497,3.6351323,5.9512706,1.8914039
2746,2746,2746,2746,2746,2746,2.2410638,2.3673344,2.6763332,3.8031516,5.8898125,2.0334496
2747,2747,2747,2747,2747,2747,2.5713227,2.7235432,2.9678261,3.9620376,6.919335,2.023694
2748,2748,2748,2748,2748,2748,2.9207854,2.9631605,3.1698976,4.0119376,7.0997615,2.2629128
2749,2749,2749,2749,2749,2749,3.1865969,3.2890215,3.4999082,4.1852202,7.523307,2.546341
2750,2750,2750,2750,2750,2750,3.633643,3.579689,3.730927,4.206242,7.914671,2.8480957
2751,2751,2751,2751,2751,2751,4.1524134,3.9837854,3.9027724,4.2319574,8.053058,3.0854414
2752,2752,2752,2752,2752,2752,4.499227,4.397034,3.9109883,4.499943,8.141116,3.503636
2753,2753,2753,2753,2753,2753,4.907908,4.680738,4.3551517,4.3476524,8.6675205,3.929904
2754,2754,2754,2754,2754,2754,5.1856833,4.980186,4.6310287,4.5029106,8.98424,4.4649954
2755,2755,2755,2755,2755,2755,5.492544,5.366563,5.3320556,4.8083086,9.07092,4.8152304
2756,2756,2756,2756,2756,2756,5.745997,5.804589,5.5142407,4.881454,9.189633,5.0245786
2757,2757,2757,2757,2757,2757,6.0161753,6.1817727,5.8077426,5.04638,9.065049,5.147844
2758,2758,2758,2758,2758,2758,6.263698,6.58489,6.149653,5.2058997,9.139939,5.451883
2759,2759,2759,2759,2759,2759,6.57571,6.8496084,6.662456,5.5734663,9.088522,5.79786
2760,2760,2760,2760,2760,2760,6.9172387,7.0522404,6.991793,5.736532,8.987713,6.149647
2761,2761,2761,2761,2761,2761,7.2207866,7.317021,7.1692452,5.899426,9.419733,6.3646426
2762,2762,2762,2762,2762,2762,7.66614,7.723622,7.3781033,5.754727,9.653367,6.736696
2763,2763,2763,2763,2763,2763,8.01564,8.119686,7.6443706,5.921676,9.68326,7.0310473
2764,2764,2764,2764,2764,2764,8.469314,8.40808,7.6854215,5.818354,10.065325,7.345503
2765,2765,2765,2765,2765,2765,8.847151,8.567288,8.192165,6.459287,10.411562,7.6510663
2766,2766,2766,2766,2766,2766,9.312242,8.85742,8.5106125,7.0087104,10.5812435,8.023115
2767,2767,2767,2767,2767,2767,9.623118,9.194882,8.643855,7.1474714,10.652973,8.468203
2768,2768,2768,2768,2768,2768,9.99747,9.584183,9.115888,7.6614985,11.235698,8.9428005
2769,2769,2769,2769,2769,2769,10.267371,9.909903,9.906005,8.468275,12.052155,9.243552
2770,2770,2770,2770,2770,2770,10.533249,10.333173,10.704706,8.871479,13.697861,9.647321
2771,2771,2771,2771,2771,2771,10.7401285,10.7972975,11.278701,9.403673,13.726661,9.96711
2772,2772,2772,2772,2772,2772,10.963518,11.173413,11.704462,9.541787,13.571343,10.292896
2773,2773,2773,2773,2773,2773,11.231035,11.628152,12.10782,10.252099,13.126951,10.7966585
2774,2774,2774,2774,2774,2774,11.52258,12.022879,12.702393,10.351585,14.1689,11.307299
2775,2775,2775,2775,2775,2775,11.880077,12.418663,12.63909,10.602367,13.852581,11.722341
2776,2776,2776,2776,2776,2776,12.269965,12.861327,13.42996,10.844831,14.274465,12.363603
2777,2777,2777,2777,2777,2777,12.745396,13.107652,13.627822,11.513171,13.426395,12.776799
2778,2778,2778,2778,2778,2778,13.116942,13.565423,14.241591,11.780651,13.153855,13.175689
2779,2779,2779,2779,2779,2779,13.578359,13.957428,14.864404,12.08326,14.036504,13.589316
2780,2780,2780,2780,2780,2780,13.883881,14.452191,14.822126,12.592115,14.352557,14.171512
2781,2781,2781,2781,2781,2781,14.238894,14.842382,15.183916,12.83535,14.871103,14.528692
2782,2782,2782,2782,2782,2782,14.514776,15.163096,15.074691,12.989698,15.31357,14.873344
2783,2783,2783,2783,2783,2783,14.77231,15.335297,15.107261,13.67155,16.151104,15.0800085
2784,2784,2784,2784,2784,2784,15.188217,15.528129,15.375426,13.367891,15.381712,15.293491
2785,2785,2785,2785,2785,2785,15.640962,15.820276,16.194498,13.312058,15.877916,15.777435
2786,2786,2786,2786,2786,2786,16.122046,16.188574,16.666857,13.996338,16.642895,15.924035
2787,2787,2787,2787,2787,2787,16.44624,16.618202,16.787521,13.850475,16.81534,16.281921
2788,2788,2788,2788,2788,2788,16.578873,16.959276,17.095877,13.830091,16.667055,16.563414
2789,2789,2789,2789,2789,2789,16.765133,17.269821,17.390753,14.102992,17.133657,16.917469
2790,2790,2790,2790,2790,2790,17.173521,17.529915,17.626514,14.209933,17.809814,17.369366
2791,2791,2791,2791,2791,2791,17.467001,17.657495,17.725906,14.233334,18.632961,17.932379
2792,2792,2792,2792,2792,2792,17.938143,17.979982,18.20018,14.394312,19.26993,18.292713
2793,2793,2793,2793,2793,2793,18.323687,18.166826,18.33485,14.672977,19.540688,18.557402
2794,2794,2794,2794,2794,2794,18.640347,18.337742,19.185892,14.59958,19.604933,18.829788
2795,2795,2795,2795,2795,2795,19.182667,18.551552,19.356787,15.717825,20.397469,19.120132
2796,2796,2796,2796,2796,2796,19.5301,18.764107,19.486792,16.580397,21.300049,19.60413
2797,2797,2797,2797,2797,2797,19.85767,19.033077,19.910538,16.497498,21.754444,19.88763
2798,2798,2798,2798,2798,2798,20.061722,19.140438,20.142336,17.401073,22.154852,19.836876
2799,2799,2799,2799,2799,2799,20.127153,19.445269,19.994495,18.01184,23.293068,20.177336
2800,2800,2800,2800,2800,2800,20.231958,19.830803,20.386534,18.491974,23.29545,20.452831
2801,2801,2801,2801,2801,2801,20.522198,20.02148,20.882961,19.582151,23.661613,20.741854
2802,2802,2802,2802,2802,2802,20.686043,20.473352,21.683102,20.265562,23.944447,21.112873
2803,2803,2803,2803,2803,2803,20.735548,20.71269,21.735352,20.682543,24.168163,21.251762
2804,2804,2804,2804,2804,2804,20.978712,20.847233,22.011091,20.721931,24.981735,21.445122
2805,2805,2805,2805,2805,2805,21.05943,20.871328,22.642666,20.964684,25.955362,21.852552
2806,2806,2806,2806,2806,2806,21.371902,21.087523,23.29583,21.325441,26.559408,22.142992
2807,2807,2807,2807,2807,2807,21.698124,21.45775,23.215422,21.304762,27.36714,22.396362
2808,2808,2808,2808,2808,2808,21.865282,21.843145,23.663887,21.46286,27.345163,22.633898
2809,2809,2809,2809,2809,2809,22.300068,22.235706,23.695507,21.519114,27.361094,22.865772
2810,2810,2810,2810,2810,2810,22.543653,22.63344,23.83037,21.906649,27.601006,23.136267
2811,2811,2811,2811,2811,2811,22.65362,22.873997,24.246332,22.318348,28.047377,23.349335
2812,2812,2812,2812,2812,2812,22.87105,22.968029,25.025152,23.456165,28.319162,23.642714
2813,2813,2813,2813,2813,2813,23.082626,23.156729,24.858343,23.76778,28.258753,23.796022
2814,2814,2814,2814,2814,2814,23.269217,23.260984,24.864914,24.337746,28.529367,24.10319
2815,2815,2815,2815,2815,2815,23.522078,23.385681,25.014656,25.050438,29.036345,24.253428
2816,2816,2816,2816,2816,2816,23.756907,23.56291,24.946323,25.437706,29.022696,24.405214
2817,2817,2817,2817,2817,2817,23.979183,23.65253,25.114386,25.769848,29.55391,24.590303
2818,2818,2818,2818,2818,2818,24.138498,23.850523,25.06019,25.617634,29.879784,24.882652
2819,2819,2819,2819,2819,2819,24.290867,24.026402,25.113537,25.8698,29.963526,25.122162
2820,2820,2820,2820,2820,2820,24.379257,24.23644,25.340117,25.933834,30.351084,25.372677
2821,2821,2821,2821,2821,2821,24.604708,24.34671,25.144976,26.230118,30.53123,25.408152
2822,2822,2822,2822,2822,2822,24.796635,24.514034,25.217703,26.350086,31.025566,25.556269
2823,2823,2823,2823,2823,2823,24.89548,24.636793,25.352032,26.739782,31.023174,25.707945
2824,2824,2824,2824,2824,2824,25.006601,24.769577,25.48689,27.60012,30.81734,25.942638
2825,2825,2825,2825,2825,2825,25.248213,24.806204,25.491886,27.734716,30.741734,26.141241
2826,2826,2826,2826,2826,2826,25.313732,24.813223,25.261911,28.158987,30.697866,26.28001
2827,2827,2827,2827,2827,2827,25.35814,24.935423,25.591639,28.47956,30.493092,26.394842
2828,2828,2828,2828,2828,2828,25.459614,25.219425,25.518757,28.370773,30.541344,26.533525
2829,2829,2829,2829,2829,2829,25.641758,25.395573,25.77019,28.78802,30.302986,26.582788
2830,2830,2830,2830,2830,2830,25.843761,25.497864,25.601576,29.119667,30.039333,26.739222
2831,2831,2831,2831,2831,2831,26.06417,25.483627,25.595343,29.680681,30.1457,26.866795
2832,2832,2832,2832,2832,2832,26.16905,25.514818,25.456484,29.762484,30.130463,27.015697
2833,2833,2833,2833,2833,2833,26.336391,25.472847,25.309778,29.784637,30.567783,27.04811
2834,2834,2834,2834,2834,2834,26.49439,25.551268,25.408113,29.708317,31.27568,27.227713
2835,2835,2835,2835,2835,2835,26.689325,25.638184,25.517721,29.869907,31.337534,27.311007
2836,2836,2836,2836,2836,2836,26.91151,25.6426,26.15809,29.924303,31.741598,27.439749
2837,2837,2837,2837,2837,2837,27.10668,25.725111,26.066387,30.309004,31.95081,27.542704
2838,2838,2838,2838,2838,2838,27.254072,25.470446,26.194883,30.108381,31.91921,27.620731
2839,2839,2839,2839,2839,2839,27.22226,25.335743,26.287758,30.089836,32.109127,27.625725
2840,2840,2840,2840,2840,2840,27.381554,25.35887,26.173002,29.957426,32.631706,27.57965
2841,2841,2841,2841,2841,2841,27.559032,25.487339,26.250425,29.81351,32.992737,27.629837
2842,2842,2842,2842,2842,2842,27.610426,25.29827,26.220121,29.857515,33.371605,27.725473
2843,2843,2843,2843,2843,2843,27.445946,25.332918,26.009481,29.872986,33.268795,27.751698
2844,2844,2844,2844,2844,2844,27.512974,25.541763,26.466105,29.718483,33.72201,27.823431
2845,2845,2845,2845,2845,2845,27.496578,25.657501,26.373436,29.86909,33.44578,27.813028
2846,2846,2846,2846,2846,2846,27.34528,25.732828,26.09233,29.822964,33.574467,27.906855
2847,2847,2847,2847,2847,2847,27.336922,25.667606,26.145842,29.977808,33.61815,27.911728
2848,2848,2848,2848,2848,2848,27.286146,25.631765,26.350626,30.137838,33.41295,27.88858
2849,2849,2849,2849,2849,2849,27.430841,25.773542,26.107334,30.220163,33.23911,27.931482
2850,2850,2850,2850,2850,2850,27.428095,25.660767,25.99273,30.189787,33.579784,27.861506
2851,2851,2851,2851,2851,2851,27.390877,25.619993,26.233164,30.216244,33.532436,27.819221
2852,2852,2852,2852,2852,2852,27.359735,25.53911,25.87058,30.218596,33.49854,27.884552
2853,2853,2853,2853,2853,2853,27.40124,25.68979,26.11101,30.151352,33.507317,27.731852
2854,2854,2854,2854,2854,2854,27.282526,25.748133,26.069525,30.187757,33.06016,27.673038
2855,2855,2855,2855,2855,2855,27.164324,25.747496,26.18347,30.249722,32.737217,27.710669
2856,2856,2856,2856,2856,2856,27.139677,25.718887,25.952248,29.921774,32.78932,27.586807
2857,2857,2857,2857,2857,2857,27.024817,25.727297,25.72435,29.696156,32.08694,27.529984
2858,2858,2858,2858,2858,2858,27.035881,25.677094,25.697964,29.412344,31.953157,27.517624
2859,2859,2859,2859,2859,2859,26.971842,25.652328,25.75672,29.455841,31.744976,27.50718
2860,2860,2860,2860,2860,2860,26.959753,25.68017,25.611217,29.123413,31.785551,27.467272
2861,2861,2861,2861,2861,2861,26.94711,25.735205,25.788576,28.980177,31.899406,27.399147
2862,2862,2862,2862,2862,2862,26.84045,25.654673,25.824821,28.5111,31.569908,27.37898
2863,2863,2863,2863,2863,2863,26.821852,25.619438,25.552921,28.499605,31.355263,27.222528
2864,2864,2864,2864,2864,2864,26.806688,25.52177,25.34704,28.251263,30.954582,27.17199
2865,2865,2865,2865,2865,2865,26.686388,25.562147,25.387829,28.20088,31.613136,27.109127
2866,2866,2866,2866,2866,2866,26.581257,25.505247,25.374487,28.206375,31.975277,27.02529
2867,2867,2867,2867,2867,2867,26.598207,25.473827,25.495111,28.299753,32.032448,27.003424
2868,2868,2868,2868,2868,2868,26.599127,25.47529,25.627022,28.300993,31.370829,27.009716
2869,2869,2869,2869,2869,2869,26.544594,25.394754,25.536749,27.814674,31.736591,26.945965
2870,2870,2870,2870,2870,2870,26.47265,25.26002,25.30629,27.536278,31.456005,26.931425
2871,2871,2871,2871,2871,2871,26.276594,25.23324,25.111528,27.298943,32.10983,26.87018
2872,2872,2872,2872,2872,2872,26.346773,25.15989,25.111803,27.24786,32.4916,26.897825
2873,2873,2873,2873,2873,2873,26.233803,25.134848,25.2478,26.761927,32.4006,26.859367
2874,2874,2874,2874,2874,2874,26.269228,24.943466,25.058321,26.664566,32.056763,26.724932
2875,2875,2875,2875,2875,2875,26.143078,24.92766,25.237804,26.572405,31.356594,26.53734
2876,2876,2876,2876,2876,2876,26.262104,24.775406,25.528593,26.194767,30.351393,26.530262
2877,2877,2877,2877,2877,2877,26.12499,24.43345,25.416487,25.834732,29.987623,26.350178
2878,2878,2878,2878,2878,2878,25.95241,24.35086,25.219795,25.059053,31.102217,26.285908
2879,2879,2879,2879,2879,2879,25.823788,24.192398,24.900032,24.68453,30.919107,26.178816
2880,2880,2880,2880,2880,2880,25.739553,24.079872,25.071625,24.789463,29.795101,26.051258
2881,2881,2881,2881,2881,2881,25.66233,23.921896,24.756317,24.75911,29.849503,25.967978
2882,2882,2882,2882,2882,2882,25.500528,23.80619,24.504366,24.61729,28.160933,25.870749
2883,2883,2883,2883,2883,2883,25.343132,23.834227,24.233757,24.349005,27.918867,25.756224
2884,2884,2884,2884,2884,2884,25.175634,23.706343,24.505442,24.304626,20.03255,25.634155
2885,2885,2885,2885,2885,2885,25.154575,23.584913,23.778181,23.767197,24.848206,25.520527
2886,2886,2886,2886,2886,2886,24.888103,23.513475,23.503628,23.569094,26.242327,25.551302
2887,2887,2887,2887,2887,2887,24.719013,23.301996,23.616205,22.602224,25.777117,25.285402
2888,2888,2888,2888,2888,2888,24.577631,23.227716,23.70791,22.433287,27.06209,25.151514
2889,2889,2889,2889,2889,2889,24.34442,23.096186,23.39445,21.829126,24.702524,24.975105
2890,2890,2890,2890,2890,2890,24.20385,22.790047,23.079525,21.572544,24.082651,24.897984
2891,2891,2891,2891,2891,2891,23.954782,22.743975,22.763796,22.416294,23.845072,24.818644
2892,2892,2892,2892,2892,2892,23.69036,22.72951,22.027761,22.121082,29.672615,24.766865
2893,2893,2893,2893,2893,2893,23.51034,22.355288,21.757118,21.561632,27.800756,24.708126
2894,2894,2894,2894,2894,2894,23.611261,22.105137,21.79145,21.06947,28.822174,24.422487
2895,2895,2895,2895,2895,2895,23.523884,22.218307,21.641497,20.688768,28.20531,24.269352
2896,2896,2896,2896,2896,2896,23.356306,22.008692,22.302845,20.358091,28.017725,24.054693
2897,2897,2897,2897,2897,2897,23.281096,21.856285,22.05977,20.119867,25.837944,23.980017
2898,2898,2898,2898,2898,2898,22.924162,21.725739,21.95306,19.513474,26.563274,23.634665
2899,2899,2899,2899,2899,2899,22.610798,21.435236,21.532219,19.066793,27.395298,23.329807
2900,2900,2900,2900,2900,2900,22.30459,21.151644,20.909151,18.909689,27.81225,22.965906
2901,2901,2901,2901,2901,2901,21.958708,21.1085,20.718075,19.850117,27.777372,22.623026
2902,2902,2902,2902,2902,2902,21.502405,20.979403,20.929028,19.615145,27.71208,22.321606
2903,2903,2903,2903,2903,2903,21.31632,20.728455,20.599764,19.946053,28.085907,22.121477
2904,2904,2904,2904,2904,2904,21.205172,20.480545,20.3386,19.431429,28.050137,21.684132
2905,2905,2905,2905,2905,2905,20.91579,20.077955,20.037817,19.525938,27.675964,21.373384
2906,2906,2906,2906,2906,2906,20.52551,19.772535,20.124525,18.755913,27.217451,21.194952
2907,2907,2907,2907,2907,2907,20.307089,19.54182,19.646595,18.428324,26.427534,21.067873
2908,2908,2908,2908,2908,2908,20.037533,19.21913,19.65421,18.310238,25.730587,20.700806
2909,2909,2909,2909,2909,2909,19.791903,18.991978,19.437082,18.109495,24.763046,20.442015
2910,2910,2910,2910,2910,2910,19.685577,18.706533,19.457548,17.930216,24.722666,20.18943
2911,2911,2911,2911,2911,2911,19.358128,18.267204,18.949656,17.474144,24.648912,19.933111
2912,2912,2912,2912,2912,2912,19.235584,18.017403,18.899172,16.742111,23.984324,19.728275
2913,2913,2913,2913,2913,2913,18.89278,17.831976,18.696798,16.372581,23.951136,19.370308
2914,2914,2914,2914,2914,2914,18.600912,17.649414,18.19535,15.565969,23.739758,19.081663
2915,2915,2915,2915,2915,2915,18.319777,17.438166,17.975248,15.3824625,23.660612,18.813486
2916,2916,2916,2916,2916,2916,18.060236,17.281013,17.254044,15.247331,23.506113,18.537464
2917,2917,2917,2917,2917,2917,17.729967,17.22721,16.706352,14.857665,23.027588,18.232887
2918,2918,2918,2918,2918,2918,17.509462,17.044573,16.290987,14.776577,22.800291,17.967768
2919,2919,2919,2919,2919,2919,17.375397,16.89274,16.315205,14.222021,22.27264,17.832794
2920,2920,2920,2920,2920,2920,17.086319,16.659561,16.264465,13.93748,21.893528,17.55453
2921,2921,2921,2921,2921,2921,16.851536,16.536146,16.409487,13.722259,21.436722,17.243675
2922,2922,2922,2922,2922,2922,16.683365,16.357338,15.9391365,13.779122,21.57662,17.021353
2923,2923,2923,2923,2923,2923,16.571943,16.105738,15.771162,13.537239,21.481035,16.725082
2924,2924,2924,2924,2924,2924,16.425047,15.858382,15.486676,13.583477,21.031815,16.529518
2925,2925,2925,2925,2925,2925,16.219015,15.637767,15.240848,13.322116,20.623007,16.268257
2926,2926,2926,2926,2926,2926,15.9865055,15.471732,14.819308,12.9965725,20.192177,16.037436
2927,2927,2927,2927,2927,2927,15.718458,15.202462,14.434801,12.862476,20.261023,15.784778
2928,2928,2928,2928,2928,2928,15.641396,15.063622,14.160415,12.6885195,19.936483,15.452508
2929,2929,2929,2929,2929,2929,15.447783,14.7725115,13.651857,12.622834,19.574844,15.112512
2930,2930,2930,2930,2930,2930,15.248218,14.4128,13.061246,12.371153,18.896471,14.888823
2931,2931,2931,2931,2931,2931,14.88337,14.057096,12.94546,12.004891,18.46164,14.535825
2932,2932,2932,2932,2932,2932,14.509303,13.572186,12.115729,11.69114,18.678858,14.371287
2933,2933,2933,2933,2933,2933,14.104082,13.240661,11.769725,11.322112,18.058645,14.101026
2934,2934,2934,2934,2934,2934,13.6581335,12.810711,11.487005,11.139523,17.457355,13.846779
2935,2935,2935,2935,2935,2935,13.337366,12.417639,11.162378,10.873082,17.48091,13.648842
2936,2936,2936,2936,2936,2936,13.07036,11.995486,10.83793,10.656866,17.093931,13.233206
2937,2937,2937,2937,2937,2937,12.757828,11.542628,10.706795,10.41514,16.525522,12.747955
2938,2938,2938,2938,2938,2938,12.464818,11.08654,10.051335,10.219538,16.3181,12.338875
2939,2939,2939,2939,2939,2939,12.069933,10.752994,9.902132,9.945755,15.9441,11.831925
2940,2940,2940,2940,2940,2940,11.721424,10.510269,9.475945,9.881087,15.665972,11.405683
2941,2941,2941,2941,2941,2941,11.460381,9.986612,9.098434,9.64736,15.47299,11.033736
2942,2942,2942,2942,2942,2942,11.212003,9.704628,8.813872,9.575013,16.125612,10.74025
2943,2943,2943,2943,2943,2943,10.944565,9.404713,8.594435,9.181019,16.407291,10.446709
2944,2944,2944,2944,2944,2944,10.632118,9.058041,8.285577,9.227887,16.112053,10.032165
2945,2945,2945,2945,2945,2945,10.252755,8.625114,7.744378,8.660651,14.983145,9.657227
2946,2946,2946,2946,2946,2946,9.891817,8.151157,7.8147855,8.612974,14.746383,9.2385235
2947,2947,2947,2947,2947,2947,9.499923,7.7696915,7.542172,8.227922,14.944855,8.887226
2948,2948,2948,2948,2948,2948,9.137694,7.5202837,7.619333,7.913751,13.948455,8.574937
2949,2949,2949,2949,2949,2949,8.857122,7.145285,7.1230216,7.655249,13.990098,8.218271
2950,2950,2950,2950,2950,2950,8.583089,6.8291597,6.9127216,6.9679537,13.813508,7.873468
2951,2951,2951,2951,2951,2951,8.2900305,6.3347034,6.532824,6.732055,13.158135,7.541592
2952,2952,2952,2952,2952,2952,8.011829,5.9760413,6.209617,6.1946917,11.526641,7.2315426
2953,2953,2953,2953,2953,2953,7.647855,5.5655866,5.667603,6.142977,10.529412,6.8039074
2954,2954,2954,2954,2954,2954,7.2295604,5.2306876,5.3958063,5.849496,10.102262,6.5285783
2955,2955,2955,2955,2955,2955,6.8794036,4.859106,4.987898,5.6433287,9.930768,6.1114793
2956,2956,2956,2956,2956,2956,6.320336,4.429437,5.044063,5.5228744,10.010241,5.7992687
2957,2957,2957,2957,2957,2957,6.022677,4.0144014,4.987184,5.2304087,10.438419,5.315049
2958,2958,2958,2958,2958,2958,5.49042,3.716586,4.6906347,4.974841,10.286511,4.9380665
2959,2959,2959,2959,2959,2959,5.0406127,3.1061046,4.5820627,4.56381,10.064031,4.5850224
2960,2960,2960,2960,2960,2960,4.622558,2.7524807,3.9137883,4.614862,9.505452,4.262456
2961,2961,2961,2961,2961,2961,4.049364,2.41651,3.9142923,4.2848196,9.521403,4.0044947
2962,2962,2962,2962,2962,2962,3.6097877,2.2476797,3.8389652,3.9660058,9.37699,3.5920002
2963,2963,2963,2963,2963,2963,3.2414641,1.8427572,3.552133,3.834066,8.443822,3.3194244
2964,2964,2964,2964,2964,2964,2.9378622,1.6154964,3.3573494,3.7768946,7.9163537,2.952647
2965,2965,2965,2965,2965,2965,2.6801777,1.5416268,3.0120459,3.5662978,7.4452868,2.7006853
2966,2966,2966,2966,2966,2966,2.468648,1.3820096,2.6938164,3.416164,7.409978,2.4508724
2967,2967,2967,2967,2967,2967,2.1355395,1.2368392,2.0694785,3.1962564,7.684256,2.1472251
2968,2968,2968,2968,2968,2968,1.9061401,1.1070201,1.5354265,3.009975,8.007459,1.8438133
2969,2969,2969,2969,2969,2969,1.7247951,0.86408067,1.4759722,2.9333584,8.063775,1.6127053
2970,2970,2970,2970,2970,2970,1.6584804,0.7862817,1.2351918,3.0705779,8.115913,1.4739159
2971,2971,2971,2971,2971,2971,1.3565778,0.4227379,1.1163015,2.90213,8.834387,1.2380072
2972,2972,2972,2972,2972,2972,0.9596377,0.04302848,0.9836624,2.7917469,8.835613,1.0972586
2973,2973,2973,2973,2973,2973,0.71330607,-0.11112418,0.7370742,2.6570628,8.541016,0.96638334
2974,2974,2974,2974,2974,2974,0.48527467,-0.3610013,0.48660576,2.4063082,8.817785,0.7610905
2975,2975,2975,2975,2975,2975,0.2653842,-0.4610734,0.2653829,2.1446822,8.785964,0.5581022
2976,2976,2976,2976,2976,2976,0.12943506,-0.529615,0.10404544,1.8098805,8.153799,0.3672362
2977,2977,2977,2977,2977,2977,0.032356527,-0.76338756,0.036473583,1.4041109,8.216398,-0.046228852
2978,2978,2978,2978,2978,2978,-0.007984704,-0.81981647,0.026661322,1.2965133,7.4450364,-0.10352667
2979,2979,2979,2979,2979,2979,-0.03796859,-1.0086524,-0.01902437,0.8687189,7.383281,-0.42505288
2980,2980,2980,2980,2980,2980,-0.06367785,-1.1312944,-0.18427359,0.5842373,6.992957,-0.59242195
2981,2981,2981,2981,2981,2981,-0.18778409,-1.1629453,-0.27873003,0.37527233,6.584559,-0.56273115
2982,2982,2982,2982,2982,2982,-0.33183438,-1.2417885,-0.2858538,0.11045824,6.608886,-0.8704647
2983,2983,2983,2983,2983,2983,-0.4499993,-1.3252921,-0.4242861,0.058634184,6.4880915,-0.910684
2984,2984,2984,2984,2984,2984,-0.5845729,-1.3999885,-0.54744196,0.10920362,6.5708027,-1.0667207
2985,2985,2985,2985,2985,2985,-0.69754624,-1.4672734,-0.694372,-0.07528832,7.11969,-1.3064955
2986,2986,2986,2986,2986,2986,-0.79857105,-1.4914061,-0.7691238,-0.1708781,7.0991306,-1.2062256
2987,2987,2987,2987,2987,2987,-0.8821054,-1.596743,-0.71599483,-0.16776608,7.329798,-1.4009898
2988,2988,2988,2988,2988,2988,-0.94914204,-1.6253706,-0.98017615,-0.26349205,7.633062,-1.5223633
2989,2989,2989,2989,2989,2989,-1.0274012,-1.6745294,-1.1889049,-0.5308743,7.6040254,-1.4273422
2990,2990,2990,2990,2990,2990,-1.053115,-1.7617879,-1.3941762,-0.6288926,7.5857944,-1.5702069
2991,2991,2991,2991,2991,2991,-1.1285472,-1.7919106,-1.410589,-0.7198998,7.722368,-1.591477
2992,2992,2992,2992,2992,2992,-1.2486346,-1.8424208,-1.4069791,-0.79714406,8.096026,-1.6762224
2993,2993,2993,2993,2993,2993,-1.3460214,-1.875876,-1.4235141,-0.8352399,7.5715613,-1.7220694
2994,2994,2994,2994,2994,2994,-1.4274132,-1.883944,-1.4492664,-0.8991286,5.9712234,-1.7796338
2995,2995,2995,2995,2995,2995,-1.4574932,-1.933165,-1.4502721,-0.894864,5.2169895,-1.8640102
2996,2996,2996,2996,2996,2996,-1.4812361,-1.9644916,-1.458141,-0.8525911,4.2861857,-1.8910816
2997,2997,2997,2997,2997,2997,-1.4979511,-1.9971267,-1.5049222,-0.79166543,3.7080526,-1.914595
2998,2998,2998,2998,2998,2998,-1.5194349,-1.9971793,-1.51561,-0.70854414,2.9521775,-1.9284291
2999,2999,2999,2999,2999,2999,-1.5289335,-2.0071433,-1.5768317,-0.6912753,2.9621632,-1.9228367
3000,3000,3000,3000,3000,3000,-1.5456376,-2.0366619,-1.5384076,-0.68643785,2.6855905,-1.9372575
3001,3001,3001,3001,3001,3001,-1.5368295,-2.037202,-1.5516589,-0.6600925,2.9355004,-1.9456702
3002,3002,3002,3002,3002,3002,-1.5611005,-2.0019763,-1.5402215,-0.6866385,3.500144,-1.9485861
3003,3003,3003,3003,3003,3003,-1.5663987,-1.9954178,-1.50628,-0.67726785,3.5031466,-1.9464679
3004,3004,3004,3004,3004,3004,-1.556714,-1.9538306,-1.5305992,-0.63165075,3.3676355,-1.9328781
3005,3005,3005,3005,3005,3005,-1.5468665,-1.927268,-1.503585,-0.66958046,3.3045614,-1.9157162
3006,3006,3006,3006,3006,3006,-1.5256381,-1.8791066,-1.5187079,-0.6355687,3.4156523,-1.8623354
3007,3007,3007,3007,3007,3007,-1.495103,-1.8251772,-1.4918065,-0.6440774,3.847653,-1.8538142
3008,3008,3008,3008,3008,3008,-1.4722782,-1.774575,-1.5111748,-0.5398193,4.262098,-1.7504327
3009,3009,3009,3009,3009,3009,-1.4123405,-1.6808391,-1.4936255,-0.44946656,4.0410247,-1.6582913
3010,3010,3010,3010,3010,3010,-1.3758384,-1.5831765,-1.4028733,-0.39611596,3.8120599,-1.5864995
3011,3011,3011,3011,3011,3011,-1.308842,-1.5332899,-1.4330417,-0.300641,5.0217967,-1.5159347
3012,3012,3012,3012,3012,3012,-1.2410057,-1.412714,-1.4091933,-0.18775848,5.0296063,-1.2562013
3013,3013,3013,3013,3013,3013,-1.2005546,-1.3210435,-1.3351709,-0.13510881,5.692624,-1.1159335
3014,3014,3014,3014,3014,3014,-1.1328549,-1.2588857,-1.2665457,-0.0026910943,6.815128,-0.9210631
3015,3015,3015,3015,3015,3015,-1.1038499,-1.1399487,-1.2836293,0.026084064,7.313772,-0.8353306
3016,3016,3016,3016,3016,3016,-1.03743,-1.0617247,-1.2402195,0.28577423,7.5802913,-0.6872594
3017,3017,3017,3017,3017,3017,-0.90634996,-0.9714338,-1.2793338,0.5344345,7.683082,-0.6193043
3018,3018,3018,3018,3018,3018,-0.7819631,-0.85333174,-1.1032302,0.64095986,7.3815403,-0.60122514
3019,3019,3019,3019,3019,3019,-0.69549316,-0.7742318,-1.0787421,0.6776533,6.7384515,-0.53431326
3020,3020,3020,3020,3020,3020,-0.56676525,-0.67257893,-0.9306807,0.4758567,6.5019946,-0.49855042
3021,3021,3021,3021,3021,3021,-0.46174723,-0.5994101,-0.8582355,0.34234828,5.338403,-0.42919198
3022,3022,3022,3022,3022,3022,-0.3412865,-0.51577574,-0.737402,0.53993285,5.8079734,-0.26974252
3023,3023,3023,3023,3023,3023,-0.2067083,-0.38686103,-0.6524602,0.91197276,5.518726,-0.07417073
3024,3024,3024,3024,3024,3024,-0.09712358,-0.27173287,-0.47293475,1.2842877,5.3430033,0.257058
3025,3025,3025,3025,3025,3025,-0.059332784,-0.19266084,-0.24463855,1.4910635,5.3952556,0.41505116
3026,3026,3026,3026,3026,3026,-0.032939654,-0.044044472,-0.24135774,1.6749771,5.4757133,0.4949479
3027,3027,3027,3027,3027,3027,0.08042526,0.0226218,-0.08144445,2.040633,5.0698857,0.574484
3028,3028,3028,3028,3028,3028,0.25499997,0.09883774,-0.026824126,2.0456364,5.072783,0.6638205
3029,3029,3029,3029,3029,3029,0.37970963,0.15120095,0.019391013,2.132892,5.997304,0.7278317
3030,3030,3030,3030,3030,3030,0.5231212,0.23076199,0.10194505,2.2675269,5.8846216,0.75383425
3031,3031,3031,3031,3031,3031,0.62617505,0.3075013,0.15874992,2.2490642,5.9048834,0.9083867
3032,3032,3032,3032,3032,3032,0.8103319,0.38955778,0.17505844,2.5545058,6.535927,1.0386521
3033,3033,3033,3033,3033,3033,1.0276222,0.4904097,0.33705407,2.7285104,6.1391873,1.169351
3034,3034,3034,3034,3034,3034,1.302816,0.57028407,0.5115318,2.730382,6.7161436,1.341925
3035,3035,3035,3035,3035,3035,1.5538571,0.7757999,0.5249807,2.8700984,7.78701,1.473393
3036,3036,3036,3036,3036,3036,1.7365811,0.9751774,0.5371837,3.0122895,8.533113,1.6383634
3037,3037,3037,3037,3037,3037,2.0523214,1.161856,0.54900616,3.12802,8.556203,1.7544749
3038,3038,3038,3038,3038,3038,2.372937,1.3357264,0.9039883,3.122279,7.53613,1.8880558
3039,3039,3039,3039,3039,3039,2.5213368,1.5257491,1.1227263,3.1653266,8.330681,2.017218
3040,3040,3040,3040,3040,3040,2.6837468,1.7541279,1.2432427,3.3145187,8.24912,2.174867
3041,3041,3041,3041,3041,3041,2.7931173,1.9949679,1.3024154,3.4555974,8.3153925,2.3496494
3042,3042,3042,3042,3042,3042,2.8956444,2.0353298,1.4100655,3.5852678,7.356377,2.5016723
3043,3043,3043,3043,3043,3043,3.1203265,2.1568937,1.9275154,3.8048139,8.016847,2.6768982
3044,3044,3044,3044,3044,3044,3.2526097,2.2845342,2.3638449,4.0129085,7.7668204,2.9226537
3045,3045,3045,3045,3045,3045,3.4219446,2.4803362,2.5866225,4.0533967,7.622022,3.11283
3046,3046,3046,3046,3046,3046,3.523542,2.7099876,3.031649,4.2935233,7.606233,3.2695131
3047,3047,3047,3047,3047,3047,3.6193888,2.9080114,3.326976,4.3091245,7.4644685,3.4261699
3048,3048,3048,3048,3048,3048,3.8396492,3.138975,3.3765798,4.464333,7.44027,3.551959
3049,3049,3049,3049,3049,3049,4.0263004,3.3383048,3.434817,4.4178467,7.10305,3.649051
3050,3050,3050,3050,3050,3050,4.0997643,3.4793487,3.6399078,4.4976315,7.3916926,3.889098
3051,3051,3051,3051,3051,3051,4.2818265,3.6224713,3.68693,4.3892117,7.214846,4.029042
3052,3052,3052,3052,3052,3052,4.396321,3.7983885,3.5853484,4.5093656,7.8804197,4.2420187
3053,3053,3053,3053,3053,3053,4.525378,3.9275584,3.8231072,4.759743,8.199696,4.2996154
3054,3054,3054,3054,3054,3054,4.800971,4.124514,4.13383,4.862962,8.538629,4.561681
3055,3055,3055,3055,3055,3055,4.946971,4.204609,4.1655407,5.162566,8.580333,4.7038326
3056,3056,3056,3056,3056,3056,5.192405,4.316702,4.2872167,5.1106567,8.69341,4.8651757
3057,3057,3057,3057,3057,3057,5.3528967,4.376526,4.5444036,5.070916,9.293822,4.9867964
3058,3058,3058,3058,3058,3058,5.524506,4.594752,4.810728,5.2836537,8.921597,5.2194157
3059,3059,3059,3059,3059,3059,5.681551,4.7656336,4.786319,5.3788686,9.239283,5.309305
3060,3060,3060,3060,3060,3060,5.7442307,5.060148,4.8443465,5.60864,8.914627,5.32151
3061,3061,3061,3061,3061,3061,5.8171487,5.289585,4.9375463,5.5465255,9.419343,5.4427395
3062,3062,3062,3062,3062,3062,6.017482,5.5064993,5.1343336,5.4234586,9.497418,5.5762167
3063,3063,3063,3063,3063,3063,6.043713,5.6637225,5.22804,5.8201613,9.982886,5.6778774
3064,3064,3064,3064,3064,3064,6.2623706,5.784156,5.3330793,5.8360057,10.25711,5.7959166
3065,3065,3065,3065,3065,3065,6.4422255,5.8367453,5.428737,5.6764216,10.383943,5.8879247
3066,3066,3066,3066,3066,3066,6.5682564,5.9676394,5.5163984,5.732236,10.514958,6.08353
3067,3067,3067,3067,3067,3067,6.6299095,6.094939,5.460855,5.583386,10.602769,6.155568
3068,3068,3068,3068,3068,3068,6.7475677,6.2337065,5.656252,5.667437,10.384098,6.2485075
3069,3069,3069,3069,3069,3069,6.768063,6.248506,5.6780787,5.5780835,10.008734,6.227116
3070,3070,3070,3070,3070,3070,6.79909,6.371348,5.83555,5.675526,10.179882,6.3170457
3071,3071,3071,3071,3071,3071,6.8904977,6.3949823,5.996452,5.634686,10.257263,6.2905793
3072,3072,3072,3072,3072,3072,6.972949,6.463119,6.199232,5.832928,10.101558,6.302184
3073,3073,3073,3073,3073,3073,7.048474,6.468213,6.254761,5.840455,10.287089,6.36102
3074,3074,3074,3074,3074,3074,7.1716776,6.592691,6.5740275,6.1435976,10.383411,6.4491024
3075,3075,3075,3075,3075,3075,7.2256413,6.6081643,6.520887,5.9954433,10.375522,6.5554066
3076,3076,3076,3076,3076,3076,7.310234,6.698405,6.5553904,5.907481,10.425165,6.529409
3077,3077,3077,3077,3077,3077,7.3524437,6.738476,6.801552,5.968164,10.467392,6.561189
3078,3078,3078,3078,3078,3078,7.4378247,6.7790217,6.7653356,6.140159,10.477345,6.590039
3079,3079,3079,3079,3079,3079,7.400023,6.8411937,6.890336,6.242179,10.447481,6.5536146
3080,3080,3080,3080,3080,3080,7.4244366,6.905166,6.8855724,6.219567,10.437848,6.578497
3081,3081,3081,3081,3081,3081,7.485046,6.966423,6.938969,6.364079,10.3203335,6.552847
3082,3082,3082,3082,3082,3082,7.4748406,6.959391,6.992725,6.457871,10.459575,6.601342
3083,3083,3083,3083,3083,3083,7.4882264,6.937647,6.996691,6.415037,10.405129,6.558232
3084,3084,3084,3084,3084,3084,7.511763,6.901391,7.118158,6.564746,10.381712,6.525
3085,3085,3085,3085,3085,3085,7.52635,6.8593864,7.0847745,6.6341186,10.4032955,6.505137
3086,3086,3086,3086,3086,3086,7.4994183,6.834452,6.7872477,6.4283037,10.427022,6.5264916
3087,3087,3087,3087,3087,3087,7.492456,6.835761,6.7320786,6.545326,10.43938,6.5213513
3088,3088,3088,3088,3088,3088,7.452128,6.8010483,6.819828,6.416343,10.526588,6.5600433
3089,3089,3089,3089,3089,3089,7.4558573,6.7626457,6.8989162,6.272916,10.516469,6.582948
3090,3090,3090,3090,3090,3090,7.4652963,6.705987,6.8605657,6.2932606,10.635973,6.560257
3091,3091,3091,3091,3091,3091,7.464247,6.6936355,6.771103,6.1024976,10.620416,6.594873
3092,3092,3092,3092,3092,3092,7.466915,6.686738,6.8792257,6.17188,10.648076,6.6740966
3093,3093,3093,3093,3093,3093,7.3941603,6.6796904,6.964942,6.232492,10.67921,6.6710157
3094,3094,3094,3094,3094,3094,7.355602,6.623379,7.058864,6.0166025,10.653091,6.658713
3095,3095,3095,3095,3095,3095,7.285842,6.5869694,6.8286304,5.818377,10.650461,6.60122
3096,3096,3096,3096,3096,3096,7.233981,6.574057,6.965347,5.559584,10.558298,6.6900916
3097,3097,3097,3097,3097,3097,7.160866,6.5439157,6.906726,5.467678,10.5659,6.6401196
3098,3098,3098,3098,3098,3098,7.1245494,6.464994,6.68086,5.42942,10.476072,6.6667404
3099,3099,3099,3099,3099,3099,7.0475245,6.4503703,6.5098605,5.248628,10.484145,6.6462326
3100,3100,3100,3100,3100,3100,6.9609485,6.4171042,6.4762464,5.407421,10.355353,6.67164
3101,3101,3101,3101,3101,3101,6.84464,6.380585,6.4456906,5.1676197,10.4592495,6.5559034
3102,3102,3102,3102,3102,3102,6.801275,6.280086,6.508432,5.036676,10.291714,6.560932
3103,3103,3103,3103,3103,3103,6.6886964,6.191551,6.469024,4.9621167,10.028663,6.439465
3104,3104,3104,3104,3104,3104,6.6021576,6.1278696,6.4853764,4.9772363,10.0291195,6.4388475
3105,3105,3105,3105,3105,3105,6.483857,6.0621753,6.339558,5.002076,9.887147,6.3264074
3106,3106,3106,3106,3106,3106,6.432415,5.985676,6.3670573,4.8680696,9.790656,6.284591
3107,3107,3107,3107,3107,3107,6.3492684,5.933738,6.269098,4.796867,9.757019,6.253233
3108,3108,3108,3108,3108,3108,6.2742524,5.810529,5.9788632,4.9950786,9.613634,6.2593546
3109,3109,3109,3109,3109,3109,6.315396,5.709428,5.971495,4.9014306,9.952698,6.120083
3110,3110,3110,3110,3110,3110,6.2770586,5.612796,5.859664,5.0166187,9.986208,6.254026
3111,3111,3111,3111,3111,3111,6.173977,5.557819,5.719489,4.9803896,9.917796,6.269381
3112,3112,3112,3112,3112,3112,6.137505,5.5101585,5.6927967,4.7814555,9.99813,6.253812
3113,3113,3113,3113,3113,3113,6.048432,5.487041,5.7300267,4.6191697,10.070801,6.1600785
3114,3114,3114,3114,3114,3114,6.017399,5.4225955,5.7027655,4.34391,10.029806,6.207919
3115,3115,3115,3115,3115,3115,5.893057,5.3352027,5.624848,4.2969384,9.789451,6.219543
3116,3116,3116,3116,3116,3116,5.773171,5.3313756,5.630079,4.5540266,9.692835,6.1511683
3117,3117,3117,3117,3117,3117,5.6712713,5.228735,5.5024524,4.5528173,9.6772785,6.0907135
3118,3118,3118,3118,3118,3118,5.5302057,5.2160845,5.4668846,4.5295773,9.402969,6.02123
3119,3119,3119,3119,3119,3119,5.4161706,5.1907105,5.4290466,4.3509755,9.403228,5.8943057
3120,3120,3120,3120,3120,3120,5.2866993,5.155579,5.3432226,4.2728524,9.410338,5.829056
3121,3121,3121,3121,3121,3121,5.193777,5.1303134,5.358622,4.1361866,9.314461,5.8080525
3122,3122,3122,3122,3122,3122,5.1060576,5.033902,5.355845,4.121502,9.15417,5.791963
3123,3123,3123,3123,3123,3123,4.984792,4.950305,5.3667054,4.117365,8.955681,5.685634
3124,3124,3124,3124,3124,3124,4.9378896,4.8607697,5.374012,4.139156,8.914548,5.6312275
3125,3125,3125,3125,3125,3125,4.9408374,4.776121,5.331183,4.017879,8.805508,5.669869
3126,3126,3126,3126,3126,3126,4.8173957,4.6379476,5.2948756,3.9274862,8.8153925,5.7380905
3127,3127,3127,3127,3127,3127,4.7542853,4.5091457,5.2123756,3.8791976,8.83949,5.6330132
3128,3128,3128,3128,3128,3128,4.8422976,4.4330125,5.167486,3.7476046,8.697997,5.4833817
3129,3129,3129,3129,3129,3129,4.7921734,4.3997507,5.063298,3.7182207,8.593255,5.5182543
3130,3130,3130,3130,3130,3130,4.806762,4.372692,5.0229573,3.7759202,8.641574,5.3956013
3131,3131,3131,3131,3131,3131,4.765376,4.34931,4.9937873,3.81203,8.330861,5.313321
3132,3132,3132,3132,3132,3132,4.7249284,4.3454337,4.914219,3.8163762,8.614346,5.26108
3133,3133,3133,3133,3133,3133,4.7659283,4.334882,4.966952,3.7659082,8.693552,5.2511163
3134,3134,3134,3134,3134,3134,4.809436,4.3504896,4.859606,3.9283636,8.838295,5.189077
3135,3135,3135,3135,3135,3135,4.8323216,4.33749,4.8961153,3.9815621,8.658208,5.1362495
3136,3136,3136,3136,3136,3136,4.8267484,4.3250027,4.8163047,3.9433203,8.917039,5.2073646
3137,3137,3137,3137,3137,3137,4.819062,4.313624,4.841894,4.1403112,8.951377,5.1415277
3138,3138,3138,3138,3138,3138,4.8197446,4.315044,4.952253,4.097886,8.903223,5.116774
3139,3139,3139,3139,3139,3139,4.7902427,4.3567495,4.893405,3.9586413,8.904078,5.1775723
3140,3140,3140,3140,3140,3140,4.7828097,4.4148145,4.954451,3.9163194,8.888538,5.205442
3141,3141,3141,3141,3141,3141,4.79856,4.4517984,4.9613533,3.8857675,8.836748,5.122142
3142,3142,3142,3142,3142,3142,4.7806163,4.4817386,4.8898664,3.7137535,8.927598,5.119068
3143,3143,3143,3143,3143,3143,4.8035245,4.5092683,5.04368,3.5445325,8.939621,5.125854
3144,3144,3144,3144,3144,3144,4.797413,4.5036616,5.041858,3.499221,8.883418,5.11008
3145,3145,3145,3145,3145,3145,4.799704,4.5461745,5.1273947,3.427617,8.896559,5.0718527
3146,3146,3146,3146,3146,3146,4.781654,4.573162,5.192987,3.424717,9.06839,5.1231084
3147,3147,3147,3147,3147,3147,4.7582855,4.566364,5.2137675,3.4816601,9.164493,5.0808926
3148,3148,3148,3148,3148,3148,4.7390294,4.582558,5.208508,3.6016603,9.00849,5.1350756
3149,3149,3149,3149,3149,3149,4.7369514,4.5573487,5.3191643,3.714935,8.8446455,5.1219845
3150,3150,3150,3150,3150,3150,4.7176633,4.530858,5.3564324,3.7007456,8.767555,5.2645435
3151,3151,3151,3151,3151,3151,4.6948957,4.5233583,5.4993978,3.8473334,8.953024,5.354512
3152,3152,3152,3152,3152,3152,4.6937785,4.5194316,5.512567,4.08693,8.933927,5.42668
3153,3153,3153,3153,3153,3153,4.767271,4.644638,5.661802,4.219618,8.886493,5.3422823
3154,3154,3154,3154,3154,3154,4.7654552,4.6328564,5.6127086,4.3296275,8.68052,5.3297496
3155,3155,3155,3155,3155,3155,4.852406,4.723837,5.7230053,4.5219088,8.699924,5.41661
3156,3156,3156,3156,3156,3156,4.9502316,4.8397975,5.6944275,4.6648374,8.580001,5.4844055
3157,3157,3157,3157,3157,3157,5.1139703,5.037382,5.669106,4.6679254,8.403212,5.504353
3158,3158,3158,3158,3158,3158,5.2447467,5.18432,5.6168656,4.839558,8.239456,5.5743446
3159,3159,3159,3159,3159,3159,5.2880783,5.3860536,5.7159786,5.143007,8.419698,5.673379
3160,3160,3160,3160,3160,3160,5.4186416,5.4862876,5.804211,4.9467177,8.701912,5.665448
3161,3161,3161,3161,3161,3161,5.482437,5.5624075,5.831289,5.143708,8.416145,5.6837506
3162,3162,3162,3162,3162,3162,5.4982834,5.6745296,5.9412766,4.8663626,8.67708,5.7989197
3163,3163,3163,3163,3163,3163,5.5555425,5.7663198,6.0133343,4.9818673,8.682534,5.7567253
3164,3164,3164,3164,3164,3164,5.6779737,5.8727427,5.841745,5.1544385,9.006654,6.031009
3165,3165,3165,3165,3165,3165,5.7994347,5.9907236,5.8255014,5.203733,9.032836,6.0537486
3166,3166,3166,3166,3166,3166,5.925527,6.0230393,5.8241796,5.20148,9.221427,6.1161604
3167,3167,3167,3167,3167,3167,6.033065,6.1272492,6.0732756,5.3303647,9.403529,6.276276
3168,3168,3168,3168,3168,3168,6.205562,6.181419,6.2394843,5.5116854,9.667304,6.5106006
3169,3169,3169,3169,3169,3169,6.339195,6.342331,6.2888284,5.516798,9.697816,6.7064066
3170,3170,3170,3170,3170,3170,6.5086985,6.607377,6.268343,5.5019383,9.863307,6.8838243
3171,3171,3171,3171,3171,3171,6.6755066,6.7634435,6.400072,5.1393476,9.665974,6.9674034
3172,3172,3172,3172,3172,3172,6.8957286,6.89922,6.6025796,5.2350492,9.758362,7.0637994
3173,3173,3173,3173,3173,3173,7.0229683,6.9840727,6.9005914,4.9191284,9.414795,7.159733
3174,3174,3174,3174,3174,3174,7.117668,7.063999,7.2976527,5.151403,9.30097,7.2681046
3175,3175,3175,3175,3175,3175,7.2492824,7.178315,7.4191833,5.198687,9.118066,7.331938
3176,3176,3176,3176,3176,3176,7.4277782,7.336222,7.4976435,5.380167,9.397981,7.317299
3177,3177,3177,3177,3177,3177,7.5389915,7.4096775,7.5493913,5.4583025,9.70144,7.521501
3178,3178,3178,3178,3178,3178,7.588732,7.5362306,7.6454625,5.4670105,10.014493,7.6395254
3179,3179,3179,3179,3179,3179,7.674309,7.558502,7.7590456,5.8559794,10.241769,7.7901616
3180,3180,3180,3180,3180,3180,7.8718276,7.5721917,7.9973783,5.93997,9.791483,7.7588983
3181,3181,3181,3181,3181,3181,7.896416,7.6831665,8.032781,5.9023128,9.78905,7.804145
3182,3182,3182,3182,3182,3182,7.9844427,7.8105597,8.060596,6.0241494,9.627864,7.963322
3183,3183,3183,3183,3183,3183,8.13015,7.962453,8.326754,6.218268,9.139799,8.2182045
3184,3184,3184,3184,3184,3184,8.167001,8.076215,8.518677,6.1301227,9.73874,8.306406
3185,3185,3185,3185,3185,3185,8.205446,8.101792,8.429352,6.196889,10.50695,8.3477545
3186,3186,3186,3186,3186,3186,8.322041,8.149122,8.480618,6.59997,10.240941,8.473993
3187,3187,3187,3187,3187,3187,8.431364,8.137953,8.517276,6.7030606,10.424301,8.485774
3188,3188,3188,3188,3188,3188,8.614138,8.228558,8.495271,7.001768,10.741332,8.671667
3189,3189,3189,3189,3189,3189,8.741488,8.33136,8.435014,6.956297,10.739107,8.791293
3190,3190,3190,3190,3190,3190,8.9823675,8.512832,8.623904,6.9302034,9.6495075,9.115136
3191,3191,3191,3191,3191,3191,9.016443,8.606935,8.546244,7.172224,10.539644,9.278941
3192,3192,3192,3192,3192,3192,9.141051,8.60379,8.533531,7.0724864,11.40586,9.498941
3193,3193,3193,3193,3193,3193,9.134378,8.7982,8.500344,7.1922145,11.239404,9.763804
3194,3194,3194,3194,3194,3194,9.271195,9.001217,8.523982,6.9578176,11.568498,9.914478
3195,3195,3195,3195,3195,3195,9.462409,9.047832,8.699036,7.2275105,11.08853,10.153692
3196,3196,3196,3196,3196,3196,9.670332,9.121186,8.649968,7.248268,11.089194,10.426779
3197,3197,3197,3197,3197,3197,9.827352,9.259509,8.8228,7.0649796,10.501558,10.4422455
3198,3198,3198,3198,3198,3198,10.020912,9.46281,8.669884,7.5132675,9.128158,10.577215
3199,3199,3199,3199,3199,3199,10.146415,9.577221,8.765806,7.9726644,10.709005,10.796259
3200,3200,3200,3200,3200,3200,10.335171,9.5853195,9.095208,8.225201,10.347234,10.859129
3201,3201,3201,3201,3201,3201,10.464378,9.655257,9.242434,8.6445875,11.201781,11.134917
3202,3202,3202,3202,3202,3202,10.573619,9.845862,9.474668,8.900957,10.684431,11.307465
3203,3203,3203,3203,3203,3203,10.730493,9.983409,9.493725,9.394834,10.693676,11.620222
3204,3204,3204,3204,3204,3204,10.837369,10.119388,9.926619,9.587613,11.05961,11.776527
3205,3205,3205,3205,3205,3205,11.016234,10.267044,10.213994,9.577694,10.440883,11.992913
3206,3206,3206,3206,3206,3206,11.150971,10.386381,10.418055,9.839404,11.084857,12.126679
3207,3207,3207,3207,3207,3207,11.226475,10.530898,10.349371,9.827297,11.544341,12.469708
3208,3208,3208,3208,3208,3208,11.416947,10.979612,10.250157,9.75123,11.394438,12.771119
3209,3209,3209,3209,3209,3209,11.599848,11.114535,10.590124,10.0321665,12.610644,13.148258
3210,3210,3210,3210,3210,3210,11.7238455,11.062584,10.974151,10.013627,13.186138,13.349603
3211,3211,3211,3211,3211,3211,12.036159,11.186866,10.731048,10.399867,13.28393,13.536368
3212,3212,3212,3212,3212,3212,12.343174,11.379817,10.884662,10.760863,13.39035,13.595732
3213,3213,3213,3213,3213,3213,12.591875,11.677413,11.318689,10.914069,12.715234,13.850788
3214,3214,3214,3214,3214,3214,12.826002,11.784232,11.609955,10.9976015,13.301719,14.057275
3215,3215,3215,3215,3215,3215,12.937981,11.924168,11.998254,11.30792,13.225572,14.269415
3216,3216,3216,3216,3216,3216,13.016636,12.225945,12.173695,11.427235,13.185441,14.482606
3217,3217,3217,3217,3217,3217,13.180309,12.225241,11.954571,11.592799,12.91837,14.533933
3218,3218,3218,3218,3218,3218,13.408016,12.540519,12.31525,11.444681,13.32054,14.68903
3219,3219,3219,3219,3219,3219,13.450689,12.627964,12.596245,11.319677,13.737118,14.663463
3220,3220,3220,3220,3220,3220,13.660494,12.8962345,12.795392,11.235154,14.430333,14.685126
3221,3221,3221,3221,3221,3221,13.879159,13.002455,12.994463,11.447699,15.283236,14.766807
3222,3222,3222,3222,3222,3222,13.845882,13.463028,13.343751,11.474525,15.968124,14.87398
3223,3223,3223,3223,3223,3223,14.020294,13.768728,14.028922,11.531134,16.57344,15.051102
3224,3224,3224,3224,3224,3224,14.254956,14.0499,14.848966,11.976488,16.406343,15.087044
3225,3225,3225,3225,3225,3225,14.668623,14.458637,15.069555,12.360537,16.510502,15.253707
3226,3226,3226,3226,3226,3226,14.867286,14.764331,15.339132,12.598326,16.33801,15.62614
3227,3227,3227,3227,3227,3227,15.12253,15.006316,15.374383,12.596975,17.233719,15.631705
3228,3228,3228,3228,3228,3228,15.385817,15.157405,15.918175,12.9099455,17.776993,15.984959
3229,3229,3229,3229,3229,3229,15.662222,15.370983,15.913496,13.078755,18.104305,16.2042
3230,3230,3230,3230,3230,3230,15.866224,15.309085,15.973497,12.956598,17.397871,16.360659
3231,3231,3231,3231,3231,3231,15.867324,15.302813,16.570814,13.074969,17.403584,16.479227
3232,3232,3232,3232,3232,3232,16.008158,15.596103,16.39255,12.9613905,17.091211,16.653645
3233,3233,3233,3233,3233,3233,16.155205,15.811986,16.475445,13.226544,17.4226,16.7783
3234,3234,3234,3234,3234,3234,16.344027,16.096529,16.652348,13.204222,17.410458,17.157682
3235,3235,3235,3235,3235,3235,16.602575,16.222532,16.814186,13.372536,17.456686,17.325396
3236,3236,3236,3236,3236,3236,16.860533,16.302187,16.946457,13.507596,17.272566,17.375486
3237,3237,3237,3237,3237,3237,17.00159,16.300833,17.19059,13.610441,16.510534,17.452257
3238,3238,3238,3238,3238,3238,17.093077,16.517418,17.330858,13.381853,15.892345,17.697908
3239,3239,3239,3239,3239,3239,17.172926,16.758316,17.325232,13.626606,15.926622,17.747068
3240,3240,3240,3240,3240,3240,17.227842,16.700092,17.610376,13.934902,16.136618,17.737263
3241,3241,3241,3241,3241,3241,17.29325,16.798979,17.573397,14.142352,15.809732,17.834776
3242,3242,3242,3242,3242,3242,17.3994,16.732578,18.132704,14.4435,15.143705,18.025635
3243,3243,3243,3243,3243,3243,17.551113,16.83808,18.392397,15.197384,16.014263,18.052435
3244,3244,3244,3244,3244,3244,17.592783,16.93892,18.249077,15.541906,16.22597,18.07114
3245,3245,3245,3245,3245,3245,17.658703,17.06542,18.348896,15.677196,16.61864,18.19884
3246,3246,3246,3246,3246,3246,17.851921,17.250343,18.762444,15.874843,16.248074,18.470623
3247,3247,3247,3247,3247,3247,17.971664,17.348553,18.850166,15.301952,16.314688,18.468033
3248,3248,3248,3248,3248,3248,17.99625,17.477274,18.877108,15.474404,16.381721,18.647373
3249,3249,3249,3249,3249,3249,18.095478,17.712309,18.770702,16.07893,16.460474,18.677237
3250,3250,3250,3250,3250,3250,18.37294,17.881165,18.853054,15.8826885,16.313429,18.82714
3251,3251,3251,3251,3251,3251,18.53431,17.954447,18.892138,16.551464,17.146803,18.814161
3252,3252,3252,3252,3252,3252,18.540928,18.029377,18.88117,16.93077,16.845112,18.882523
3253,3253,3253,3253,3253,3253,18.762205,18.223505,19.012676,18.469868,17.037798,18.917906
3254,3254,3254,3254,3254,3254,18.72355,18.262697,19.100979,18.925446,17.470043,18.925282
3255,3255,3255,3255,3255,3255,18.661882,18.4094,19.395256,18.746078,16.993412,19.179277
3256,3256,3256,3256,3256,3256,18.875242,18.515135,19.872753,19.029678,17.585161,19.210629
3257,3257,3257,3257,3257,3257,18.955492,18.69067,19.89183,19.227655,18.114906,19.371698
3258,3258,3258,3258,3258,3258,19.104519,18.889103,19.973015,18.960207,18.607447,19.493813
3259,3259,3259,3259,3259,3259,19.355106,19.00404,20.159994,18.789795,18.282574,19.541388
3260,3260,3260,3260,3260,3260,19.533968,19.19229,20.313412,19.226229,17.734457,19.678478
3261,3261,3261,3261,3261,3261,19.583021,19.40736,20.562225,19.476297,18.461504,20.068584
3262,3262,3262,3262,3262,3262,19.564445,19.870869,20.755646,19.530092,18.54777,20.166363
3263,3263,3263,3263,3263,3263,19.95287,19.92473,20.83344,19.124285,18.567598,20.237764
3264,3264,3264,3264,3264,3264,20.152582,20.018934,21.150425,19.29849,18.089981,20.372658
3265,3265,3265,3265,3265,3265,20.32596,20.009157,20.947521,19.965595,18.316301,20.537306
3266,3266,3266,3266,3266,3266,20.36409,20.226402,21.266663,19.983473,18.518936,20.65528
3267,3267,3267,3267,3267,3267,20.567474,20.177843,21.36792,20.511372,19.438877,20.667036
3268,3268,3268,3268,3268,3268,20.483572,20.052708,21.937479,20.415987,19.501883,20.928131
3269,3269,3269,3269,3269,3269,20.471622,20.823843,22.165167,20.34813,20.333708,20.935055
3270,3270,3270,3270,3270,3270,20.561102,20.97151,21.704123,20.643225,20.558699,21.112797
3271,3271,3271,3271,3271,3271,20.784216,20.832285,21.563213,20.151245,21.170938,21.231022
3272,3272,3272,3272,3272,3272,20.441246,20.697508,22.358559,20.632925,21.94077,21.356066
3273,3273,3273,3273,3273,3273,20.548916,20.972078,22.620083,19.597307,22.531948,21.476862
3274,3274,3274,3274,3274,3274,20.723127,21.212978,23.31064,19.14631,21.799473,21.71428
3275,3275,3275,3275,3275,3275,20.897984,21.410625,23.313786,17.976362,22.35831,21.7284
3276,3276,3276,3276,3276,3276,21.058529,21.579294,23.163937,17.034182,22.541132,21.773727
3277,3277,3277,3277,3277,3277,21.131891,21.646248,22.359713,15.746539,23.36576,22.067045
3278,3278,3278,3278,3278,3278,21.14055,21.751413,22.981861,15.700685,23.315632,22.126131
3279,3279,3279,3279,3279,3279,21.334759,21.768976,23.032812,15.617702,23.794556,22.164454
3280,3280,3280,3280,3280,3280,21.319338,21.952248,23.798294,15.257969,24.242588,22.43871
3281,3281,3281,3281,3281,3281,21.559633,21.846586,24.186523,14.993255,24.5805,22.534485
3282,3282,3282,3282,3282,3282,21.767962,22.071297,23.529984,14.482667,25.344646,22.50072
3283,3283,3283,3283,3283,3283,22.065096,22.371798,23.498592,14.79132,25.537718,22.488514
3284,3284,3284,3284,3284,3284,21.948494,22.290003,23.623444,15.5514555,25.574692,22.589296
3285,3285,3285,3285,3285,3285,22.076618,22.634476,24.069817,15.44486,25.362741,22.673586
3286,3286,3286,3286,3286,3286,22.339865,22.963326,23.812624,15.879361,25.908749,22.621527
3287,3287,3287,3287,3287,3287,22.292456,23.20415,23.852228,15.554398,25.185213,22.842308
3288,3288,3288,3288,3288,3288,22.320545,22.965048,24.26526,15.995202,25.64184,22.952639
3289,3289,3289,3289,3289,3289,22.408594,23.055668,24.751898,15.713109,25.687307,23.01495
3290,3290,3290,3290,3290,3290,22.482733,23.187458,24.656633,15.540554,26.275034,22.932308
3291,3291,3291,3291,3291,3291,22.679897,23.206596,25.522903,16.007975,27.125319,23.30062
3292,3292,3292,3292,3292,3292,22.68087,23.242985,25.478579,15.721417,26.695831,23.197758
3293,3293,3293,3293,3293,3293,22.892818,23.30193,25.724442,15.441059,26.738493,23.251818
3294,3294,3294,3294,3294,3294,22.9032,23.264061,24.957,15.284737,26.889019,23.341246
3295,3295,3295,3295,3295,3295,22.832981,23.46306,24.900599,15.592422,27.08358,23.318537
3296,3296,3296,3296,3296,3296,22.792559,23.498089,24.900995,15.381019,26.797274,23.262192
3297,3297,3297,3297,3297,3297,22.551125,23.43729,24.790686,15.415446,27.226164,23.325075
3298,3298,3298,3298,3298,3298,22.594881,23.49116,24.677898,15.857024,27.306393,23.354876
3299,3299,3299,3299,3299,3299,22.57753,23.513062,24.703241,15.527922,27.488457,23.322603
3300,3300,3300,3300,3300,3300,22.621443,23.527227,24.62634,15.575487,27.015598,23.380404
3301,3301,3301,3301,3301,3301,22.64946,23.56391,24.777138,15.162237,27.091742,23.413223
3302,3302,3302,3302,3302,3302,22.775326,23.343273,24.47243,15.490339,27.267838,23.361214
3303,3303,3303,3303,3303,3303,22.83917,23.393396,25.382732,15.522396,26.94103,23.443026
3304,3304,3304,3304,3304,3304,22.828428,23.326817,25.57394,15.140276,27.096817,23.552502
3305,3305,3305,3305,3305,3305,22.839039,23.369667,25.971775,14.7195215,27.149181,23.443916
3306,3306,3306,3306,3306,3306,22.980919,23.270157,25.90999,14.351887,26.939495,23.426205
3307,3307,3307,3307,3307,3307,22.953632,23.1574,25.881956,14.039819,26.837574,23.394854
3308,3308,3308,3308,3308,3308,22.909836,22.949814,26.037085,14.363453,26.810703,23.27661
3309,3309,3309,3309,3309,3309,23.046827,22.910734,26.164944,14.326878,26.773087,23.260006
3310,3310,3310,3310,3310,3310,22.980982,22.780752,25.655039,14.257461,26.154602,23.173119
3311,3311,3311,3311,3311,3311,22.933844,22.840956,25.582705,13.732657,25.511232,23.145397
3312,3312,3312,3312,3312,3312,22.730806,22.851326,25.25264,13.831528,26.051886,23.076128
3313,3313,3313,3313,3313,3313,22.508163,22.739754,25.587732,13.812515,25.416248,22.952976
3314,3314,3314,3314,3314,3314,22.46965,22.75031,25.519127,13.836473,25.167309,22.976967
3315,3315,3315,3315,3315,3315,22.148829,22.390514,24.89456,14.09363,25.409273,22.77463
3316,3316,3316,3316,3316,3316,21.896797,22.312792,24.30195,14.275225,25.158175,22.644327
3317,3317,3317,3317,3317,3317,21.775234,22.062202,24.215294,13.861616,25.48913,22.447678
3318,3318,3318,3318,3318,3318,21.648964,22.134888,23.790022,13.9118805,25.486094,22.370312
3319,3319,3319,3319,3319,3319,21.597075,21.869543,24.097363,13.854725,25.82739,22.020294
3320,3320,3320,3320,3320,3320,21.482203,21.611734,24.03707,14.111132,25.546364,21.959652
3321,3321,3321,3321,3321,3321,21.488045,21.395065,24.461115,13.988335,25.700027,21.936525
3322,3322,3322,3322,3322,3322,21.324474,21.152037,23.265186,12.897822,25.465149,21.78855
3323,3323,3323,3323,3323,3323,21.142315,20.949265,23.122585,13.155888,25.73072,21.589596
3324,3324,3324,3324,3324,3324,20.883265,20.706213,22.406435,13.05426,25.50228,21.473635
3325,3325,3325,3325,3325,3325,20.714123,20.545053,22.415998,13.137102,25.187416,21.224041
3326,3326,3326,3326,3326,3326,20.61593,20.231215,22.857853,13.061175,24.324104,21.063541
3327,3327,3327,3327,3327,3327,20.439634,19.775137,23.05912,13.196536,24.348747,20.804863
3328,3328,3328,3328,3328,3328,20.39701,19.620737,21.866302,12.823858,24.250275,20.59384
3329,3329,3329,3329,3329,3329,20.23614,19.434875,21.813898,12.435595,24.218441,20.4678
3330,3330,3330,3330,3330,3330,20.024847,19.285263,20.562328,12.267681,24.36776,20.300621
3331,3331,3331,3331,3331,3331,19.766653,19.04674,20.471579,12.391599,23.984226,20.105686
3332,3332,3332,3332,3332,3332,19.659348,18.767601,19.964273,12.254958,23.657967,19.881779
3333,3333,3333,3333,3333,3333,19.265427,18.392519,19.121035,12.053145,23.459238,19.65514
3334,3334,3334,3334,3334,3334,18.931885,18.188374,18.566267,11.720118,23.068916,19.362345
3335,3335,3335,3335,3335,3335,18.603453,17.95313,18.164337,11.893127,22.421583,19.187864
3336,3336,3336,3336,3336,3336,18.29666,17.576584,18.187946,11.818442,22.409449,18.943216
3337,3337,3337,3337,3337,3337,18.183077,17.400953,18.197515,11.461517,22.360909,18.717623
3338,3338,3338,3338,3338,3338,17.918816,17.23996,18.041655,11.219224,21.647575,18.334818
3339,3339,3339,3339,3339,3339,17.67484,16.84057,17.246223,10.824138,20.661568,17.994633
3340,3340,3340,3340,3340,3340,17.329586,16.47151,17.168058,11.071345,18.963003,17.67622
3341,3341,3341,3341,3341,3341,17.019993,16.133654,16.72756,10.788281,18.099823,17.467196
3342,3342,3342,3342,3342,3342,16.629755,15.784622,16.22486,10.307209,18.070925,17.199175
3343,3343,3343,3343,3343,3343,16.324617,15.4391365,15.751192,10.202321,17.516161,16.952547
3344,3344,3344,3344,3344,3344,15.985267,14.977356,15.653557,9.942624,16.889496,16.56374
3345,3345,3345,3345,3345,3345,15.679446,14.560516,15.242522,9.989584,17.036392,16.374987
3346,3346,3346,3346,3346,3346,15.271517,14.151756,15.513991,9.45818,16.239006,16.101305
3347,3347,3347,3347,3347,3347,14.773941,13.683605,15.294466,9.237841,16.88174,15.731728
3348,3348,3348,3348,3348,3348,14.259709,13.316739,13.60034,9.248486,15.782716,15.347369
3349,3349,3349,3349,3349,3349,13.8552885,12.819322,13.203582,9.266855,13.681108,15.004379
3350,3350,3350,3350,3350,3350,13.460432,12.491307,13.074995,9.007346,14.182359,14.689361
3351,3351,3351,3351,3351,3351,13.1254015,11.9529,12.874928,8.684557,13.851647,14.179574
3352,3352,3352,3352,3352,3352,12.665166,11.573656,12.171874,8.1242075,13.084949,13.5939455
3353,3353,3353,3353,3353,3353,12.303617,11.126595,11.493968,8.266036,12.694572,13.22963
3354,3354,3354,3354,3354,3354,12.042789,10.534361,11.126426,8.249224,12.537566,12.766586
3355,3355,3355,3355,3355,3355,11.708213,10.111101,11.191143,7.788612,13.715835,12.119888
3356,3356,3356,3356,3356,3356,11.384461,9.826381,10.714617,7.3505807,14.401243,11.54805
3357,3357,3357,3357,3357,3357,11.123277,9.497258,10.186579,6.7154007,13.64369,11.050933
3358,3358,3358,3358,3358,3358,10.684492,9.240644,9.297107,6.346902,13.453985,10.352497
3359,3359,3359,3359,3359,3359,10.366286,8.953518,9.008288,5.978072,12.517195,9.809355
3360,3360,3360,3360,3360,3360,10.027331,8.667642,8.57755,5.4991064,12.684833,9.154346
3361,3361,3361,3361,3361,3361,9.771988,8.437695,8.398406,4.9966226,11.875732,8.66559
3362,3362,3362,3362,3362,3362,9.462638,8.247345,8.300415,4.798562,11.439547,8.055285
3363,3363,3363,3363,3363,3363,9.153672,8.003714,8.079527,4.7862463,10.982574,7.554527
3364,3364,3364,3364,3364,3364,8.81519,7.638219,7.718578,4.1422834,10.612412,7.225546
3365,3365,3365,3365,3365,3365,8.45742,7.404874,7.4489655,3.9838443,9.992114,6.793341
3366,3366,3366,3366,3366,3366,8.068562,7.0692368,7.050351,3.8657222,9.600597,6.361435
3367,3367,3367,3367,3367,3367,7.704198,6.703308,6.504875,3.6934798,9.953769,5.809259
3368,3368,3368,3368,3368,3368,7.306753,6.44837,6.180375,3.5666695,9.622181,5.478109
3369,3369,3369,3369,3369,3369,6.8826966,6.0317945,5.7278495,3.5367336,9.80518,5.2171187
3370,3370,3370,3370,3370,3370,6.5044527,5.637493,5.4845624,3.4679925,9.680865,4.9397492
3371,3371,3371,3371,3371,3371,6.099367,5.1840186,5.135283,3.4037104,9.456676,4.669583
3372,3372,3372,3372,3372,3372,5.6536565,4.684422,4.624386,3.1750405,9.082855,4.3710685
3373,3373,3373,3373,3373,3373,5.23354,4.4022846,4.1472116,2.855762,8.990351,4.213871
3374,3374,3374,3374,3374,3374,4.677087,4.0710716,3.7343976,2.9610295,8.788149,4.0049753
3375,3375,3375,3375,3375,3375,4.0682907,3.6991928,3.5979278,2.7239087,8.910529,3.8099985
3376,3376,3376,3376,3376,3376,3.6497455,3.5059674,3.6156318,2.499724,8.684718,3.6367567
3377,3377,3377,3377,3377,3377,3.3492172,3.2523165,3.4780128,2.4216049,8.648073,3.5088375
3378,3378,3378,3378,3378,3378,3.1259606,2.9693038,3.2644596,2.207225,8.390744,3.4142206
3379,3379,3379,3379,3379,3379,3.050385,2.6740522,3.1506689,2.1628628,8.336795,3.089301
3380,3380,3380,3380,3380,3380,2.971048,2.3837638,2.9202306,2.066038,8.263518,2.9839501
3381,3381,3381,3381,3381,3381,2.7662833,2.103985,2.7380354,2.0781572,7.796984,2.7304525
3382,3382,3382,3382,3382,3382,2.4696913,1.8353878,2.543754,1.8900536,8.02398,2.44111
3383,3383,3383,3383,3383,3383,2.2855208,1.6284344,2.586479,1.7893908,8.290295,2.2394247
3384,3384,3384,3384,3384,3384,1.9888284,1.491396,2.3792796,1.70662,8.489654,2.0095642
3385,3385,3385,3385,3385,3385,1.7309756,1.2608443,1.8418044,1.5973233,8.846142,1.7739037
3386,3386,3386,3386,3386,3386,1.560597,1.0894536,1.9293783,1.4110453,8.6675825,1.61915
3387,3387,3387,3387,3387,3387,1.3335046,0.77464044,1.7181506,1.4114482,9.320427,1.2443413
3388,3388,3388,3388,3388,3388,1.2192916,0.6482436,1.2430708,1.2681774,9.1225,1.0355715
3389,3389,3389,3389,3389,3389,1.1322289,0.52124906,1.2743988,1.147029,8.294199,0.9466142
3390,3390,3390,3390,3390,3390,0.9914704,0.3912456,1.2092384,1.1165946,8.240052,0.7845238
3391,3391,3391,3391,3391,3391,0.76115304,0.32142654,0.8768663,1.038449,7.9297132,0.6258054
3392,3392,3392,3392,3392,3392,0.5061443,0.2523728,0.6598364,1.0348176,7.69184,0.48990574
3393,3393,3393,3393,3393,3393,0.3253428,0.08161467,0.5269554,1.0388589,7.493133,0.17887218
3394,3394,3394,3394,3394,3394,0.2052668,0.028639622,0.33908173,0.8795042,6.710322,0.026195696
3395,3395,3395,3395,3395,3395,0.021704633,-0.12922418,0.16186278,0.7291222,6.497791,-0.24632478
3396,3396,3396,3396,3396,3396,-0.17624748,-0.31635344,-0.07989651,0.6797664,6.3459444,-0.48517713
3397,3397,3397,3397,3397,3397,-0.36654356,-0.30920264,-0.29943493,0.5831056,6.2482567,-0.43501514
3398,3398,3398,3398,3398,3398,-0.5575102,-0.5458452,-0.4124442,0.46215704,6.868354,-0.6503759
3399,3399,3399,3399,3399,3399,-0.7275991,-0.59400207,-0.51289284,0.3557013,7.108259,-0.6465004
3400,3400,3400,3400,3400,3400,-0.82190925,-0.7037562,-0.586783,0.30569535,6.8682265,-0.92567134
3401,3401,3401,3401,3401,3401,-1.0852239,-0.85718185,-0.7351925,0.104272224,7.063938,-1.1229074
3402,3402,3402,3402,3402,3402,-1.3619192,-1.0144945,-0.7770984,0.04000527,6.3973837,-1.3203342
3403,3403,3403,3403,3403,3403,-1.5217959,-1.2027038,-1.0893687,-0.1417038,5.113349,-1.5195752
3404,3404,3404,3404,3404,3404,-1.67291,-1.4383242,-1.6124389,-0.08031021,5.077351,-1.615846
3405,3405,3405,3405,3405,3405,-1.8750559,-1.6102691,-1.9949447,0.018934136,4.431938,-1.9717515
3406,3406,3406,3406,3406,3406,-1.9524665,-1.6881157,-2.1823034,0.015405491,3.2482302,-2.034511
3407,3407,3407,3407,3407,3407,-2.070576,-1.8475584,-2.302806,-0.10485962,3.1703935,-2.107038
3408,3408,3408,3408,3408,3408,-2.258987,-2.013467,-2.4073114,-0.16356382,3.039601,-2.2070544
3409,3409,3409,3409,3409,3409,-2.414329,-2.2890894,-2.7260368,-0.32784906,2.8746395,-2.3829057
3410,3410,3410,3410,3410,3410,-2.516983,-2.6389284,-3.0169716,-0.13703963,2.6430838,-2.5459495
3411,3411,3411,3411,3411,3411,-2.7047775,-2.812075,-3.2209938,-0.41594228,2.5434892,-2.718366
3412,3412,3412,3412,3412,3412,-2.9053395,-3.0526474,-3.4869626,-0.4788543,2.28259,-2.9519048
3413,3413,3413,3413,3413,3413,-3.0645866,-3.2216008,-3.619619,-0.54109013,2.7101312,-3.1436179
3414,3414,3414,3414,3414,3414,-3.2226691,-3.3821323,-3.7857392,-0.69436765,3.2971783,-3.3106737
3415,3415,3415,3415,3415,3415,-3.292234,-3.4421809,-3.7402542,-0.79365385,3.4404783,-3.478092
3416,3416,3416,3416,3416,3416,-3.3687453,-3.6075811,-3.862351,-0.7443967,3.725427,-3.609643
3417,3417,3417,3417,3417,3417,-3.5104299,-3.7181213,-3.980911,-0.79222333,3.6499107,-3.7682304
3418,3418,3418,3418,3418,3418,-3.546162,-3.8670118,-3.9690762,-0.65288794,4.040299,-3.8728695
3419,3419,3419,3419,3419,3419,-3.5895271,-3.9825974,-4.051667,-0.54637027,3.1028042,-3.9717557
3420,3420,3420,3420,3420,3420,-3.7819147,-4.11465,-4.120363,-0.43208542,2.6726775,-4.061608
3421,3421,3421,3421,3421,3421,-3.9435756,-4.19411,-4.1319537,-0.483051,2.830256,-4.163333
3422,3422,3422,3422,3422,3422,-4.0792885,-4.346009,-4.158752,-0.620544,1.8119394,-4.2399764
3423,3423,3423,3423,3423,3423,-4.189123,-4.438699,-4.1515284,-0.60325724,0.57007724,-4.3617167
3424,3424,3424,3424,3424,3424,-4.2724223,-4.561085,-4.1104736,-0.50708175,-0.35994416,-4.440256
3425,3425,3425,3425,3425,3425,-4.408689,-4.676387,-4.1014047,-0.44126648,0.8782854,-4.5773797
3426,3426,3426,3426,3426,3426,-4.4635773,-4.814462,-4.0450354,-0.50231683,0.7547191,-4.6347194
3427,3427,3427,3427,3427,3427,-4.582674,-4.884799,-4.085361,-0.67232025,0.50423783,-4.6879687
3428,3428,3428,3428,3428,3428,-4.598067,-4.980855,-4.297854,-0.63897955,-0.14868803,-4.7883387
3429,3429,3429,3429,3429,3429,-4.6361747,-5.0372534,-4.26692,-0.8134725,-1.5647305,-4.818443
3430,3430,3430,3430,3430,3430,-4.6904616,-5.078121,-4.2995276,-0.7170644,-2.0306883,-4.826412
3431,3431,3431,3431,3431,3431,-4.7747083,-5.1298265,-4.457194,-0.4488369,-2.3900154,-4.8855987
3432,3432,3432,3432,3432,3432,-4.859339,-5.1330733,-4.461392,-0.25997064,-2.8582487,-4.965023
3433,3433,3433,3433,3433,3433,-4.8986053,-5.159354,-4.6782207,-0.23777765,-3.2823532,-5.031532
3434,3434,3434,3434,3434,3434,-4.9854364,-5.2075896,-4.78859,-0.2621465,-3.4548893,-5.1927533
3435,3435,3435,3435,3435,3435,-5.087046,-5.278946,-4.866137,-0.34533605,-2.9763162,-5.291971
3436,3436,3436,3436,3436,3436,-5.168961,-5.3246236,-4.8362684,-0.23423022,-3.2128985,-5.4088044
3437,3437,3437,3437,3437,3437,-5.215679,-5.3705726,-5.051611,-0.2513202,-3.1793628,-5.5649815
3438,3438,3438,3438,3438,3438,-5.334997,-5.423105,-5.140222,-0.18120107,-2.9772644,-5.615556
3439,3439,3439,3439,3439,3439,-5.4723525,-5.522823,-5.087808,-0.11339735,-2.4852915,-5.7315283
3440,3440,3440,3440,3440,3440,-5.5529914,-5.6361995,-5.231691,-0.11132994,-2.9108028,-5.7524123
3441,3441,3441,3441,3441,3441,-5.655185,-5.721235,-5.299502,-0.038244363,-3.4702537,-5.848405
3442,3442,3442,3442,3442,3442,-5.727822,-5.787216,-5.463747,0.07314577,-4.517229,-5.955893
3443,3443,3443,3443,3443,3443,-5.748048,-5.9140105,-5.290197,0.04985056,-5.202712,-6.017066
3444,3444,3444,3444,3444,3444,-5.843918,-6.001233,-5.496531,0.11203559,-4.759014,-6.0710835
3445,3445,3445,3445,3445,3445,-5.8744783,-6.064356,-5.6407723,0.25233534,-4.3887696,-6.1048326
3446,3446,3446,3446,3446,3446,-5.927873,-6.116834,-5.8363957,0.10500177,-4.429172,-6.2094727
3447,3447,3447,3447,3447,3447,-6.043141,-6.226274,-6.014335,0.07556665,-4.22244,-6.2756305
3448,3448,3448,3448,3448,3448,-6.174918,-6.292159,-6.155713,0.062304128,-5.052107,-6.351181
3449,3449,3449,3449,3449,3449,-6.194001,-6.3560023,-6.1814,-0.016274206,-4.760238,-6.4525194
3450,3450,3450,3450,3450,3450,-6.224654,-6.320575,-6.196996,-0.06907797,-4.3387265,-6.527182
3451,3451,3451,3451,3451,3451,-6.2462907,-6.3876715,-6.4658303,-0.0013054198,-4.4954796,-6.587843
3452,3452,3452,3452,3452,3452,-6.3167458,-6.446091,-6.3798203,0.061599337,-3.7645538,-6.6374283
3453,3453,3453,3453,3453,3453,-6.4186225,-6.5330863,-6.2712884,-0.14768234,-4.0920343,-6.6743574
3454,3454,3454,3454,3454,3454,-6.452743,-6.572185,-6.5161963,-0.20855512,-3.9859223,-6.6903386
3455,3455,3455,3455,3455,3455,-6.429807,-6.622437,-6.3939323,-0.20033883,-4.3711114,-6.6904297
3456,3456,3456,3456,3456,3456,-6.483509,-6.6721606,-6.4815454,-0.24896422,-4.417888,-6.734708
3457,3457,3457,3457,3457,3457,-6.530553,-6.7441406,-6.6784806,-0.21319921,-4.746165,-6.6842017
3458,3458,3458,3458,3458,3458,-6.5820713,-6.7831173,-6.7318373,-0.14749964,-4.581816,-6.7819276
3459,3459,3459,3459,3459,3459,-6.7290864,-6.8803363,-6.7963624,-0.21804823,-4.8380294,-6.7777295
3460,3460,3460,3460,3460,3460,-6.7790155,-6.98792,-6.8366575,-0.09590695,-4.8580556,-6.8076105
3461,3461,3461,3461,3461,3461,-6.7590976,-7.063095,-6.773109,-0.21508521,-5.4653034,-6.847043
3462,3462,3462,3462,3462,3462,-6.782741,-7.1123843,-6.7269936,-0.4974956,-5.0290313,-6.9162498
3463,3463,3463,3463,3463,3463,-6.8642364,-7.099763,-6.7536182,-0.28284067,-5.1675687,-6.984566
3464,3464,3464,3464,3464,3464,-6.9069567,-7.197998,-6.6661663,-0.09490163,-5.207481,-7.0240664
3465,3465,3465,3465,3465,3465,-7.040853,-7.3338556,-6.7913303,0.017249215,-5.0234427,-7.092095
3466,3466,3466,3466,3466,3466,-6.9966164,-7.3793855,-6.8858523,-0.07496943,-5.4365163,-7.1893945
3467,3467,3467,3467,3467,3467,-6.970625,-7.44607,-6.9494762,-0.14560468,-5.463912,-7.243461
3468,3468,3468,3468,3468,3468,-7.0254846,-7.4668326,-6.8838935,-0.1179151,-5.3222837,-7.3363776
3469,3469,3469,3469,3469,3469,-7.093757,-7.549488,-7.058551,-0.045400266,-5.133965,-7.3970494
3470,3470,3470,3470,3470,3470,-7.2123175,-7.6339927,-6.9227924,0.114713445,-5.6101184,-7.4420114
3471,3471,3471,3471,3471,3471,-7.2200313,-7.673813,-6.951395,0.035111014,-6.849483,-7.507281
3472,3472,3472,3472,3472,3472,-7.235258,-7.7236443,-7.1157618,-0.065400764,-7.266708,-7.533751
3473,3473,3473,3473,3473,3473,-7.2834196,-7.808366,-7.201976,-0.046219032,-6.281491,-7.5509324
3474,3474,3474,3474,3474,3474,-7.2930794,-7.8227315,-7.212157,0.021742199,-5.429071,-7.635753
3475,3475,3475,3475,3475,3475,-7.319584,-7.913563,-7.168897,0.057969518,-6.0775065,-7.6722965
3476,3476,3476,3476,3476,3476,-7.41675,-8.029725,-7.3213134,-0.041007172,-6.4958534,-7.7627997
3477,3477,3477,3477,3477,3477,-7.428293,-8.008451,-7.571153,-0.15913913,-7.4014273,-7.7739153
3478,3478,3478,3478,3478,3478,-7.4712133,-8.089611,-7.579571,-0.2725766,-7.2968574,-7.819417
3479,3479,3479,3479,3479,3479,-7.519874,-8.132572,-7.580986,-0.1513779,-7.567803,-7.8506207
3480,3480,3480,3480,3480,3480,-7.613326,-8.151315,-7.7294354,-0.036036503,-7.2236667,-7.887029
3481,3481,3481,3481,3481,3481,-7.6528645,-8.228811,-7.846726,0.15686467,-7.1203456,-7.949368
3482,3482,3482,3482,3482,3482,-7.7110157,-8.2414,-7.8794537,0.16757953,-7.3250556,-7.997683
3483,3483,3483,3483,3483,3483,-7.7587805,-8.296932,-7.7141895,-0.02995294,-7.6285586,-8.084121
3484,3484,3484,3484,3484,3484,-7.827713,-8.365649,-7.809052,0.21588989,-7.6712337,-8.161683
3485,3485,3485,3485,3485,3485,-7.9291577,-8.414383,-8.072166,0.23688333,-7.5035625,-8.23854
3486,3486,3486,3486,3486,3486,-8.055408,-8.452453,-8.178102,0.21587452,-7.609753,-8.225192
3487,3487,3487,3487,3487,3487,-8.130981,-8.45449,-8.362934,0.1270906,-7.841505,-8.274126
3488,3488,3488,3488,3488,3488,-8.164864,-8.433224,-8.333194,0.16260973,-7.879942,-8.311768
3489,3489,3489,3489,3489,3489,-8.18417,-8.5984955,-8.593211,0.18505116,-5.850206,-8.437973
3490,3490,3490,3490,3490,3490,-8.241379,-8.6104555,-8.699442,0.16169234,-5.42906,-8.40354
3491,3491,3491,3491,3491,3491,-8.313156,-8.68324,-8.591271,0.1880876,-6.729384,-8.327473
3492,3492,3492,3492,3492,3492,-8.3481655,-8.764329,-8.871722,0.11980236,-6.995989,-8.382053
3493,3493,3493,3493,3493,3493,-8.480893,-8.836796,-8.6723,0.23761374,-7.2767677,-8.447111
3494,3494,3494,3494,3494,3494,-8.57881,-8.951178,-9.026154,0.23930164,-3.9638267,-8.51849
3495,3495,3495,3495,3495,3495,-8.6487665,-8.981264,-9.1289625,0.25657603,-4.207499,-8.634105
3496,3496,3496,3496,3496,3496,-8.711109,-9.03856,-9.153138,0.24528062,-4.408664,-8.708479
3497,3497,3497,3497,3497,3497,-8.792323,-9.205795,-9.117354,0.48296052,-5.2499266,-8.78342
3498,3498,3498,3498,3498,3498,-8.79398,-9.288811,-9.171549,0.4935409,-5.3091574,-8.861159
3499,3499,3499,3499,3499,3499,-8.849139,-9.377701,-9.115355,0.44820765,-5.04963,-8.9075575
3500,3500,3500,3500,3500,3500,-9.063776,-9.786926,-9.717778,0.47326934,-3.2259529,-9.023662
3501,3501,3501,3501,3501,3501,-9.142804,-10.020336,-9.639556,0.54891795,-3.9694197,-9.1489525
3502,3502,3502,3502,3502,3502,-9.167663,-10.142065,-9.688163,0.578727,-4.7146955,-9.218387
3503,3503,3503,3503,3503,3503,-9.191917,-10.242177,-9.690655,0.3026384,-4.5371647,-9.252104
3504,3504,3504,3504,3504,3504,-9.218039,-10.329616,-9.7541895,0.19720975,-5.237576,-9.390575
3505,3505,3505,3505,3505,3505,-9.3316765,-10.409075,-9.576949,-0.12811257,-6.059897,-9.494424
3506,3506,3506,3506,3506,3506,-9.538886,-10.855989,-9.847387,0.12717086,-4.529872,-9.681474
3507,3507,3507,3507,3507,3507,-9.5859995,-10.948282,-10.203144,0.053386036,-5.1752877,-9.784865
3508,3508,3508,3508,3508,3508,-9.611973,-11.1794615,-10.375628,0.1685426,-5.8222327,-9.959346
3509,3509,3509,3509,3509,3509,-9.590519,-11.331141,-10.281262,0.10875923,-6.0341654,-10.110544
3510,3510,3510,3510,3510,3510,-9.602179,-11.546253,-10.098921,0.009305279,-6.2382407,-10.189911
3511,3511,3511,3511,3511,3511,-9.667259,-11.529305,-10.30198,-0.30255517,-6.0429745,-10.309106
3512,3512,3512,3512,3512,3512,-9.728917,-11.555875,-10.2247,-0.30046642,-6.4490166,-10.397221
3513,3513,3513,3513,3513,3513,-9.934142,-11.974018,-10.599313,-0.34293523,-6.1983767,-10.492572
3514,3514,3514,3514,3514,3514,-10.021151,-12.013416,-11.071696,-0.22051477,-6.860841,-10.599469
3515,3515,3515,3515,3515,3515,-10.097727,-12.076341,-10.998831,-0.63398963,-6.355134,-10.727448
3516,3516,3516,3516,3516,3516,-10.101771,-12.13947,-10.738485,-0.79034376,-6.3856626,-10.866095
3517,3517,3517,3517,3517,3517,-10.162792,-12.120257,-10.675263,-0.8519064,-7.380553,-10.923115
3518,3518,3518,3518,3518,3518,-10.280714,-12.363977,-10.738945,-0.8369017,-8.040264,-11.049084
3519,3519,3519,3519,3519,3519,-10.409323,-12.531749,-10.688704,-1.0593067,-7.772991,-11.216291
3520,3520,3520,3520,3520,3520,-10.636887,-12.627479,-10.916739,-1.2881848,-7.808943,-11.283494
3521,3521,3521,3521,3521,3521,-10.732198,-12.743618,-11.294015,-1.4181986,-8.395054,-11.299876
3522,3522,3522,3522,3522,3522,-10.820648,-12.926933,-11.040567,-1.3466716,-8.189354,-11.47621
3523,3523,3523,3523,3523,3523,-10.907002,-13.032342,-11.059473,-1.5669469,-8.21184,-11.471203
3524,3524,3524,3524,3524,3524,-10.97049,-13.214236,-11.307336,-1.5386187,-8.584187,-11.534211
3525,3525,3525,3525,3525,3525,-11.046383,-13.382152,-11.207953,-1.5877901,-8.720735,-11.612147
3526,3526,3526,3526,3526,3526,-11.174477,-13.385227,-11.336072,-1.6002543,-8.719167,-11.761575
3527,3527,3527,3527,3527,3527,-11.301429,-13.544285,-11.576584,-1.8460293,-8.777746,-11.8473215
3528,3528,3528,3528,3528,3528,-11.414278,-13.606533,-11.443613,-1.7687953,-9.0113735,-11.968973
3529,3529,3529,3529,3529,3529,-11.490703,-13.700445,-11.65915,-1.9505935,-9.242061,-12.008903
3530,3530,3530,3530,3530,3530,-11.530677,-13.810509,-11.874521,-2.0014222,-9.235097,-12.144147
3531,3531,3531,3531,3531,3531,-11.597166,-13.89939,-11.756509,-2.106986,-9.609128,-12.2304125
3532,3532,3532,3532,3532,3532,-11.752126,-13.95468,-11.942626,-2.228303,-9.368117,-12.246646
3533,3533,3533,3533,3533,3533,-11.891989,-14.002663,-11.939688,-2.56477,-9.248137,-12.396105
3534,3534,3534,3534,3534,3534,-11.994986,-13.995401,-12.084535,-2.4201083,-8.939201,-12.424277
3535,3535,3535,3535,3535,3535,-12.157579,-14.078662,-12.080421,-2.6259377,-9.22351,-12.44671
3536,3536,3536,3536,3536,3536,-12.23943,-14.160878,-12.447646,-2.6395009,-9.385311,-12.486095
3537,3537,3537,3537,3537,3537,-12.301748,-14.205078,-12.761151,-2.8745105,-9.406494,-12.617211
3538,3538,3538,3538,3538,3538,-12.406349,-14.2684965,-13.021121,-2.951544,-9.473146,-12.713409
3539,3539,3539,3539,3539,3539,-12.508382,-14.2224,-13.072259,-3.0862772,-9.474996,-12.769134
3540,3540,3540,3540,3540,3540,-12.606372,-14.256776,-13.24998,-3.253106,-9.265969,-12.88816
3541,3541,3541,3541,3541,3541,-12.706098,-14.289575,-13.348312,-3.2582161,-9.348343,-12.944301
3542,3542,3542,3542,3542,3542,-12.806857,-14.375294,-13.522745,-3.4121864,-8.994477,-13.05434
3543,3543,3543,3543,3543,3543,-12.876555,-14.409154,-13.886472,-3.4758122,-8.96041,-13.0917015
3544,3544,3544,3544,3544,3544,-12.960236,-14.492471,-13.826942,-3.4574347,-8.993778,-13.295821
3545,3545,3545,3545,3545,3545,-13.034317,-14.717476,-14.002583,-3.4289083,-8.788805,-13.353335
3546,3546,3546,3546,3546,3546,-13.095659,-14.7174635,-14.214976,-3.4367127,-8.870379,-13.39249
3547,3547,3547,3547,3547,3547,-13.206597,-14.867174,-14.361046,-3.5252252,-8.974515,-13.464252
3548,3548,3548,3548,3548,3548,-13.265902,-15.069398,-14.402239,-3.508808,-8.96026,-13.521397
3549,3549,3549,3549,3549,3549,-13.341108,-15.16891,-14.727096,-3.536023,-9.083671,-13.544311
3550,3550,3550,3550,3550,3550,-13.4831295,-15.156455,-14.83672,-3.3954082,-9.008426,-13.736413
3551,3551,3551,3551,3551,3551,-13.561133,-15.353752,-14.9602375,-3.3239012,-9.255267,-13.755143
3552,3552,3552,3552,3552,3552,-13.601003,-15.475832,-15.346192,-3.188893,-9.359137,-13.85617
3553,3553,3553,3553,3553,3553,-13.696576,-15.577303,-15.492217,-3.0993629,-9.502549,-13.9264
3554,3554,3554,3554,3554,3554,-13.684637,-15.499468,-15.676484,-3.1344547,-9.710747,-13.965188
3555,3555,3555,3555,3555,3555,-13.670146,-15.581198,-15.771439,-3.1389883,-9.889489,-13.982713
3556,3556,3556,3556,3556,3556,-13.715695,-15.49215,-15.818029,-2.9885046,-10.12423,-14.068866
3557,3557,3557,3557,3557,3557,-13.680602,-15.744863,-15.699613,-2.9409795,-10.510767,-14.141851
3558,3558,3558,3558,3558,3558,-13.656647,-15.70766,-15.778182,-3.004479,-10.809674,-14.181898
3559,3559,3559,3559,3559,3559,-13.804544,-15.679429,-15.951522,-2.9164941,-11.000065,-14.267947
3560,3560,3560,3560,3560,3560,-13.811965,-15.639026,-15.811754,-2.7032897,-11.116592,-14.273653
3561,3561,3561,3561,3561,3561,-13.891712,-15.5139065,-15.74567,-2.721284,-11.397465,-14.27521
3562,3562,3562,3562,3562,3562,-13.944401,-15.40809,-15.919406,-2.7438235,-11.345881,-14.352442
3563,3563,3563,3563,3563,3563,-13.953302,-15.493696,-16.029839,-2.7478883,-11.4890175,-14.325971
3564,3564,3564,3564,3564,3564,-13.993913,-15.557186,-15.909249,-2.6853604,-11.537161,-14.360089
3565,3565,3565,3565,3565,3565,-13.970616,-15.526631,-16.051537,-2.701553,-11.775327,-14.348224
3566,3566,3566,3566,3566,3566,-13.951224,-15.56058,-15.928145,-2.714393,-11.50351,-14.301782
3567,3567,3567,3567,3567,3567,-13.960844,-15.591147,-15.975711,-2.754142,-11.734621,-14.34111
3568,3568,3568,3568,3568,3568,-13.972193,-15.626213,-16.1233,-2.780101,-11.844803,-14.393421
3569,3569,3569,3569,3569,3569,-13.986193,-15.681678,-16.123148,-2.694004,-12.029775,-14.440285
3570,3570,3570,3570,3570,3570,-13.989052,-15.694712,-16.159224,-2.7354753,-11.987563,-14.549945
3571,3571,3571,3571,3571,3571,-13.944216,-15.702419,-16.337418,-2.567386,-12.0478735,-14.514588
3572,3572,3572,3572,3572,3572,-13.98483,-15.708946,-16.408209,-2.6395938,-12.063735,-14.598915
3573,3573,3573,3573,3573,3573,-14.016555,-15.689702,-16.599976,-2.620886,-12.124383,-14.579567
3574,3574,3574,3574,3574,3574,-14.053354,-15.647877,-16.594181,-2.7085745,-11.89743,-14.573017
3575,3575,3575,3575,3575,3575,-14.054234,-15.716831,-16.482292,-2.898068,-12.12271,-14.576661
3576,3576,3576,3576,3576,3576,-14.128535,-15.780533,-16.41931,-2.8058953,-12.428901,-14.669857
3577,3577,3577,3577,3577,3577,-14.127899,-15.750019,-16.503448,-2.8462012,-12.573132,-14.671647
3578,3578,3578,3578,3578,3578,-14.186615,-15.840232,-16.242619,-2.7394018,-12.429946,-14.609574
3579,3579,3579,3579,3579,3579,-14.209607,-15.825411,-16.43146,-2.701343,-12.389079,-14.607629
3580,3580,3580,3580,3580,3580,-14.25576,-15.879418,-16.343155,-2.6229444,-12.627338,-14.583935
3581,3581,3581,3581,3581,3581,-14.240195,-15.855361,-16.195656,-2.573633,-12.752832,-14.543115
3582,3582,3582,3582,3582,3582,-14.287881,-15.910416,-15.904844,-2.7863448,-12.434575,-14.480154
3583,3583,3583,3583,3583,3583,-14.279903,-15.896708,-15.887058,-2.8437235,-12.661233,-14.558162
3584,3584,3584,3584,3584,3584,-14.300139,-15.811057,-15.905466,-2.6368482,-12.792336,-14.605133
3585,3585,3585,3585,3585,3585,-14.290808,-15.84877,-15.818842,-2.860174,-12.991103,-14.510526
3586,3586,3586,3586,3586,3586,-14.2537985,-15.897859,-15.920607,-2.9743867,-12.683619,-14.489771
3587,3587,3587,3587,3587,3587,-14.228009,-15.888594,-15.846789,-3.018988,-12.798265,-14.386835
3588,3588,3588,3588,3588,3588,-14.230492,-15.899062,-15.906834,-3.050721,-12.925359,-14.367517
3589,3589,3589,3589,3589,3589,-14.210206,-16.021025,-15.970706,-3.1848478,-12.803468,-14.41129
3590,3590,3590,3590,3590,3590,-14.137877,-15.969907,-15.920866,-3.2524028,-13.020581,-14.400611
3591,3591,3591,3591,3591,3591,-14.116718,-15.940505,-15.925579,-3.2764654,-12.946815,-14.39124
3592,3592,3592,3592,3592,3592,-14.143724,-15.918261,-15.828344,-3.102207,-12.827788,-14.515651
3593,3593,3593,3593,3593,3593,-14.063137,-15.804039,-15.85072,-3.1129413,-12.787297,-14.463884
3594,3594,3594,3594,3594,3594,-14.0416355,-15.78764,-15.797402,-3.1730034,-12.899666,-14.473991
3595,3595,3595,3595,3595,3595,-14.120515,-15.773829,-15.724469,-3.2063613,-13.108256,-14.447249
3596,3596,3596,3596,3596,3596,-14.061127,-15.682112,-15.704745,-3.2011652,-13.067246,-14.486384
3597,3597,3597,3597,3597,3597,-14.038676,-15.520318,-15.49421,-3.31143,-13.063777,-14.442728
